condition_id,patient_id,snomed_code,description,onset_date
CND-1001,b5703a0c-328c-40f2-aaee-128b0c9f07b2,59621000,Essential hypertension,2013-06-25
CND-1002,b5703a0c-328c-40f2-aaee-128b0c9f07b2,44054006,Type 2 diabetes mellitus,2022-09-21
CND-1003,b5703a0c-328c-40f2-aaee-128b0c9f07b2,238131007,Overweight,2010-07-11
CND-1004,b5703a0c-328c-40f2-aaee-128b0c9f07b2,15777000,Prediabetes,2011-10-11
CND-1005,303f4cb4-fbaf-4d16-ac06-c64711f1089e,59621000,Essential hypertension,2014-11-23
CND-1006,303f4cb4-fbaf-4d16-ac06-c64711f1089e,44054006,Type 2 diabetes mellitus,2018-07-24
CND-1007,303f4cb4-fbaf-4d16-ac06-c64711f1089e,238131007,Overweight,2014-12-08
CND-1008,3eff5a6c-216f-452b-a64c-f1a86ea9e911,15777000,Prediabetes,2017-08-30
CND-1009,293af00b-7117-49e2-9849-8dbb902a834b,44054006,Type 2 diabetes mellitus,2020-10-06
CND-1010,293af00b-7117-49e2-9849-8dbb902a834b,709044004,Chronic kidney disease stage 2/3,2009-10-08
CND-1011,840bb89c-38ac-4bd9-a0b0-8dda02392079,59621000,Essential hypertension,2013-09-07
CND-1012,840bb89c-38ac-4bd9-a0b0-8dda02392079,44054006,Type 2 diabetes mellitus,2017-08-09
CND-1013,ffe3ae3b-051e-433b-98b8-d60673253d30,59621000,Essential hypertension,2021-08-15
CND-1014,ffe3ae3b-051e-433b-98b8-d60673253d30,709044004,Chronic kidney disease stage 2/3,2009-12-27
CND-1015,ffe3ae3b-051e-433b-98b8-d60673253d30,238131007,Overweight,2020-10-23
CND-1016,90688cdc-405d-41fa-9a8f-1b2ded486410,59621000,Essential hypertension,2013-05-30
CND-1017,90688cdc-405d-41fa-9a8f-1b2ded486410,44054006,Type 2 diabetes mellitus,2019-09-29
CND-1018,90688cdc-405d-41fa-9a8f-1b2ded486410,238131007,Overweight,2015-09-06
CND-1019,3adfe782-6326-4d60-8387-59fec29795e8,59621000,Essential hypertension,2015-10-14
CND-1020,3adfe782-6326-4d60-8387-59fec29795e8,238131007,Overweight,2016-06-28
CND-1021,b6f5da0f-1719-453a-8b01-0bade61eff19,59621000,Essential hypertension,2020-04-24
CND-1022,b6f5da0f-1719-453a-8b01-0bade61eff19,195967001,Asthma,2019-04-27
CND-1023,b6f5da0f-1719-453a-8b01-0bade61eff19,238131007,Overweight,2020-08-12
CND-1024,b6f5da0f-1719-453a-8b01-0bade61eff19,15777000,Prediabetes,2015-07-14
CND-1025,7ebfa09c-83f3-4af7-80a3-8b36bdf2a886,195967001,Asthma,2011-04-21
CND-1026,d420e554-5eba-43bf-b5ab-f25559ae2f35,238131007,Overweight,2017-12-01
CND-1027,68143ad9-6a80-4557-abec-099f945b8443,195967001,Asthma,2016-11-04
CND-1028,68143ad9-6a80-4557-abec-099f945b8443,709044004,Chronic kidney disease stage 2/3,2020-12-18
CND-1029,cc3854b1-10f5-48ce-aa2a-343d149c09e0,238131007,Overweight,2016-07-03
CND-1030,2cc06b57-3ee6-4b9b-920d-eff0b339cca3,44054006,Type 2 diabetes mellitus,2021-05-31
CND-1031,2cc06b57-3ee6-4b9b-920d-eff0b339cca3,709044004,Chronic kidney disease stage 2/3,2018-05-04
CND-1032,29186212-c096-4c6e-a823-7acc2de6b90e,59621000,Essential hypertension,2013-10-05
CND-1033,686d5d0b-d96a-4082-b953-9276e7ecbb1d,195967001,Asthma,2022-04-02
CND-1034,e39c5660-d364-425c-9c63-ef55cec09064,59621000,Essential hypertension,2012-07-28
CND-1035,2630e5d9-fcc6-45ba-b81c-e07db3d0657f,59621000,Essential hypertension,2021-08-21
CND-1036,2630e5d9-fcc6-45ba-b81c-e07db3d0657f,709044004,Chronic kidney disease stage 2/3,2012-03-28
CND-1037,2630e5d9-fcc6-45ba-b81c-e07db3d0657f,13645005,Chronic obstructive pulmonary disease,2015-07-09
CND-1038,c1b8f1eb-ecee-4a5b-906e-fb3354f183bb,238131007,Overweight,2020-08-18
CND-1039,8bdce2ab-8ab7-4028-8cc6-0efd20189994,709044004,Chronic kidney disease stage 2/3,2020-06-14
CND-1040,8bdce2ab-8ab7-4028-8cc6-0efd20189994,238131007,Overweight,2013-08-05
CND-1041,e5306f69-1913-4032-b9ed-97965bce62ec,59621000,Essential hypertension,2016-09-13
CND-1042,8d9c04ef-8a02-4015-98a3-314cb7d6a16d,59621000,Essential hypertension,2018-08-06
CND-1043,8d9c04ef-8a02-4015-98a3-314cb7d6a16d,238131007,Overweight,2021-11-05
CND-1044,a12d7c9b-5103-4e4d-a14d-2a021851bdda,238131007,Overweight,2020-05-06
CND-1045,a3cb3745-e7eb-4dff-802a-3e61797da617,59621000,Essential hypertension,2020-09-22
CND-1046,a3cb3745-e7eb-4dff-802a-3e61797da617,709044004,Chronic kidney disease stage 2/3,2010-05-16
CND-1047,a3cb3745-e7eb-4dff-802a-3e61797da617,15777000,Prediabetes,2012-09-14
CND-1048,1c369115-f014-4147-9253-a129b5dd9b3a,59621000,Essential hypertension,2011-10-03
CND-1049,1c369115-f014-4147-9253-a129b5dd9b3a,709044004,Chronic kidney disease stage 2/3,2010-10-04
CND-1050,7d3f2014-6aa0-4dc4-8d5a-bf687d61e952,59621000,Essential hypertension,2011-08-20
CND-1051,7d3f2014-6aa0-4dc4-8d5a-bf687d61e952,238131007,Overweight,2010-07-27
CND-1052,7d3f2014-6aa0-4dc4-8d5a-bf687d61e952,15777000,Prediabetes,2022-10-11
CND-1053,3239d510-0193-42cc-908c-e28e90819a96,44054006,Type 2 diabetes mellitus,2009-12-29
CND-1054,3239d510-0193-42cc-908c-e28e90819a96,238131007,Overweight,2022-07-25
CND-1055,a582f06a-27f9-4162-b99d-670e77d9e273,44054006,Type 2 diabetes mellitus,2019-06-27
CND-1056,7cf62504-552b-4143-871f-895dae01df01,44054006,Type 2 diabetes mellitus,2019-04-05
CND-1057,7cf62504-552b-4143-871f-895dae01df01,238131007,Overweight,2010-05-09
CND-1058,f5204093-0bf6-428d-9f74-ca9cfd1a677a,59621000,Essential hypertension,2011-08-09
CND-1059,f5204093-0bf6-428d-9f74-ca9cfd1a677a,195967001,Asthma,2017-12-05
CND-1060,f5204093-0bf6-428d-9f74-ca9cfd1a677a,238131007,Overweight,2021-06-06
CND-1061,58e85094-8583-4004-b7d3-df287de6de9f,59621000,Essential hypertension,2013-04-30
CND-1062,58e85094-8583-4004-b7d3-df287de6de9f,44054006,Type 2 diabetes mellitus,2017-08-21
CND-1063,9b04f786-b5d1-4ebb-a542-5cd0460d5567,59621000,Essential hypertension,2021-06-09
CND-1064,80ae1bc1-3ba9-4ef5-ac37-7bc285901307,709044004,Chronic kidney disease stage 2/3,2014-11-05
CND-1065,eadd693c-6a50-44a6-becb-648a76643185,44054006,Type 2 diabetes mellitus,2015-03-21
CND-1066,eadd693c-6a50-44a6-becb-648a76643185,15777000,Prediabetes,2014-04-09
CND-1067,cbde4aed-62fe-4c12-8a8a-24b0d2975ef3,59621000,Essential hypertension,2011-07-07
CND-1068,02d8f72e-dd6e-46e4-8406-b682b4e873ed,59621000,Essential hypertension,2022-11-17
CND-1069,02d8f72e-dd6e-46e4-8406-b682b4e873ed,195967001,Asthma,2018-07-06
CND-1070,02d8f72e-dd6e-46e4-8406-b682b4e873ed,15777000,Prediabetes,2019-05-11
CND-1071,70c15c7d-b5f0-4dbd-8a14-0b35dc6dd151,238131007,Overweight,2009-09-24
CND-1072,3481180c-b8e7-40ba-9fba-b18c325b66ed,44054006,Type 2 diabetes mellitus,2021-07-21
CND-1073,3481180c-b8e7-40ba-9fba-b18c325b66ed,709044004,Chronic kidney disease stage 2/3,2022-09-02
CND-1074,1948d839-369c-4d5d-9f18-6566e2500a21,195967001,Asthma,2022-10-01
CND-1075,1948d839-369c-4d5d-9f18-6566e2500a21,238131007,Overweight,2019-06-03
CND-1076,1948d839-369c-4d5d-9f18-6566e2500a21,15777000,Prediabetes,2020-12-08
CND-1077,8cc8f19a-0f12-49f2-80ff-56063e5a006d,59621000,Essential hypertension,2018-07-06
CND-1078,a11c3121-35b4-4819-b60b-9bfb791b5bed,59621000,Essential hypertension,2022-03-12
CND-1079,a11c3121-35b4-4819-b60b-9bfb791b5bed,195967001,Asthma,2010-03-22
CND-1080,d74391a0-bc25-4a91-9f67-da300fb984c0,709044004,Chronic kidney disease stage 2/3,2022-11-03
CND-1081,db0a910e-9b7a-4498-829d-ab3f6767a9cf,59621000,Essential hypertension,2011-09-15
CND-1082,db0a910e-9b7a-4498-829d-ab3f6767a9cf,195967001,Asthma,2022-09-27
CND-1083,db0a910e-9b7a-4498-829d-ab3f6767a9cf,709044004,Chronic kidney disease stage 2/3,2019-03-19
CND-1084,db0a910e-9b7a-4498-829d-ab3f6767a9cf,238131007,Overweight,2016-09-01
CND-1085,db0a910e-9b7a-4498-829d-ab3f6767a9cf,15777000,Prediabetes,2013-08-15
CND-1086,3bf941c8-f1d0-4096-8a9d-acbda9ec3b26,59621000,Essential hypertension,2017-11-07
CND-1087,3bf941c8-f1d0-4096-8a9d-acbda9ec3b26,238131007,Overweight,2021-04-19
CND-1088,397f6174-c4ec-4a6d-bb37-666189a00a4d,59621000,Essential hypertension,2022-12-22
CND-1089,d1889caf-d397-49d9-bb33-b017a252cf9d,59621000,Essential hypertension,2013-07-24
CND-1090,d1889caf-d397-49d9-bb33-b017a252cf9d,44054006,Type 2 diabetes mellitus,2015-05-11
CND-1091,d1889caf-d397-49d9-bb33-b017a252cf9d,195967001,Asthma,2014-05-11
CND-1092,d1889caf-d397-49d9-bb33-b017a252cf9d,709044004,Chronic kidney disease stage 2/3,2021-11-16
CND-1093,264b4b78-fe67-4b82-9807-22d36ecc5e55,59621000,Essential hypertension,2020-07-06
CND-1094,7b1cd5fb-b4c6-4f78-9b3c-ce55bf316ce1,195967001,Asthma,2020-07-23
CND-1095,b84e3259-469c-46d3-a2af-4de063132bea,238131007,Overweight,2011-06-21
CND-1096,8f0712b0-6d32-4c55-b55b-262cdfc6dc1a,195967001,Asthma,2015-08-01
CND-1097,8f0712b0-6d32-4c55-b55b-262cdfc6dc1a,238131007,Overweight,2021-07-29
CND-1098,d1980693-dcdc-4111-b692-2a3da2727cc7,195967001,Asthma,2011-09-07
CND-1099,d1980693-dcdc-4111-b692-2a3da2727cc7,709044004,Chronic kidney disease stage 2/3,2021-08-06
CND-1100,2c187a37-5e82-4649-a10a-062f9730f36e,59621000,Essential hypertension,2013-05-04
CND-1101,2c187a37-5e82-4649-a10a-062f9730f36e,195967001,Asthma,2019-03-30
CND-1102,2c187a37-5e82-4649-a10a-062f9730f36e,709044004,Chronic kidney disease stage 2/3,2019-07-19
CND-1103,28a89166-14c6-4efc-949b-56eb37278b44,44054006,Type 2 diabetes mellitus,2014-11-30
CND-1104,37fb4579-8761-4804-b186-c5ecee2a43e8,59621000,Essential hypertension,2022-08-17
CND-1105,37fb4579-8761-4804-b186-c5ecee2a43e8,13645005,Chronic obstructive pulmonary disease,2020-08-26
CND-1106,427e6a1f-ae7c-43ed-8536-9de50057fa44,195967001,Asthma,2022-09-18
CND-1107,7bcf93e6-c358-4082-9013-9dc40f6b77e4,59621000,Essential hypertension,2022-12-20
CND-1108,7bcf93e6-c358-4082-9013-9dc40f6b77e4,238131007,Overweight,2019-11-07
CND-1109,a933ea5b-bbd6-4fa1-93cf-e700c8c54835,59621000,Essential hypertension,2019-09-08
CND-1110,a933ea5b-bbd6-4fa1-93cf-e700c8c54835,44054006,Type 2 diabetes mellitus,2016-04-15
CND-1111,a933ea5b-bbd6-4fa1-93cf-e700c8c54835,195967001,Asthma,2022-09-11
CND-1112,a933ea5b-bbd6-4fa1-93cf-e700c8c54835,238131007,Overweight,2014-10-06
CND-1113,94c72657-573e-4bcd-b7a6-7d8426c73902,59621000,Essential hypertension,2013-08-02
CND-1114,94c72657-573e-4bcd-b7a6-7d8426c73902,44054006,Type 2 diabetes mellitus,2017-10-14
CND-1115,dd4037b4-e514-4f8b-aeac-c34a8a1c81ee,59621000,Essential hypertension,2021-03-28
CND-1116,dd4037b4-e514-4f8b-aeac-c34a8a1c81ee,195967001,Asthma,2016-06-28
CND-1117,45943c42-fb9e-4395-98b6-8ef40644ef87,195967001,Asthma,2014-12-19
CND-1118,cd7b0364-9eef-4365-97a8-21addaf532a8,15777000,Prediabetes,2020-09-03
CND-1119,a3ad0d9f-3f89-47be-ab1c-5bbbafd90fe8,59621000,Essential hypertension,2012-03-29
CND-1120,7946e678-52f8-427e-952f-9acccef8613f,59621000,Essential hypertension,2013-04-12
CND-1121,7946e678-52f8-427e-952f-9acccef8613f,238131007,Overweight,2011-12-14
CND-1122,4059349b-568c-4b9b-9e82-ef10c67cb626,195967001,Asthma,2019-10-16
CND-1123,3e995be9-b065-46f0-ac7c-0ff29957da95,44054006,Type 2 diabetes mellitus,2015-08-30
CND-1124,3e995be9-b065-46f0-ac7c-0ff29957da95,709044004,Chronic kidney disease stage 2/3,2020-10-01
CND-1125,e05b632d-bda6-4fed-ac6e-d15775b158bb,59621000,Essential hypertension,2019-12-01
CND-1126,e05b632d-bda6-4fed-ac6e-d15775b158bb,238131007,Overweight,2014-08-23
CND-1127,e05b632d-bda6-4fed-ac6e-d15775b158bb,15777000,Prediabetes,2020-09-08
CND-1128,58332744-a730-46ff-bc49-b37556413194,59621000,Essential hypertension,2022-03-23
CND-1129,58332744-a730-46ff-bc49-b37556413194,195967001,Asthma,2009-11-18
CND-1130,3564af5e-ffa4-443c-a016-39a7f71530da,195967001,Asthma,2015-07-19
CND-1131,3564af5e-ffa4-443c-a016-39a7f71530da,709044004,Chronic kidney disease stage 2/3,2016-05-18
CND-1132,3564af5e-ffa4-443c-a016-39a7f71530da,238131007,Overweight,2016-06-07
CND-1133,e74196c9-33ef-47fb-97ab-9c2e0229654f,59621000,Essential hypertension,2011-05-18
CND-1134,76062597-c14e-44da-9c80-47b2cf361afc,59621000,Essential hypertension,2010-03-14
CND-1135,01a9c68c-a4d3-4d6f-884a-52d5995c1231,59621000,Essential hypertension,2015-08-12
CND-1136,01a9c68c-a4d3-4d6f-884a-52d5995c1231,195967001,Asthma,2013-12-22
CND-1137,3534a1fe-9f20-4ff8-9176-26bafb5edccf,238131007,Overweight,2015-03-14
CND-1138,3534a1fe-9f20-4ff8-9176-26bafb5edccf,15777000,Prediabetes,2019-04-30
CND-1139,0cf45760-d5bc-486a-b04e-92ab9c460eec,238131007,Overweight,2022-04-03
CND-1140,d0057325-4726-4461-a8f3-8135d85c52ca,59621000,Essential hypertension,2018-07-28
CND-1141,d0057325-4726-4461-a8f3-8135d85c52ca,44054006,Type 2 diabetes mellitus,2022-04-21
CND-1142,d0057325-4726-4461-a8f3-8135d85c52ca,15777000,Prediabetes,2017-08-09
CND-1143,52550be4-a4ab-4b5b-bf46-dcedab34aa05,59621000,Essential hypertension,2011-09-26
CND-1144,52550be4-a4ab-4b5b-bf46-dcedab34aa05,195967001,Asthma,2010-09-22
CND-1145,52550be4-a4ab-4b5b-bf46-dcedab34aa05,238131007,Overweight,2011-05-01
CND-1146,04f6d10f-01c6-41df-89c4-c1cf541bb7ce,13645005,Chronic obstructive pulmonary disease,2017-09-18
CND-1147,04f6d10f-01c6-41df-89c4-c1cf541bb7ce,238131007,Overweight,2011-06-27
CND-1148,3e1f7600-69b6-4d6c-b035-e991b5a45ba9,44054006,Type 2 diabetes mellitus,2012-10-19
CND-1149,3e1f7600-69b6-4d6c-b035-e991b5a45ba9,238131007,Overweight,2017-07-29
CND-1150,3e1f7600-69b6-4d6c-b035-e991b5a45ba9,15777000,Prediabetes,2022-04-17
CND-1151,1506bff9-8cdc-44ed-a18c-00191fba5443,59621000,Essential hypertension,2010-04-20
CND-1152,1506bff9-8cdc-44ed-a18c-00191fba5443,44054006,Type 2 diabetes mellitus,2010-07-27
CND-1153,1506bff9-8cdc-44ed-a18c-00191fba5443,238131007,Overweight,2018-01-01
CND-1154,d9d69ba3-9479-45ff-8eac-27092dc06940,44054006,Type 2 diabetes mellitus,2016-06-13
CND-1155,d9d69ba3-9479-45ff-8eac-27092dc06940,195967001,Asthma,2009-11-07
CND-1156,c8d47fd4-ed4f-406f-a115-13c8fa75e582,44054006,Type 2 diabetes mellitus,2010-08-04
CND-1157,3044829d-0d22-41cd-85fc-2d2833310ff4,59621000,Essential hypertension,2010-10-28
CND-1158,3044829d-0d22-41cd-85fc-2d2833310ff4,238131007,Overweight,2015-10-30
CND-1159,dee7fdab-1118-411c-a5d8-89b272da3a0f,238131007,Overweight,2020-07-15
CND-1160,dee7fdab-1118-411c-a5d8-89b272da3a0f,15777000,Prediabetes,2016-12-24
CND-1161,0f263478-0e9b-4417-99bb-569ef0c125a9,44054006,Type 2 diabetes mellitus,2018-10-29
CND-1162,0f263478-0e9b-4417-99bb-569ef0c125a9,13645005,Chronic obstructive pulmonary disease,2010-08-08
CND-1163,0f263478-0e9b-4417-99bb-569ef0c125a9,238131007,Overweight,2009-12-19
CND-1164,28f7b8f3-25a5-48e9-8302-a180c886bb33,59621000,Essential hypertension,2015-03-24
CND-1165,28f7b8f3-25a5-48e9-8302-a180c886bb33,44054006,Type 2 diabetes mellitus,2022-06-17
CND-1166,28f7b8f3-25a5-48e9-8302-a180c886bb33,238131007,Overweight,2020-05-28
CND-1167,be309afc-b0c8-4409-8857-4e3599c49602,59621000,Essential hypertension,2014-10-30
CND-1168,be309afc-b0c8-4409-8857-4e3599c49602,238131007,Overweight,2022-12-22
CND-1169,c25bcdbe-e860-4008-b6d4-2b2f8c548215,59621000,Essential hypertension,2011-05-25
CND-1170,c25bcdbe-e860-4008-b6d4-2b2f8c548215,44054006,Type 2 diabetes mellitus,2014-12-06
CND-1171,c25bcdbe-e860-4008-b6d4-2b2f8c548215,195967001,Asthma,2018-03-24
CND-1172,c25bcdbe-e860-4008-b6d4-2b2f8c548215,15777000,Prediabetes,2019-10-11
CND-1173,16df3cdd-f1e4-4133-9acb-0f053585b411,44054006,Type 2 diabetes mellitus,2020-11-18
CND-1174,16df3cdd-f1e4-4133-9acb-0f053585b411,15777000,Prediabetes,2010-07-18
CND-1175,d33fdc05-0cd7-497d-9374-d478d12f32ad,44054006,Type 2 diabetes mellitus,2012-11-25
CND-1176,d33fdc05-0cd7-497d-9374-d478d12f32ad,238131007,Overweight,2017-03-25
CND-1177,d33fdc05-0cd7-497d-9374-d478d12f32ad,15777000,Prediabetes,2010-05-01
CND-1178,e146d334-d279-4401-8de2-03dd18294661,59621000,Essential hypertension,2010-11-26
CND-1179,e146d334-d279-4401-8de2-03dd18294661,709044004,Chronic kidney disease stage 2/3,2014-07-23
CND-1180,e146d334-d279-4401-8de2-03dd18294661,238131007,Overweight,2013-10-18
CND-1181,dc62bb85-980d-4f7b-b2e9-413ecd6026c8,709044004,Chronic kidney disease stage 2/3,2014-07-06
CND-1182,dc62bb85-980d-4f7b-b2e9-413ecd6026c8,15777000,Prediabetes,2019-07-14
CND-1183,70d6db5a-7a4d-464f-9c3b-af7d259f8a52,59621000,Essential hypertension,2022-05-24
CND-1184,70d6db5a-7a4d-464f-9c3b-af7d259f8a52,44054006,Type 2 diabetes mellitus,2013-05-11
CND-1185,70d6db5a-7a4d-464f-9c3b-af7d259f8a52,238131007,Overweight,2012-12-11
CND-1186,70d6db5a-7a4d-464f-9c3b-af7d259f8a52,15777000,Prediabetes,2020-07-15
CND-1187,c8c31654-e0c9-429b-b56f-742ef2e68e67,59621000,Essential hypertension,2019-08-26
CND-1188,c8c31654-e0c9-429b-b56f-742ef2e68e67,15777000,Prediabetes,2017-08-16
CND-1189,dbeb0f61-703e-4ffd-a0ea-19a8b1744248,59621000,Essential hypertension,2022-07-05
CND-1190,dbeb0f61-703e-4ffd-a0ea-19a8b1744248,195967001,Asthma,2014-03-25
CND-1191,5008e873-24c9-47df-878a-eba07964a538,59621000,Essential hypertension,2021-03-08
CND-1192,cfc1341a-513b-4fba-9cfa-186400faa5ff,59621000,Essential hypertension,2017-06-21
CND-1193,cfc1341a-513b-4fba-9cfa-186400faa5ff,195967001,Asthma,2017-04-01
CND-1194,ed4e1bc7-72d0-4319-9ff5-7d9941003439,59621000,Essential hypertension,2011-12-16
CND-1195,ed4e1bc7-72d0-4319-9ff5-7d9941003439,709044004,Chronic kidney disease stage 2/3,2018-09-02
CND-1196,622d3568-35f3-4ccb-bfff-3c9cf736f773,59621000,Essential hypertension,2014-04-23
CND-1197,bfc5d028-7dfc-480e-ba91-974c1769b9cb,59621000,Essential hypertension,2009-11-14
CND-1198,80fc5ac0-b7ee-40e7-96e0-b05ca12158dd,59621000,Essential hypertension,2021-11-26
CND-1199,80fc5ac0-b7ee-40e7-96e0-b05ca12158dd,238131007,Overweight,2010-04-01
CND-1200,643081ab-0052-46af-a0ff-c75ccaf5a89a,44054006,Type 2 diabetes mellitus,2015-04-09
CND-1201,643081ab-0052-46af-a0ff-c75ccaf5a89a,238131007,Overweight,2018-09-25
CND-1202,b0decfdb-4b5f-486d-b8f5-c185ac64ff5d,59621000,Essential hypertension,2009-11-23
CND-1203,b0decfdb-4b5f-486d-b8f5-c185ac64ff5d,238131007,Overweight,2010-10-03
CND-1204,b0decfdb-4b5f-486d-b8f5-c185ac64ff5d,15777000,Prediabetes,2017-10-04
CND-1205,fbfe95ae-4bca-4292-89b4-9cb87731d311,59621000,Essential hypertension,2017-06-24
CND-1206,fbfe95ae-4bca-4292-89b4-9cb87731d311,238131007,Overweight,2012-05-01
CND-1207,606eea14-1857-42ba-b884-78d8632d88ca,59621000,Essential hypertension,2015-11-26
CND-1208,606eea14-1857-42ba-b884-78d8632d88ca,44054006,Type 2 diabetes mellitus,2014-01-01
CND-1209,606eea14-1857-42ba-b884-78d8632d88ca,195967001,Asthma,2017-10-28
CND-1210,606eea14-1857-42ba-b884-78d8632d88ca,238131007,Overweight,2014-09-19
CND-1211,1dc570ba-385d-4fb0-a38a-9d15869a38fb,195967001,Asthma,2018-06-05
CND-1212,dabb0137-a5f9-48e0-bd97-b2976e37ca34,195967001,Asthma,2022-10-01
CND-1213,e9b25d71-78af-4768-87f9-1933f49d8f75,44054006,Type 2 diabetes mellitus,2012-05-01
CND-1214,e9b25d71-78af-4768-87f9-1933f49d8f75,238131007,Overweight,2020-05-11
CND-1215,389eb323-0c6e-45c4-9281-7a5a855e9783,59621000,Essential hypertension,2016-05-09
CND-1216,96cc6a63-db27-488b-ac73-9119ce15dd2f,59621000,Essential hypertension,2018-07-11
CND-1217,96cc6a63-db27-488b-ac73-9119ce15dd2f,44054006,Type 2 diabetes mellitus,2016-09-19
CND-1218,96cc6a63-db27-488b-ac73-9119ce15dd2f,238131007,Overweight,2012-04-30
CND-1219,96cc6a63-db27-488b-ac73-9119ce15dd2f,15777000,Prediabetes,2022-03-20
CND-1220,7149d021-9637-4794-901c-ba6f8bd3effc,59621000,Essential hypertension,2017-03-23
CND-1221,70ecd46e-a645-427d-98d2-f7c6503fb05c,15777000,Prediabetes,2022-09-29
CND-1222,1e6dc1a5-2aa8-4dc8-ad5c-5db5095035e6,59621000,Essential hypertension,2017-10-18
CND-1223,0c431dbc-d390-4184-9943-73a0e03ee7fa,59621000,Essential hypertension,2016-10-28
CND-1224,0c431dbc-d390-4184-9943-73a0e03ee7fa,13645005,Chronic obstructive pulmonary disease,2022-10-13
CND-1225,0c431dbc-d390-4184-9943-73a0e03ee7fa,238131007,Overweight,2021-12-14
CND-1226,508540f5-eca2-4854-a313-9102317a5eb3,59621000,Essential hypertension,2016-07-14
CND-1227,508540f5-eca2-4854-a313-9102317a5eb3,44054006,Type 2 diabetes mellitus,2009-12-17
CND-1228,508540f5-eca2-4854-a313-9102317a5eb3,709044004,Chronic kidney disease stage 2/3,2010-05-23
CND-1229,508540f5-eca2-4854-a313-9102317a5eb3,15777000,Prediabetes,2022-08-04
CND-1230,9d08e8c1-69e5-47d7-90d3-4470cf780f03,44054006,Type 2 diabetes mellitus,2012-08-27
CND-1231,0b143f11-ea19-411d-b869-026fcbdb2ac1,59621000,Essential hypertension,2018-07-03
CND-1232,b491268f-861d-47db-881d-b27be91f21d2,59621000,Essential hypertension,2018-07-29
CND-1233,b491268f-861d-47db-881d-b27be91f21d2,44054006,Type 2 diabetes mellitus,2009-09-27
CND-1234,90dec6fc-a825-4c9a-9e6c-57bcba07ebc3,59621000,Essential hypertension,2017-08-19
CND-1235,90dec6fc-a825-4c9a-9e6c-57bcba07ebc3,238131007,Overweight,2014-10-13
CND-1236,b3859934-305d-4f15-9664-54f8b958d8c0,13645005,Chronic obstructive pulmonary disease,2021-07-06
CND-1237,b3859934-305d-4f15-9664-54f8b958d8c0,238131007,Overweight,2014-03-16
CND-1238,857bef43-29b9-4736-9670-5155eda98e79,44054006,Type 2 diabetes mellitus,2014-06-26
CND-1239,857bef43-29b9-4736-9670-5155eda98e79,195967001,Asthma,2010-05-25
CND-1240,7cf6cb92-71f4-49ae-ad11-f1f979da70f3,44054006,Type 2 diabetes mellitus,2022-05-22
CND-1241,75f85b70-668b-44fe-be11-01751e518186,59621000,Essential hypertension,2012-07-18
CND-1242,75f85b70-668b-44fe-be11-01751e518186,238131007,Overweight,2019-10-29
CND-1243,1e795ac5-1ade-465f-a541-2355148d6c6e,195967001,Asthma,2022-10-10
CND-1244,0839a983-996a-4ad3-8ca9-a633a3ba45b4,44054006,Type 2 diabetes mellitus,2017-12-13
CND-1245,4858b119-1103-4154-a7ad-d99c755c711d,59621000,Essential hypertension,2010-05-10
CND-1246,757afb51-f14e-475d-b9d3-ef8e70b55960,195967001,Asthma,2014-10-28
CND-1247,0c4dd188-aae9-4d24-9eee-61dce79fbf9b,59621000,Essential hypertension,2016-08-15
CND-1248,0c4dd188-aae9-4d24-9eee-61dce79fbf9b,44054006,Type 2 diabetes mellitus,2022-11-13
CND-1249,0c4dd188-aae9-4d24-9eee-61dce79fbf9b,238131007,Overweight,2015-03-30
CND-1250,0c4dd188-aae9-4d24-9eee-61dce79fbf9b,15777000,Prediabetes,2022-03-10
CND-1251,3740dd98-c793-4ef2-828b-00942f3f3d47,59621000,Essential hypertension,2022-11-26
CND-1252,3740dd98-c793-4ef2-828b-00942f3f3d47,195967001,Asthma,2016-05-11
CND-1253,3740dd98-c793-4ef2-828b-00942f3f3d47,238131007,Overweight,2017-03-13
CND-1254,3740dd98-c793-4ef2-828b-00942f3f3d47,15777000,Prediabetes,2019-10-07
CND-1255,a815f0d5-9511-4900-bdc9-0728663c6591,59621000,Essential hypertension,2015-06-07
CND-1256,a94d8370-89d5-48a1-a217-ac34039d2d87,59621000,Essential hypertension,2021-12-17
CND-1257,08448531-1f90-4e18-935c-c971cccc57d5,59621000,Essential hypertension,2015-10-08
CND-1258,08448531-1f90-4e18-935c-c971cccc57d5,44054006,Type 2 diabetes mellitus,2018-07-05
CND-1259,08448531-1f90-4e18-935c-c971cccc57d5,709044004,Chronic kidney disease stage 2/3,2013-10-06
CND-1260,08448531-1f90-4e18-935c-c971cccc57d5,238131007,Overweight,2016-08-27
CND-1261,70ebcd37-0c28-41bc-88a6-8f56b0746862,44054006,Type 2 diabetes mellitus,2013-07-25
CND-1262,70ebcd37-0c28-41bc-88a6-8f56b0746862,238131007,Overweight,2016-04-28
CND-1263,1262cf78-4cf9-4b28-927e-73e2de30bb69,59621000,Essential hypertension,2012-05-11
CND-1264,1262cf78-4cf9-4b28-927e-73e2de30bb69,15777000,Prediabetes,2020-08-04
CND-1265,57fa7b78-71e2-4c58-b90a-efd3b3234249,709044004,Chronic kidney disease stage 2/3,2018-06-09
CND-1266,248726af-1cab-424b-abf7-3c320170cb0c,238131007,Overweight,2019-11-15
CND-1267,3c49b441-0db6-4d54-b558-1ce5e1c38e4b,195967001,Asthma,2019-09-18
CND-1268,19c8e0a5-fe3f-4587-b8ac-c2851690c94b,59621000,Essential hypertension,2012-09-10
CND-1269,aea578b0-2cda-45ef-a6e3-92cc677f3d05,238131007,Overweight,2019-05-01
CND-1270,8e3faca9-3329-4f3a-a2c5-41c8242eea98,59621000,Essential hypertension,2019-07-18
CND-1271,8e3faca9-3329-4f3a-a2c5-41c8242eea98,195967001,Asthma,2016-12-21
CND-1272,8e3faca9-3329-4f3a-a2c5-41c8242eea98,709044004,Chronic kidney disease stage 2/3,2016-06-17
CND-1273,8e3faca9-3329-4f3a-a2c5-41c8242eea98,13645005,Chronic obstructive pulmonary disease,2018-05-22
CND-1274,f65a9108-5e0e-48a3-b985-cfc0705c6f7e,59621000,Essential hypertension,2012-11-30
CND-1275,f65a9108-5e0e-48a3-b985-cfc0705c6f7e,44054006,Type 2 diabetes mellitus,2015-06-22
CND-1276,732ced64-fa1d-40ca-a1d1-89bcb9ada19f,44054006,Type 2 diabetes mellitus,2018-06-23
CND-1277,732ced64-fa1d-40ca-a1d1-89bcb9ada19f,709044004,Chronic kidney disease stage 2/3,2015-12-06
CND-1278,732ced64-fa1d-40ca-a1d1-89bcb9ada19f,238131007,Overweight,2018-08-24
CND-1279,ab7506c1-01e5-464a-89c9-959f62ddb8bb,44054006,Type 2 diabetes mellitus,2011-07-10
CND-1280,ab7506c1-01e5-464a-89c9-959f62ddb8bb,195967001,Asthma,2019-06-04
CND-1281,ab7506c1-01e5-464a-89c9-959f62ddb8bb,709044004,Chronic kidney disease stage 2/3,2019-06-27
CND-1282,6d661122-5e21-4cb7-9cd1-a876bb047bcf,195967001,Asthma,2021-03-08
CND-1283,02f15c85-c37f-43fa-821c-e059aa01ff10,59621000,Essential hypertension,2017-12-04
CND-1284,02f15c85-c37f-43fa-821c-e059aa01ff10,44054006,Type 2 diabetes mellitus,2010-10-15
CND-1285,02f15c85-c37f-43fa-821c-e059aa01ff10,709044004,Chronic kidney disease stage 2/3,2022-11-24
CND-1286,02f15c85-c37f-43fa-821c-e059aa01ff10,238131007,Overweight,2016-04-07
CND-1287,85ef1297-fc13-4243-a437-80906dee7703,44054006,Type 2 diabetes mellitus,2019-03-19
CND-1288,8b648992-c9e3-46dc-a400-304e60feaf34,59621000,Essential hypertension,2022-11-04
CND-1289,8b648992-c9e3-46dc-a400-304e60feaf34,709044004,Chronic kidney disease stage 2/3,2010-04-12
CND-1290,43103a30-a5e0-44a5-ba5e-67c83996f8a8,59621000,Essential hypertension,2021-08-29
CND-1291,43103a30-a5e0-44a5-ba5e-67c83996f8a8,709044004,Chronic kidney disease stage 2/3,2021-07-12
CND-1292,43103a30-a5e0-44a5-ba5e-67c83996f8a8,15777000,Prediabetes,2020-12-08
CND-1293,2108a0b8-7711-458f-b34b-82792021b031,59621000,Essential hypertension,2018-08-15
CND-1294,2108a0b8-7711-458f-b34b-82792021b031,44054006,Type 2 diabetes mellitus,2019-03-09
CND-1295,beda9290-823b-4a6f-a7c7-b78518e7664e,195967001,Asthma,2019-08-28
CND-1296,beda9290-823b-4a6f-a7c7-b78518e7664e,709044004,Chronic kidney disease stage 2/3,2021-06-07
CND-1297,20f238d8-4472-4c9d-81b5-0fafdda09cb9,59621000,Essential hypertension,2016-04-11
CND-1298,547bc027-4071-4eb9-8a35-470fe5a542b1,195967001,Asthma,2022-07-03
CND-1299,3ace957d-1102-4636-a9e3-5f60799489be,709044004,Chronic kidney disease stage 2/3,2022-05-07
CND-1300,3ace957d-1102-4636-a9e3-5f60799489be,238131007,Overweight,2010-03-15
CND-1301,e92f3c06-474f-4cc4-b4af-089d14347bd5,59621000,Essential hypertension,2022-05-22
CND-1302,e92f3c06-474f-4cc4-b4af-089d14347bd5,44054006,Type 2 diabetes mellitus,2016-11-13
CND-1303,e92f3c06-474f-4cc4-b4af-089d14347bd5,195967001,Asthma,2019-03-29
CND-1304,e92f3c06-474f-4cc4-b4af-089d14347bd5,709044004,Chronic kidney disease stage 2/3,2021-05-22
CND-1305,e92f3c06-474f-4cc4-b4af-089d14347bd5,15777000,Prediabetes,2011-04-27
CND-1306,e3466d70-d0b0-4dd0-8c40-4212fae121b1,59621000,Essential hypertension,2012-06-13
CND-1307,e3466d70-d0b0-4dd0-8c40-4212fae121b1,195967001,Asthma,2019-07-04
CND-1308,e3466d70-d0b0-4dd0-8c40-4212fae121b1,709044004,Chronic kidney disease stage 2/3,2009-07-14
CND-1309,e3466d70-d0b0-4dd0-8c40-4212fae121b1,15777000,Prediabetes,2011-12-01
CND-1310,c01a1fac-97e0-44d7-8a06-fb39531b475e,59621000,Essential hypertension,2020-03-23
CND-1311,c01a1fac-97e0-44d7-8a06-fb39531b475e,238131007,Overweight,2017-09-20
CND-1312,c01a1fac-97e0-44d7-8a06-fb39531b475e,15777000,Prediabetes,2012-10-07
CND-1313,e393c31d-87d7-4f85-b4aa-e1a1eb519182,195967001,Asthma,2009-10-17
CND-1314,e393c31d-87d7-4f85-b4aa-e1a1eb519182,238131007,Overweight,2013-10-05
CND-1315,3c0bd4ae-a8b5-4af6-84e9-6a843c8806c7,709044004,Chronic kidney disease stage 2/3,2018-12-11
CND-1316,3c0bd4ae-a8b5-4af6-84e9-6a843c8806c7,15777000,Prediabetes,2011-04-14
CND-1317,9a96b256-fa8a-4d0c-bc64-3f141a5ab584,13645005,Chronic obstructive pulmonary disease,2022-05-19
CND-1318,f854ff47-9235-4761-8a30-078477aa8a33,709044004,Chronic kidney disease stage 2/3,2018-06-19
CND-1319,f854ff47-9235-4761-8a30-078477aa8a33,15777000,Prediabetes,2011-12-30
CND-1320,c9fb1e55-7c98-4160-b573-0edba8f368b9,59621000,Essential hypertension,2022-06-16
CND-1321,adae1329-c042-465f-9437-c2f3b3b81278,238131007,Overweight,2016-08-11
CND-1322,a4fe26ad-9445-4dd2-afad-4542a08fe0dc,59621000,Essential hypertension,2022-07-21
CND-1323,a4fe26ad-9445-4dd2-afad-4542a08fe0dc,238131007,Overweight,2016-04-15
CND-1324,a4237a83-ac15-4a77-b0d4-079ce267f7c9,44054006,Type 2 diabetes mellitus,2015-12-21
CND-1325,9773cd4b-4646-486f-a3e6-17f0a126b338,59621000,Essential hypertension,2011-09-21
CND-1326,9773cd4b-4646-486f-a3e6-17f0a126b338,238131007,Overweight,2016-03-24
CND-1327,9773cd4b-4646-486f-a3e6-17f0a126b338,15777000,Prediabetes,2022-10-09
CND-1328,666a81eb-6e48-419e-b3a0-e1729c77d6fe,44054006,Type 2 diabetes mellitus,2010-06-19
CND-1329,666a81eb-6e48-419e-b3a0-e1729c77d6fe,238131007,Overweight,2022-06-07
CND-1330,b6ae7dbc-2c3d-443c-adcf-0d7f3dccf649,44054006,Type 2 diabetes mellitus,2011-03-28
CND-1331,b6ae7dbc-2c3d-443c-adcf-0d7f3dccf649,13645005,Chronic obstructive pulmonary disease,2019-05-09
CND-1332,b6ae7dbc-2c3d-443c-adcf-0d7f3dccf649,238131007,Overweight,2018-03-30
CND-1333,dd6fb791-a5ef-425e-90c6-b6b0c3a6299a,13645005,Chronic obstructive pulmonary disease,2016-07-04
CND-1334,4736669e-9623-47fe-bb68-7d7ff59cdc29,59621000,Essential hypertension,2015-05-30
CND-1335,4736669e-9623-47fe-bb68-7d7ff59cdc29,195967001,Asthma,2010-05-12
CND-1336,4736669e-9623-47fe-bb68-7d7ff59cdc29,13645005,Chronic obstructive pulmonary disease,2011-07-02
CND-1337,4736669e-9623-47fe-bb68-7d7ff59cdc29,238131007,Overweight,2020-09-17
CND-1338,7e2cc7fe-6cd3-4095-a490-b0c1b0a557f1,59621000,Essential hypertension,2021-10-30
CND-1339,3d608928-56d9-4444-97f2-ece0e32c5562,44054006,Type 2 diabetes mellitus,2013-04-15
CND-1340,374e079a-bfeb-4bb2-b446-4c78affa5dd5,59621000,Essential hypertension,2016-11-06
CND-1341,374e079a-bfeb-4bb2-b446-4c78affa5dd5,238131007,Overweight,2020-12-23
CND-1342,da56ff95-139c-4f2a-83fb-a35a40726096,195967001,Asthma,2022-10-17
CND-1343,5b4d07a9-3bcb-4083-abca-1c3678caf9b0,238131007,Overweight,2019-06-11
CND-1344,92b6eeb6-0e69-4f14-94a3-25ac472a8cf7,44054006,Type 2 diabetes mellitus,2011-12-26
CND-1345,92b6eeb6-0e69-4f14-94a3-25ac472a8cf7,238131007,Overweight,2016-10-15
CND-1346,543cb268-1b5d-4f6e-b51a-50ac09d247ad,59621000,Essential hypertension,2021-07-18
CND-1347,543cb268-1b5d-4f6e-b51a-50ac09d247ad,44054006,Type 2 diabetes mellitus,2019-07-12
CND-1348,543cb268-1b5d-4f6e-b51a-50ac09d247ad,238131007,Overweight,2014-08-23
CND-1349,a9213a03-4248-4964-a437-b99b3a95df8e,238131007,Overweight,2019-11-13
CND-1350,a9213a03-4248-4964-a437-b99b3a95df8e,15777000,Prediabetes,2021-05-29
CND-1351,1c47538f-7cb8-468d-8475-2d127c8b3f59,59621000,Essential hypertension,2016-08-27
CND-1352,1c47538f-7cb8-468d-8475-2d127c8b3f59,195967001,Asthma,2019-07-28
CND-1353,1c47538f-7cb8-468d-8475-2d127c8b3f59,13645005,Chronic obstructive pulmonary disease,2015-11-16
CND-1354,1c47538f-7cb8-468d-8475-2d127c8b3f59,238131007,Overweight,2012-12-10
CND-1355,1c47538f-7cb8-468d-8475-2d127c8b3f59,15777000,Prediabetes,2021-05-23
CND-1356,600d1096-cff2-46ac-a45f-07ad8fb53d04,59621000,Essential hypertension,2021-06-19
CND-1357,600d1096-cff2-46ac-a45f-07ad8fb53d04,44054006,Type 2 diabetes mellitus,2011-04-16
CND-1358,94bada55-0afe-40ca-a5c2-c70a7c14e9e3,59621000,Essential hypertension,2013-08-17
CND-1359,94bada55-0afe-40ca-a5c2-c70a7c14e9e3,709044004,Chronic kidney disease stage 2/3,2009-09-02
CND-1360,1632d362-5cf0-4988-ba11-1a6a2750f457,59621000,Essential hypertension,2022-03-21
CND-1361,1632d362-5cf0-4988-ba11-1a6a2750f457,44054006,Type 2 diabetes mellitus,2014-07-07
CND-1362,1632d362-5cf0-4988-ba11-1a6a2750f457,195967001,Asthma,2010-04-20
CND-1363,6579a641-f9eb-497b-870f-a859217330bd,13645005,Chronic obstructive pulmonary disease,2020-04-26
CND-1364,6579a641-f9eb-497b-870f-a859217330bd,238131007,Overweight,2016-07-08
CND-1365,0ac85164-72fd-48d7-b728-fd2d75663868,59621000,Essential hypertension,2011-10-25
CND-1366,0ac85164-72fd-48d7-b728-fd2d75663868,195967001,Asthma,2012-08-21
CND-1367,0ac85164-72fd-48d7-b728-fd2d75663868,13645005,Chronic obstructive pulmonary disease,2016-12-16
CND-1368,9b0d6ee3-f47b-4d50-b260-433834662478,59621000,Essential hypertension,2009-10-26
CND-1369,9b0d6ee3-f47b-4d50-b260-433834662478,15777000,Prediabetes,2012-05-21
CND-1370,e9ea03f3-8257-4358-9454-5847391501cc,59621000,Essential hypertension,2022-07-24
CND-1371,e9ea03f3-8257-4358-9454-5847391501cc,238131007,Overweight,2021-07-16
CND-1372,52a08e11-82b5-4dd1-8961-de0f92c2a472,44054006,Type 2 diabetes mellitus,2019-08-27
CND-1373,52a08e11-82b5-4dd1-8961-de0f92c2a472,238131007,Overweight,2013-10-14
CND-1374,a5272b91-93db-4adf-9066-ee5d71258562,59621000,Essential hypertension,2015-12-11
CND-1375,a5272b91-93db-4adf-9066-ee5d71258562,13645005,Chronic obstructive pulmonary disease,2012-07-29
CND-1376,25fe51e7-82b4-417e-b72e-ecae164ccbbf,238131007,Overweight,2014-12-03
CND-1377,59eba1df-949b-41ec-aa77-7b2bb755dc02,59621000,Essential hypertension,2021-12-26
CND-1378,59eba1df-949b-41ec-aa77-7b2bb755dc02,195967001,Asthma,2011-11-10
CND-1379,e0d88270-bfb3-4f63-8669-ce198e998ae4,59621000,Essential hypertension,2012-07-04
CND-1380,e0d88270-bfb3-4f63-8669-ce198e998ae4,44054006,Type 2 diabetes mellitus,2018-04-16
CND-1381,e7e2d789-baea-404f-9f0b-3420c62b3fa3,59621000,Essential hypertension,2015-08-24
CND-1382,e7e2d789-baea-404f-9f0b-3420c62b3fa3,238131007,Overweight,2020-12-06
CND-1383,1fb40e20-fc7f-4fc9-8a09-e43f9f2ee3f2,59621000,Essential hypertension,2021-04-30
CND-1384,214fbfbf-3dbd-4680-b681-e8ea17e78c9c,59621000,Essential hypertension,2020-04-27
CND-1385,214fbfbf-3dbd-4680-b681-e8ea17e78c9c,44054006,Type 2 diabetes mellitus,2011-04-01
CND-1386,214fbfbf-3dbd-4680-b681-e8ea17e78c9c,238131007,Overweight,2011-08-01
CND-1387,214fbfbf-3dbd-4680-b681-e8ea17e78c9c,15777000,Prediabetes,2018-07-21
CND-1388,c990f559-3c15-4508-8254-387fc877a272,195967001,Asthma,2022-04-23
CND-1389,8aba4597-1c93-4c7a-8f95-58ac9a1fcbf1,59621000,Essential hypertension,2017-03-13
CND-1390,8aba4597-1c93-4c7a-8f95-58ac9a1fcbf1,13645005,Chronic obstructive pulmonary disease,2023-01-01
CND-1391,eed98d71-d24a-4e62-aafd-7fa40102efad,59621000,Essential hypertension,2021-09-25
CND-1392,eed98d71-d24a-4e62-aafd-7fa40102efad,709044004,Chronic kidney disease stage 2/3,2019-03-28
CND-1393,eed98d71-d24a-4e62-aafd-7fa40102efad,238131007,Overweight,2014-12-23
CND-1394,eed98d71-d24a-4e62-aafd-7fa40102efad,15777000,Prediabetes,2015-10-14
CND-1395,34e1acce-ff0e-4dd8-a533-7f85113bcb11,44054006,Type 2 diabetes mellitus,2018-03-31
CND-1396,8c32bcec-a391-4806-a117-fda13f7a54e0,59621000,Essential hypertension,2010-12-29
CND-1397,8c32bcec-a391-4806-a117-fda13f7a54e0,195967001,Asthma,2021-12-12
CND-1398,1dcacdc3-6d77-4352-9d0d-5b454e20c6c0,44054006,Type 2 diabetes mellitus,2009-09-24
CND-1399,7eaddaae-7700-47a5-a51a-0e42bdeb6651,59621000,Essential hypertension,2016-07-31
CND-1400,7eaddaae-7700-47a5-a51a-0e42bdeb6651,195967001,Asthma,2022-06-27
CND-1401,7eaddaae-7700-47a5-a51a-0e42bdeb6651,13645005,Chronic obstructive pulmonary disease,2011-11-13
CND-1402,7eaddaae-7700-47a5-a51a-0e42bdeb6651,15777000,Prediabetes,2021-10-07
CND-1403,89bd2686-8717-421b-89b2-8cc2711a9b9f,59621000,Essential hypertension,2014-03-21
CND-1404,89bd2686-8717-421b-89b2-8cc2711a9b9f,13645005,Chronic obstructive pulmonary disease,2018-09-04
CND-1405,89bd2686-8717-421b-89b2-8cc2711a9b9f,238131007,Overweight,2011-11-14
CND-1406,00999ea4-b006-4b9e-9eca-4a70b868484d,59621000,Essential hypertension,2017-12-08
CND-1407,00999ea4-b006-4b9e-9eca-4a70b868484d,238131007,Overweight,2010-08-05
CND-1408,191c8aa7-7fed-463d-81b3-bed545bf9cf1,238131007,Overweight,2020-12-16
CND-1409,23a9149e-eab4-43c7-aab4-48d0e18ca73f,238131007,Overweight,2011-03-30
CND-1410,3ad0f0e0-e525-4005-b1d9-19055196e799,59621000,Essential hypertension,2022-11-01
CND-1411,240c9191-1668-4ac2-9ddb-2f75b6cbe3e0,59621000,Essential hypertension,2016-10-26
CND-1412,240c9191-1668-4ac2-9ddb-2f75b6cbe3e0,44054006,Type 2 diabetes mellitus,2010-05-27
CND-1413,240c9191-1668-4ac2-9ddb-2f75b6cbe3e0,195967001,Asthma,2015-06-07
CND-1414,240c9191-1668-4ac2-9ddb-2f75b6cbe3e0,709044004,Chronic kidney disease stage 2/3,2017-04-16
CND-1415,240c9191-1668-4ac2-9ddb-2f75b6cbe3e0,15777000,Prediabetes,2015-12-07
CND-1416,177ce80c-6c7e-42e5-a50b-9a3ecf9ee945,238131007,Overweight,2019-04-15
CND-1417,ccb1acfd-b386-4f06-b764-c1ca2fc1dec7,59621000,Essential hypertension,2019-04-22
CND-1418,ccb1acfd-b386-4f06-b764-c1ca2fc1dec7,709044004,Chronic kidney disease stage 2/3,2016-11-05
CND-1419,ef7719b9-6dfe-447f-95d9-76eb31740ef0,59621000,Essential hypertension,2010-10-05
CND-1420,ef7719b9-6dfe-447f-95d9-76eb31740ef0,44054006,Type 2 diabetes mellitus,2010-05-12
CND-1421,ef7719b9-6dfe-447f-95d9-76eb31740ef0,15777000,Prediabetes,2012-10-05
CND-1422,95496153-7b5c-47de-ab78-704f26ba38d7,59621000,Essential hypertension,2022-07-17
CND-1423,95496153-7b5c-47de-ab78-704f26ba38d7,44054006,Type 2 diabetes mellitus,2021-09-13
CND-1424,48a0d30d-f758-4139-90ff-ef5022add6f3,59621000,Essential hypertension,2021-04-21
CND-1425,0354d01e-d5ec-45bb-a67e-55f05a2548b0,238131007,Overweight,2019-04-04
CND-1426,0354d01e-d5ec-45bb-a67e-55f05a2548b0,15777000,Prediabetes,2014-11-21
CND-1427,18840509-7ebd-4591-be22-232bed67e469,238131007,Overweight,2020-03-09
CND-1428,cdb9b199-9750-4c21-b2c2-3469dffa3ee4,59621000,Essential hypertension,2012-06-22
CND-1429,cdb9b199-9750-4c21-b2c2-3469dffa3ee4,44054006,Type 2 diabetes mellitus,2022-10-05
CND-1430,cdb9b199-9750-4c21-b2c2-3469dffa3ee4,13645005,Chronic obstructive pulmonary disease,2015-09-07
CND-1431,5cf701e8-8e98-492b-9103-91f0152f15a2,59621000,Essential hypertension,2017-11-06
CND-1432,f72feb85-8265-41cd-b502-5bc2948c0e62,238131007,Overweight,2018-07-15
CND-1433,5b32577a-326c-40be-a6ef-9cf3593a1746,59621000,Essential hypertension,2014-12-09
CND-1434,0851817e-996d-42ba-a38c-65547a6beee5,59621000,Essential hypertension,2011-10-09
CND-1435,0851817e-996d-42ba-a38c-65547a6beee5,709044004,Chronic kidney disease stage 2/3,2016-08-06
CND-1436,73c20159-a133-4ec0-bdcb-d5ac25c3ce9e,59621000,Essential hypertension,2013-07-19
CND-1437,73c20159-a133-4ec0-bdcb-d5ac25c3ce9e,44054006,Type 2 diabetes mellitus,2015-05-18
CND-1438,73c20159-a133-4ec0-bdcb-d5ac25c3ce9e,238131007,Overweight,2014-11-03
CND-1439,2d1ec156-23d9-4dd9-a5d9-ce4f458bb482,238131007,Overweight,2019-10-19
CND-1440,a8ee8208-c709-450d-bd3c-e8929434d894,59621000,Essential hypertension,2019-05-25
CND-1441,81eda387-9c08-4c3e-b7c0-df66c976d708,238131007,Overweight,2018-06-24
CND-1442,81eda387-9c08-4c3e-b7c0-df66c976d708,15777000,Prediabetes,2012-08-31
CND-1443,33a8d0e6-6a44-4b5d-8344-870f70949ee3,59621000,Essential hypertension,2009-12-04
CND-1444,33a8d0e6-6a44-4b5d-8344-870f70949ee3,44054006,Type 2 diabetes mellitus,2015-04-18
CND-1445,33a8d0e6-6a44-4b5d-8344-870f70949ee3,709044004,Chronic kidney disease stage 2/3,2009-09-27
CND-1446,33a8d0e6-6a44-4b5d-8344-870f70949ee3,238131007,Overweight,2017-09-08
CND-1447,d8357f4c-4883-4ab5-b4e3-fb04f9b1ae23,59621000,Essential hypertension,2015-12-21
CND-1448,d8357f4c-4883-4ab5-b4e3-fb04f9b1ae23,44054006,Type 2 diabetes mellitus,2010-12-26
CND-1449,8e854a27-5094-449d-9e6d-99e8e4bfdd33,238131007,Overweight,2021-05-01
CND-1450,8e854a27-5094-449d-9e6d-99e8e4bfdd33,15777000,Prediabetes,2021-03-26
CND-1451,726a9420-3ca7-4c2e-ae4e-62d276b5762e,59621000,Essential hypertension,2015-12-24
CND-1452,726a9420-3ca7-4c2e-ae4e-62d276b5762e,238131007,Overweight,2016-12-10
CND-1453,71ec6fa1-6a3e-4ebb-86ba-5744b1329638,238131007,Overweight,2018-05-02
CND-1454,71ec6fa1-6a3e-4ebb-86ba-5744b1329638,15777000,Prediabetes,2014-10-09
CND-1455,21bb1f36-17c4-4be5-bf7f-d27fb441d82a,15777000,Prediabetes,2021-04-30
CND-1456,3f769f56-750e-4d6b-bc60-ab18607999d7,59621000,Essential hypertension,2022-08-02
CND-1457,3f769f56-750e-4d6b-bc60-ab18607999d7,238131007,Overweight,2017-05-29
CND-1458,56ab40d4-e777-4074-bd56-cb4dbf30b5ab,59621000,Essential hypertension,2015-11-02
CND-1459,0990e5d8-3059-4704-b548-a0204be7f252,59621000,Essential hypertension,2020-08-25
CND-1460,0990e5d8-3059-4704-b548-a0204be7f252,44054006,Type 2 diabetes mellitus,2015-08-27
CND-1461,f262dbe6-3622-421c-b115-dcfeb31096d3,59621000,Essential hypertension,2013-04-30
CND-1462,f262dbe6-3622-421c-b115-dcfeb31096d3,13645005,Chronic obstructive pulmonary disease,2018-11-30
CND-1463,f262dbe6-3622-421c-b115-dcfeb31096d3,15777000,Prediabetes,2022-09-01
CND-1464,203a01c2-2152-4ef7-b4d6-2c07206a9c18,44054006,Type 2 diabetes mellitus,2020-06-17
CND-1465,9314e8ce-61c7-47c1-9425-226c23a0af95,59621000,Essential hypertension,2012-09-10
CND-1466,57586981-265e-44f0-bdf1-d756968cecd1,195967001,Asthma,2015-06-23
CND-1467,c31ef15c-754e-4a43-9ea2-0c8be44049f2,59621000,Essential hypertension,2017-06-13
CND-1468,c31ef15c-754e-4a43-9ea2-0c8be44049f2,44054006,Type 2 diabetes mellitus,2018-05-25
CND-1469,c31ef15c-754e-4a43-9ea2-0c8be44049f2,238131007,Overweight,2012-04-03
CND-1470,b144e61a-c285-4224-b7ec-aa51d72ad828,59621000,Essential hypertension,2015-05-06
CND-1471,b144e61a-c285-4224-b7ec-aa51d72ad828,44054006,Type 2 diabetes mellitus,2018-10-06
CND-1472,d3d724f0-2d6e-473f-81c9-20301ff42c1c,59621000,Essential hypertension,2017-07-08
CND-1473,23445e00-b98f-4216-b743-8e6735631ce3,238131007,Overweight,2016-12-27
CND-1474,a9e43672-cfb2-443b-bf73-4f5b7a39fb34,59621000,Essential hypertension,2009-10-04
CND-1475,ff2f15d8-f552-432f-8200-edfafc3f9f7a,59621000,Essential hypertension,2019-05-03
CND-1476,ff2f15d8-f552-432f-8200-edfafc3f9f7a,238131007,Overweight,2014-11-28
CND-1477,d788536d-9ad6-4054-aa6e-b1d6f3149b44,59621000,Essential hypertension,2011-10-02
CND-1478,d788536d-9ad6-4054-aa6e-b1d6f3149b44,44054006,Type 2 diabetes mellitus,2018-05-15
CND-1479,d788536d-9ad6-4054-aa6e-b1d6f3149b44,238131007,Overweight,2013-08-12
CND-1480,72955d4c-af52-41b3-8fe7-fd57c0c077a1,59621000,Essential hypertension,2010-05-11
CND-1481,72955d4c-af52-41b3-8fe7-fd57c0c077a1,13645005,Chronic obstructive pulmonary disease,2017-09-30
CND-1482,72955d4c-af52-41b3-8fe7-fd57c0c077a1,238131007,Overweight,2022-04-15
CND-1483,af69edc5-7e59-4b60-ae5d-cda639054ad3,238131007,Overweight,2014-05-11
CND-1484,8f808f68-9704-455b-afa2-b807cae50fa1,44054006,Type 2 diabetes mellitus,2016-03-20
CND-1485,8f808f68-9704-455b-afa2-b807cae50fa1,15777000,Prediabetes,2015-06-27
CND-1486,e2aeff13-46fc-4a9a-87b3-cb13f1540f78,195967001,Asthma,2021-04-02
CND-1487,e2aeff13-46fc-4a9a-87b3-cb13f1540f78,238131007,Overweight,2017-12-17
CND-1488,f12ec8a4-5213-4840-b579-da36fe0ae58d,59621000,Essential hypertension,2021-08-18
CND-1489,f12ec8a4-5213-4840-b579-da36fe0ae58d,195967001,Asthma,2016-11-06
CND-1490,f12ec8a4-5213-4840-b579-da36fe0ae58d,238131007,Overweight,2020-07-03
CND-1491,f12ec8a4-5213-4840-b579-da36fe0ae58d,15777000,Prediabetes,2022-06-30
CND-1492,ea3a3035-724e-442d-a169-768822f5b962,59621000,Essential hypertension,2021-08-04
CND-1493,64974e13-95ee-40fd-96de-48fc1e012aac,59621000,Essential hypertension,2019-05-08
CND-1494,64974e13-95ee-40fd-96de-48fc1e012aac,44054006,Type 2 diabetes mellitus,2014-10-22
CND-1495,64974e13-95ee-40fd-96de-48fc1e012aac,195967001,Asthma,2016-08-16
CND-1496,d9a6f941-d96f-4c62-b8d8-e9dc473263c9,59621000,Essential hypertension,2009-06-07
CND-1497,d9a6f941-d96f-4c62-b8d8-e9dc473263c9,44054006,Type 2 diabetes mellitus,2011-12-20
CND-1498,d9a6f941-d96f-4c62-b8d8-e9dc473263c9,709044004,Chronic kidney disease stage 2/3,2019-12-15
CND-1499,641ec7a2-1548-47e1-a686-914ca9222b74,13645005,Chronic obstructive pulmonary disease,2021-12-21
CND-1500,641ec7a2-1548-47e1-a686-914ca9222b74,15777000,Prediabetes,2010-08-27
CND-1501,71926f7a-efef-466f-8f2e-1431612f33d9,238131007,Overweight,2010-04-05
CND-1502,96f603e1-ab93-4869-824f-5efadf78ff9c,59621000,Essential hypertension,2012-12-17
CND-1503,96f603e1-ab93-4869-824f-5efadf78ff9c,44054006,Type 2 diabetes mellitus,2023-01-01
CND-1504,96f603e1-ab93-4869-824f-5efadf78ff9c,195967001,Asthma,2009-08-12
CND-1505,5f8690aa-a20a-49aa-add2-b73470829ce7,59621000,Essential hypertension,2021-05-02
CND-1506,5f8690aa-a20a-49aa-add2-b73470829ce7,13645005,Chronic obstructive pulmonary disease,2013-06-28
CND-1507,5f8690aa-a20a-49aa-add2-b73470829ce7,15777000,Prediabetes,2017-10-25
CND-1508,2a2be675-fdbd-42a2-8701-a30ce5eec25a,44054006,Type 2 diabetes mellitus,2019-10-18
CND-1509,2a2be675-fdbd-42a2-8701-a30ce5eec25a,238131007,Overweight,2013-06-18
CND-1510,a81274a5-097c-473e-9692-841dbfff87df,44054006,Type 2 diabetes mellitus,2017-07-15
CND-1511,a81274a5-097c-473e-9692-841dbfff87df,709044004,Chronic kidney disease stage 2/3,2009-10-24
CND-1512,a81274a5-097c-473e-9692-841dbfff87df,15777000,Prediabetes,2014-07-16
CND-1513,b035af30-c501-415e-9784-93ffb0cd9138,195967001,Asthma,2021-03-19
CND-1514,a37273f5-fd8d-4912-9d0f-ec15838b13ce,59621000,Essential hypertension,2014-11-28
CND-1515,a73f4f76-f707-4678-8832-2af0ddb2253d,59621000,Essential hypertension,2021-11-27
CND-1516,a73f4f76-f707-4678-8832-2af0ddb2253d,44054006,Type 2 diabetes mellitus,2021-12-12
CND-1517,a73f4f76-f707-4678-8832-2af0ddb2253d,709044004,Chronic kidney disease stage 2/3,2011-07-11
CND-1518,b1e93ce1-1588-4734-ac88-5c4c399e56c1,195967001,Asthma,2013-04-29
CND-1519,b1e93ce1-1588-4734-ac88-5c4c399e56c1,13645005,Chronic obstructive pulmonary disease,2012-08-14
CND-1520,01b52383-3129-4fc9-8013-9f1d8acaf896,44054006,Type 2 diabetes mellitus,2021-12-26
CND-1521,01b52383-3129-4fc9-8013-9f1d8acaf896,195967001,Asthma,2011-11-09
CND-1522,01b52383-3129-4fc9-8013-9f1d8acaf896,709044004,Chronic kidney disease stage 2/3,2014-03-31
CND-1523,01b52383-3129-4fc9-8013-9f1d8acaf896,238131007,Overweight,2019-11-08
CND-1524,dc3e03c9-62d4-4680-9924-8a03a35324e1,238131007,Overweight,2022-09-12
CND-1525,dc3e03c9-62d4-4680-9924-8a03a35324e1,15777000,Prediabetes,2009-08-18
CND-1526,ad528854-205c-4c85-9f85-97b7e684737a,195967001,Asthma,2021-03-30
CND-1527,ad528854-205c-4c85-9f85-97b7e684737a,15777000,Prediabetes,2020-12-24
CND-1528,2f017715-7dae-41c3-a314-56560aa1d930,59621000,Essential hypertension,2012-12-25
CND-1529,2f017715-7dae-41c3-a314-56560aa1d930,195967001,Asthma,2012-09-25
CND-1530,adec4472-b1f6-4032-80b4-3037f3603bea,238131007,Overweight,2009-12-15
CND-1531,a3c091bb-d23e-411e-87e2-624ae833dfa3,59621000,Essential hypertension,2012-06-02
CND-1532,a3c091bb-d23e-411e-87e2-624ae833dfa3,44054006,Type 2 diabetes mellitus,2020-05-01
CND-1533,a3c091bb-d23e-411e-87e2-624ae833dfa3,238131007,Overweight,2021-10-28
CND-1534,15b2a034-b534-4f40-ac7e-a0f25aa1e2c5,59621000,Essential hypertension,2014-07-02
CND-1535,0433af8f-9519-4139-9be3-efd750513b43,59621000,Essential hypertension,2010-12-19
CND-1536,aec6e375-a03f-4a5f-8647-69e2d96bb672,195967001,Asthma,2014-06-30
CND-1537,aec6e375-a03f-4a5f-8647-69e2d96bb672,15777000,Prediabetes,2012-05-31
CND-1538,359a8874-4a06-4b69-806d-46cdc7ff6821,59621000,Essential hypertension,2010-08-08
CND-1539,359a8874-4a06-4b69-806d-46cdc7ff6821,44054006,Type 2 diabetes mellitus,2013-03-16
CND-1540,359a8874-4a06-4b69-806d-46cdc7ff6821,195967001,Asthma,2016-04-23
CND-1541,359a8874-4a06-4b69-806d-46cdc7ff6821,709044004,Chronic kidney disease stage 2/3,2020-09-14
CND-1542,76879932-def8-4f30-9f39-3cfb00591fd3,59621000,Essential hypertension,2018-11-06
CND-1543,76879932-def8-4f30-9f39-3cfb00591fd3,44054006,Type 2 diabetes mellitus,2012-06-15
CND-1544,76879932-def8-4f30-9f39-3cfb00591fd3,238131007,Overweight,2013-10-25
CND-1545,1a437566-09fb-4811-8906-8aa7ad24175b,59621000,Essential hypertension,2021-04-17
CND-1546,1a437566-09fb-4811-8906-8aa7ad24175b,44054006,Type 2 diabetes mellitus,2014-05-29
CND-1547,1a437566-09fb-4811-8906-8aa7ad24175b,15777000,Prediabetes,2010-07-23
CND-1548,bf7e762a-e472-43d2-9e86-5e7bb121afd5,44054006,Type 2 diabetes mellitus,2016-09-29
CND-1549,bf7e762a-e472-43d2-9e86-5e7bb121afd5,13645005,Chronic obstructive pulmonary disease,2017-11-02
CND-1550,bf7e762a-e472-43d2-9e86-5e7bb121afd5,238131007,Overweight,2010-09-15
CND-1551,9bdbdc5d-d086-445c-9b5e-b9c1418ec892,59621000,Essential hypertension,2017-05-15
CND-1552,d3c6a9b6-0738-47ac-9a00-0981598642d5,59621000,Essential hypertension,2020-08-04
CND-1553,d3c6a9b6-0738-47ac-9a00-0981598642d5,44054006,Type 2 diabetes mellitus,2009-06-23
CND-1554,d3c6a9b6-0738-47ac-9a00-0981598642d5,13645005,Chronic obstructive pulmonary disease,2017-07-31
CND-1555,10ae06eb-4b80-4a53-872d-abd8ab558ff1,44054006,Type 2 diabetes mellitus,2016-10-18
CND-1556,10ae06eb-4b80-4a53-872d-abd8ab558ff1,238131007,Overweight,2019-04-16
CND-1557,103c1e27-99ba-45f3-a5ab-3f451ff1adf6,59621000,Essential hypertension,2016-06-03
CND-1558,a040bb40-2cbc-4017-9107-2bfd62f4ffcf,59621000,Essential hypertension,2010-08-07
CND-1559,f7446a18-45d3-463d-abc4-1907906ffa79,44054006,Type 2 diabetes mellitus,2017-11-01
CND-1560,f7446a18-45d3-463d-abc4-1907906ffa79,15777000,Prediabetes,2019-07-12
CND-1561,2d6c0f19-b1ac-4501-ad9a-94ed22524564,59621000,Essential hypertension,2009-08-18
CND-1562,2d6c0f19-b1ac-4501-ad9a-94ed22524564,44054006,Type 2 diabetes mellitus,2018-10-23
CND-1563,2d6c0f19-b1ac-4501-ad9a-94ed22524564,709044004,Chronic kidney disease stage 2/3,2010-09-22
CND-1564,3f2dd2b2-e754-4a90-bbd9-0cd5dc0ca9ec,59621000,Essential hypertension,2018-09-20
CND-1565,3f2dd2b2-e754-4a90-bbd9-0cd5dc0ca9ec,195967001,Asthma,2012-09-27
CND-1566,3f2dd2b2-e754-4a90-bbd9-0cd5dc0ca9ec,238131007,Overweight,2019-07-02
CND-1567,eb92ebb4-2bfe-44ed-bef7-36d5a8885d99,59621000,Essential hypertension,2014-09-24
CND-1568,eb92ebb4-2bfe-44ed-bef7-36d5a8885d99,238131007,Overweight,2017-06-30
CND-1569,db4cae07-549b-4129-b332-dadc3110f5f8,44054006,Type 2 diabetes mellitus,2022-05-07
CND-1570,db4cae07-549b-4129-b332-dadc3110f5f8,238131007,Overweight,2022-10-26
CND-1571,db4cae07-549b-4129-b332-dadc3110f5f8,15777000,Prediabetes,2009-06-07
CND-1572,0618d306-2d1b-4320-821e-8787d697276e,59621000,Essential hypertension,2021-06-14
CND-1573,0618d306-2d1b-4320-821e-8787d697276e,44054006,Type 2 diabetes mellitus,2015-11-12
CND-1574,0618d306-2d1b-4320-821e-8787d697276e,13645005,Chronic obstructive pulmonary disease,2019-08-27
CND-1575,0618d306-2d1b-4320-821e-8787d697276e,238131007,Overweight,2010-04-09
CND-1576,bc5bf7d8-6f3e-4b9a-a4a7-ad3d2f56529b,238131007,Overweight,2015-07-09
CND-1577,d8d694d2-a5e4-410a-aeee-14f0dca9636a,59621000,Essential hypertension,2012-04-24
CND-1578,d8d694d2-a5e4-410a-aeee-14f0dca9636a,238131007,Overweight,2018-04-29
CND-1579,fe990b17-0585-4121-b289-fd2636dc1fd3,59621000,Essential hypertension,2010-05-22
CND-1580,fe990b17-0585-4121-b289-fd2636dc1fd3,195967001,Asthma,2021-08-11
CND-1581,07c7071c-1681-4398-a178-c50ae0cb15e6,59621000,Essential hypertension,2020-11-26
CND-1582,07c7071c-1681-4398-a178-c50ae0cb15e6,238131007,Overweight,2009-11-12
CND-1583,bea9eb7b-c016-45cb-acd5-f8831b2c7a68,59621000,Essential hypertension,2016-11-06
CND-1584,bea9eb7b-c016-45cb-acd5-f8831b2c7a68,195967001,Asthma,2015-08-30
CND-1585,bea9eb7b-c016-45cb-acd5-f8831b2c7a68,238131007,Overweight,2009-05-26
CND-1586,bea9eb7b-c016-45cb-acd5-f8831b2c7a68,15777000,Prediabetes,2016-10-14
CND-1587,347b2ce7-2966-4d85-a773-80a116b784da,44054006,Type 2 diabetes mellitus,2011-09-25
CND-1588,347b2ce7-2966-4d85-a773-80a116b784da,15777000,Prediabetes,2016-06-11
CND-1589,7f3f8d9a-0023-495c-aed0-7fadfcc53a0d,709044004,Chronic kidney disease stage 2/3,2009-11-23
CND-1590,7f3f8d9a-0023-495c-aed0-7fadfcc53a0d,238131007,Overweight,2013-06-19
CND-1591,6ba0d87f-4ce1-4cf4-a72d-d3ce4c1a5c7b,59621000,Essential hypertension,2022-04-01
CND-1592,6ba0d87f-4ce1-4cf4-a72d-d3ce4c1a5c7b,44054006,Type 2 diabetes mellitus,2017-09-17
CND-1593,6ba0d87f-4ce1-4cf4-a72d-d3ce4c1a5c7b,709044004,Chronic kidney disease stage 2/3,2019-07-25
CND-1594,6ba0d87f-4ce1-4cf4-a72d-d3ce4c1a5c7b,238131007,Overweight,2019-05-24
CND-1595,699694c6-9954-4c7d-883f-c5f842520e78,59621000,Essential hypertension,2020-08-04
CND-1596,31d268e8-2736-4e1d-9428-7671cfd1674a,59621000,Essential hypertension,2013-03-21
CND-1597,31d268e8-2736-4e1d-9428-7671cfd1674a,15777000,Prediabetes,2016-03-17
CND-1598,043f1a95-bb26-410f-abc8-f9e2aa3e4391,59621000,Essential hypertension,2019-12-08
CND-1599,043f1a95-bb26-410f-abc8-f9e2aa3e4391,44054006,Type 2 diabetes mellitus,2022-08-13
CND-1600,3a619f91-0330-46fc-9b81-fd43bd4f0338,195967001,Asthma,2013-09-16
CND-1601,2fdbc68d-6922-4444-b2ac-29687443bf14,195967001,Asthma,2016-03-12
CND-1602,2fdbc68d-6922-4444-b2ac-29687443bf14,238131007,Overweight,2017-07-07
CND-1603,1912168f-aea4-4102-85f8-1bc3b4713ec7,709044004,Chronic kidney disease stage 2/3,2021-10-02
CND-1604,1912168f-aea4-4102-85f8-1bc3b4713ec7,13645005,Chronic obstructive pulmonary disease,2018-10-08
CND-1605,313f024f-f2d6-43af-8913-24d04e741df3,238131007,Overweight,2018-12-15
CND-1606,12159ddd-3be0-485a-a290-6233de5caa75,59621000,Essential hypertension,2015-12-22
CND-1607,12159ddd-3be0-485a-a290-6233de5caa75,44054006,Type 2 diabetes mellitus,2012-10-14
CND-1608,12159ddd-3be0-485a-a290-6233de5caa75,13645005,Chronic obstructive pulmonary disease,2022-11-03
CND-1609,12159ddd-3be0-485a-a290-6233de5caa75,238131007,Overweight,2022-11-18
CND-1610,2f4eebf4-9728-4acb-bfcc-9ae072415393,59621000,Essential hypertension,2014-04-26
CND-1611,cf097900-3abc-439d-834c-eb74f4b5a867,59621000,Essential hypertension,2014-05-29
CND-1612,cf097900-3abc-439d-834c-eb74f4b5a867,195967001,Asthma,2016-05-07
CND-1613,4b98ccd9-e05b-475e-90f9-0951a2ffdca6,15777000,Prediabetes,2012-09-21
CND-1614,726b7e1a-5460-4191-bca6-53112dffc635,59621000,Essential hypertension,2016-11-04
CND-1615,726b7e1a-5460-4191-bca6-53112dffc635,238131007,Overweight,2022-09-02
CND-1616,14eb6e33-aa8f-4321-b492-10305bcfa5e0,44054006,Type 2 diabetes mellitus,2014-06-04
CND-1617,14eb6e33-aa8f-4321-b492-10305bcfa5e0,15777000,Prediabetes,2015-11-25
CND-1618,30c7abd5-8cb1-496a-91f3-e6fbd7979188,59621000,Essential hypertension,2019-04-28
CND-1619,30c7abd5-8cb1-496a-91f3-e6fbd7979188,195967001,Asthma,2022-07-17
CND-1620,12a5ad49-a535-4f20-baa2-cc329158324f,44054006,Type 2 diabetes mellitus,2012-11-30
CND-1621,12a5ad49-a535-4f20-baa2-cc329158324f,195967001,Asthma,2022-05-07
CND-1622,12a5ad49-a535-4f20-baa2-cc329158324f,13645005,Chronic obstructive pulmonary disease,2021-09-10
CND-1623,12a5ad49-a535-4f20-baa2-cc329158324f,238131007,Overweight,2009-04-28
CND-1624,12a5ad49-a535-4f20-baa2-cc329158324f,15777000,Prediabetes,2022-11-08
CND-1625,0092165c-d866-48d8-9196-caf1fecc00fb,44054006,Type 2 diabetes mellitus,2012-01-03
CND-1626,0092165c-d866-48d8-9196-caf1fecc00fb,13645005,Chronic obstructive pulmonary disease,2015-08-27
CND-1627,0092165c-d866-48d8-9196-caf1fecc00fb,15777000,Prediabetes,2018-09-18
CND-1628,8590796d-2402-4041-8134-493eb04360ac,238131007,Overweight,2013-03-17
CND-1629,8c638efc-2a18-4781-b52e-2ac1462e641a,59621000,Essential hypertension,2018-08-01
CND-1630,8c638efc-2a18-4781-b52e-2ac1462e641a,195967001,Asthma,2016-07-05
CND-1631,735bf8d9-a8a3-4825-81d8-75d84da3bcd7,15777000,Prediabetes,2022-05-20
CND-1632,55dbd983-b619-4395-985a-fd821c94f7ce,195967001,Asthma,2012-08-25
CND-1633,55dbd983-b619-4395-985a-fd821c94f7ce,13645005,Chronic obstructive pulmonary disease,2020-06-30
CND-1634,55dbd983-b619-4395-985a-fd821c94f7ce,238131007,Overweight,2020-09-27
CND-1635,042062fd-c265-486b-ba18-8517192a66cc,59621000,Essential hypertension,2014-03-10
CND-1636,042062fd-c265-486b-ba18-8517192a66cc,44054006,Type 2 diabetes mellitus,2012-09-15
CND-1637,042062fd-c265-486b-ba18-8517192a66cc,13645005,Chronic obstructive pulmonary disease,2019-09-17
CND-1638,042062fd-c265-486b-ba18-8517192a66cc,238131007,Overweight,2019-12-15
CND-1639,f6bbb300-b013-4d4b-960a-70737277d1f7,195967001,Asthma,2022-09-18
CND-1640,330d0f17-3439-4594-a3da-d5b3e7af896b,59621000,Essential hypertension,2011-08-01
CND-1641,330d0f17-3439-4594-a3da-d5b3e7af896b,709044004,Chronic kidney disease stage 2/3,2015-05-17
CND-1642,330d0f17-3439-4594-a3da-d5b3e7af896b,238131007,Overweight,2014-07-08
CND-1643,555cb9fb-4eb3-472c-a45c-5949ab07c3f2,59621000,Essential hypertension,2020-09-29
CND-1644,555cb9fb-4eb3-472c-a45c-5949ab07c3f2,44054006,Type 2 diabetes mellitus,2015-12-23
CND-1645,555cb9fb-4eb3-472c-a45c-5949ab07c3f2,195967001,Asthma,2021-06-11
CND-1646,555cb9fb-4eb3-472c-a45c-5949ab07c3f2,238131007,Overweight,2014-04-01
CND-1647,c20913a6-db3b-443f-a878-46401c5c9ed5,44054006,Type 2 diabetes mellitus,2014-06-19
CND-1648,c20913a6-db3b-443f-a878-46401c5c9ed5,195967001,Asthma,2012-08-11
CND-1649,2f510b6d-b012-4937-ad30-da6602d6bb54,59621000,Essential hypertension,2020-06-01
CND-1650,74c091cd-aaee-4dc6-a580-f3f7babf4649,59621000,Essential hypertension,2021-08-13
CND-1651,74c091cd-aaee-4dc6-a580-f3f7babf4649,44054006,Type 2 diabetes mellitus,2014-05-10
CND-1652,74c091cd-aaee-4dc6-a580-f3f7babf4649,238131007,Overweight,2015-10-22
CND-1653,9c32bc56-401a-4329-a80d-e6f6fcd1981a,59621000,Essential hypertension,2015-07-28
CND-1654,efb0f12f-c280-4e7a-94c4-91d5d794e346,59621000,Essential hypertension,2016-07-01
CND-1655,efb0f12f-c280-4e7a-94c4-91d5d794e346,238131007,Overweight,2021-09-07
CND-1656,2fffeda3-a595-419c-9258-deb4b8db0b65,238131007,Overweight,2022-04-05
CND-1657,2fffeda3-a595-419c-9258-deb4b8db0b65,15777000,Prediabetes,2009-04-02
CND-1658,c0609445-3dae-43d4-9b48-971cb76aae38,44054006,Type 2 diabetes mellitus,2011-09-02
CND-1659,c0609445-3dae-43d4-9b48-971cb76aae38,15777000,Prediabetes,2010-03-12
CND-1660,513cb876-f2d5-466e-973f-f7a2d6963422,44054006,Type 2 diabetes mellitus,2011-11-07
CND-1661,513cb876-f2d5-466e-973f-f7a2d6963422,15777000,Prediabetes,2010-09-26
CND-1662,8f10f4a5-a7a5-493d-bc46-9c2aa8afb423,44054006,Type 2 diabetes mellitus,2012-05-12
CND-1663,8f10f4a5-a7a5-493d-bc46-9c2aa8afb423,195967001,Asthma,2013-07-23
CND-1664,9d0d927b-7f2f-43b4-a429-6efd9b489918,59621000,Essential hypertension,2020-09-11
CND-1665,42709ebc-683e-4e2c-a558-b60868782a55,59621000,Essential hypertension,2020-03-20
CND-1666,42709ebc-683e-4e2c-a558-b60868782a55,44054006,Type 2 diabetes mellitus,2018-06-07
CND-1667,42709ebc-683e-4e2c-a558-b60868782a55,195967001,Asthma,2015-11-16
CND-1668,42709ebc-683e-4e2c-a558-b60868782a55,13645005,Chronic obstructive pulmonary disease,2012-06-30
CND-1669,42709ebc-683e-4e2c-a558-b60868782a55,238131007,Overweight,2010-10-07
CND-1670,702862d4-8c94-4240-872a-127431379257,59621000,Essential hypertension,2021-10-21
CND-1671,5ed8c234-acd3-4d9e-8b2a-fc257ebed932,59621000,Essential hypertension,2015-07-29
CND-1672,5ed8c234-acd3-4d9e-8b2a-fc257ebed932,44054006,Type 2 diabetes mellitus,2016-06-12
CND-1673,5ed8c234-acd3-4d9e-8b2a-fc257ebed932,238131007,Overweight,2010-04-18
CND-1674,5ed8c234-acd3-4d9e-8b2a-fc257ebed932,15777000,Prediabetes,2009-12-18
CND-1675,f027e8ff-cc29-4f15-9296-2a0f207444b0,59621000,Essential hypertension,2015-04-09
CND-1676,a6555cfd-12ac-4312-91af-9087a9ff615b,195967001,Asthma,2011-12-23
CND-1677,a6555cfd-12ac-4312-91af-9087a9ff615b,15777000,Prediabetes,2018-11-03
CND-1678,1e89cd70-32f3-4a01-b000-caca9383a90b,59621000,Essential hypertension,2016-04-23
CND-1679,1e89cd70-32f3-4a01-b000-caca9383a90b,195967001,Asthma,2021-07-24
CND-1680,8feacd9f-26ec-4aa9-bf13-01b4e4d7b7f1,44054006,Type 2 diabetes mellitus,2013-04-27
CND-1681,8feacd9f-26ec-4aa9-bf13-01b4e4d7b7f1,195967001,Asthma,2015-01-01
CND-1682,8feacd9f-26ec-4aa9-bf13-01b4e4d7b7f1,238131007,Overweight,2020-08-22
CND-1683,36771e93-5011-4e96-af21-fff0180fd7ec,44054006,Type 2 diabetes mellitus,2009-04-30
CND-1684,36771e93-5011-4e96-af21-fff0180fd7ec,195967001,Asthma,2017-11-25
CND-1685,3829bf8f-75c5-4427-a777-8abe8ce032ad,44054006,Type 2 diabetes mellitus,2014-12-13
CND-1686,3829bf8f-75c5-4427-a777-8abe8ce032ad,195967001,Asthma,2018-05-10
CND-1687,3829bf8f-75c5-4427-a777-8abe8ce032ad,15777000,Prediabetes,2020-04-27
CND-1688,ef468518-2c02-406c-879c-f82c710fc410,59621000,Essential hypertension,2009-10-10
CND-1689,ef468518-2c02-406c-879c-f82c710fc410,13645005,Chronic obstructive pulmonary disease,2019-05-27
CND-1690,ef468518-2c02-406c-879c-f82c710fc410,238131007,Overweight,2018-08-27
CND-1691,4eb51bc4-3503-45de-9e82-12f3a29063cd,59621000,Essential hypertension,2022-11-22
CND-1692,4eb51bc4-3503-45de-9e82-12f3a29063cd,44054006,Type 2 diabetes mellitus,2014-04-26
CND-1693,4151a07b-2d71-437f-9562-15ef3dc089a4,59621000,Essential hypertension,2011-04-30
CND-1694,4151a07b-2d71-437f-9562-15ef3dc089a4,195967001,Asthma,2010-07-31
CND-1695,4151a07b-2d71-437f-9562-15ef3dc089a4,238131007,Overweight,2015-12-06
CND-1696,d8ad29e1-6fa2-414a-9415-638980312a4e,59621000,Essential hypertension,2009-05-13
CND-1697,d8ad29e1-6fa2-414a-9415-638980312a4e,195967001,Asthma,2017-12-02
CND-1698,d8ad29e1-6fa2-414a-9415-638980312a4e,238131007,Overweight,2020-10-12
CND-1699,94586666-defa-4e18-80cd-665d4ce972be,59621000,Essential hypertension,2018-04-05
CND-1700,94586666-defa-4e18-80cd-665d4ce972be,238131007,Overweight,2011-06-23
CND-1701,94586666-defa-4e18-80cd-665d4ce972be,15777000,Prediabetes,2014-10-13
CND-1702,ddc6037c-9009-41de-8ef3-868fc8a5be64,59621000,Essential hypertension,2012-04-25
CND-1703,ddc6037c-9009-41de-8ef3-868fc8a5be64,44054006,Type 2 diabetes mellitus,2015-06-09
CND-1704,ddc6037c-9009-41de-8ef3-868fc8a5be64,195967001,Asthma,2022-10-29
CND-1705,ddc6037c-9009-41de-8ef3-868fc8a5be64,709044004,Chronic kidney disease stage 2/3,2017-07-10
CND-1706,e73ebe48-0af8-48f9-868f-707014e2e544,59621000,Essential hypertension,2014-10-05
CND-1707,e73ebe48-0af8-48f9-868f-707014e2e544,44054006,Type 2 diabetes mellitus,2011-05-04
CND-1708,e73ebe48-0af8-48f9-868f-707014e2e544,238131007,Overweight,2015-12-05
CND-1709,e73ebe48-0af8-48f9-868f-707014e2e544,15777000,Prediabetes,2018-09-04
CND-1710,c66237f6-1928-43cc-9500-29d9c20c458b,59621000,Essential hypertension,2015-04-26
CND-1711,c66237f6-1928-43cc-9500-29d9c20c458b,195967001,Asthma,2009-12-12
CND-1712,0a175cd8-eb15-4757-b766-d37e8bd067b0,59621000,Essential hypertension,2012-07-19
CND-1713,0a175cd8-eb15-4757-b766-d37e8bd067b0,238131007,Overweight,2018-07-05
CND-1714,894ffffb-9626-49de-926e-7a509c6fa1f5,59621000,Essential hypertension,2012-07-06
CND-1715,894ffffb-9626-49de-926e-7a509c6fa1f5,44054006,Type 2 diabetes mellitus,2013-05-31
CND-1716,894ffffb-9626-49de-926e-7a509c6fa1f5,709044004,Chronic kidney disease stage 2/3,2016-03-11
CND-1717,894ffffb-9626-49de-926e-7a509c6fa1f5,238131007,Overweight,2013-10-11
CND-1718,be96993f-abcb-4763-8b0b-dbe5371b2595,59621000,Essential hypertension,2018-07-26
CND-1719,be96993f-abcb-4763-8b0b-dbe5371b2595,195967001,Asthma,2011-08-15
CND-1720,897f69e4-fbb4-468f-9807-aeb48497ee58,59621000,Essential hypertension,2019-07-03
CND-1721,db00216b-0954-413b-8f4e-5b08361dcc76,59621000,Essential hypertension,2018-05-08
CND-1722,db00216b-0954-413b-8f4e-5b08361dcc76,195967001,Asthma,2019-04-25
CND-1723,db00216b-0954-413b-8f4e-5b08361dcc76,15777000,Prediabetes,2014-03-22
CND-1724,fd59bae2-eba6-4766-b8c3-e2d62c34665f,44054006,Type 2 diabetes mellitus,2014-03-31
CND-1725,fd59bae2-eba6-4766-b8c3-e2d62c34665f,238131007,Overweight,2017-05-21
CND-1726,f1e1c423-67eb-4fff-9e9a-03401bdffa97,15777000,Prediabetes,2009-05-01
CND-1727,fae8a09a-5d4d-4b2f-8247-9369fed8704b,195967001,Asthma,2017-07-09
CND-1728,004b78f3-1ca1-415c-8e9c-771075269f61,59621000,Essential hypertension,2014-08-01
CND-1729,004b78f3-1ca1-415c-8e9c-771075269f61,44054006,Type 2 diabetes mellitus,2019-11-17
CND-1730,004b78f3-1ca1-415c-8e9c-771075269f61,709044004,Chronic kidney disease stage 2/3,2016-07-16
CND-1731,81712c58-4aae-4ddc-a79e-a85bfac3e0f9,195967001,Asthma,2009-11-22
CND-1732,a2efac8b-ca02-405b-9a9a-0d1663bb9ba6,59621000,Essential hypertension,2013-04-24
CND-1733,a2efac8b-ca02-405b-9a9a-0d1663bb9ba6,44054006,Type 2 diabetes mellitus,2015-03-17
CND-1734,f8a10897-2656-4523-8561-34e7f62b3df7,59621000,Essential hypertension,2021-01-01
CND-1735,f8a10897-2656-4523-8561-34e7f62b3df7,195967001,Asthma,2012-06-04
CND-1736,b17fcd88-d54f-41f6-85bd-5f16bbf46f3a,59621000,Essential hypertension,2014-06-09
CND-1737,aa0b3b0d-517c-4149-99fe-f35f93782cba,59621000,Essential hypertension,2010-06-23
CND-1738,aa0b3b0d-517c-4149-99fe-f35f93782cba,238131007,Overweight,2022-08-01
CND-1739,92439ff5-b33b-4eee-b341-22892c62a2a3,59621000,Essential hypertension,2016-11-22
CND-1740,92439ff5-b33b-4eee-b341-22892c62a2a3,13645005,Chronic obstructive pulmonary disease,2017-03-13
CND-1741,8779ce1e-2a4c-4b2b-9da5-420f6f257da1,709044004,Chronic kidney disease stage 2/3,2009-09-02
CND-1742,8779ce1e-2a4c-4b2b-9da5-420f6f257da1,238131007,Overweight,2011-07-24
CND-1743,7eb0a6d4-992b-4ac9-a808-b9ebea62d8f4,59621000,Essential hypertension,2020-12-08
CND-1744,7eb0a6d4-992b-4ac9-a808-b9ebea62d8f4,15777000,Prediabetes,2009-12-17
CND-1745,99459f3d-39c6-4d7a-a967-f6a3609a95cb,59621000,Essential hypertension,2014-04-29
CND-1746,99459f3d-39c6-4d7a-a967-f6a3609a95cb,44054006,Type 2 diabetes mellitus,2018-06-27
CND-1747,99459f3d-39c6-4d7a-a967-f6a3609a95cb,238131007,Overweight,2021-04-19
CND-1748,99459f3d-39c6-4d7a-a967-f6a3609a95cb,15777000,Prediabetes,2019-05-07
CND-1749,aca12de6-a887-4533-85b9-f076cb5ded98,59621000,Essential hypertension,2017-03-12
CND-1750,aca12de6-a887-4533-85b9-f076cb5ded98,13645005,Chronic obstructive pulmonary disease,2022-08-12
CND-1751,aca12de6-a887-4533-85b9-f076cb5ded98,238131007,Overweight,2018-07-06
CND-1752,a8d3967e-23ba-447a-be24-8d89118d3e32,195967001,Asthma,2016-10-19
CND-1753,5a5c43f8-9719-46f3-8be6-6e4e1a4345f0,238131007,Overweight,2010-08-17
CND-1754,f71ddd91-ed7b-409d-a8aa-443bc95ee9f3,195967001,Asthma,2016-09-24
CND-1755,55b164df-be68-4f67-94e1-44e9f41aa20f,238131007,Overweight,2019-12-04
CND-1756,a2dd7845-0dd0-4653-8e48-957965ad1b7f,195967001,Asthma,2021-08-21
CND-1757,9dbf625b-b5a3-41d2-9cfd-9b2cce42e86e,13645005,Chronic obstructive pulmonary disease,2019-05-21
CND-1758,9dbf625b-b5a3-41d2-9cfd-9b2cce42e86e,238131007,Overweight,2013-06-14
CND-1759,cdb6a264-45d2-4e9d-a4ff-b28e4f58a451,59621000,Essential hypertension,2013-06-29
CND-1760,cdb6a264-45d2-4e9d-a4ff-b28e4f58a451,15777000,Prediabetes,2021-04-23
CND-1761,ee6f1319-bd6d-41e4-b00a-03871a321d34,195967001,Asthma,2016-09-29
CND-1762,cb518078-3b60-4184-a41f-226c7daf8f51,59621000,Essential hypertension,2014-08-26
CND-1763,cb518078-3b60-4184-a41f-226c7daf8f51,44054006,Type 2 diabetes mellitus,2021-08-29
CND-1764,cb518078-3b60-4184-a41f-226c7daf8f51,238131007,Overweight,2019-09-23
CND-1765,cb518078-3b60-4184-a41f-226c7daf8f51,15777000,Prediabetes,2011-09-25
CND-1766,77636ada-a74b-44f5-b4ed-98de2e626496,59621000,Essential hypertension,2015-07-21
CND-1767,77636ada-a74b-44f5-b4ed-98de2e626496,44054006,Type 2 diabetes mellitus,2018-10-31
CND-1768,77636ada-a74b-44f5-b4ed-98de2e626496,709044004,Chronic kidney disease stage 2/3,2012-08-25
CND-1769,508224b6-5a61-4b85-a274-94e0d486f220,59621000,Essential hypertension,2012-11-13
CND-1770,508224b6-5a61-4b85-a274-94e0d486f220,44054006,Type 2 diabetes mellitus,2009-05-13
CND-1771,508224b6-5a61-4b85-a274-94e0d486f220,195967001,Asthma,2015-11-21
CND-1772,508224b6-5a61-4b85-a274-94e0d486f220,238131007,Overweight,2015-12-21
CND-1773,8954d28f-1618-4d1c-9012-01ffa51a2105,59621000,Essential hypertension,2015-04-22
CND-1774,8954d28f-1618-4d1c-9012-01ffa51a2105,44054006,Type 2 diabetes mellitus,2013-11-28
CND-1775,971b3274-912c-4d26-bb95-76be90e13393,238131007,Overweight,2022-09-20
CND-1776,a1f2a2a9-884f-4c11-8391-12143af7c27c,13645005,Chronic obstructive pulmonary disease,2021-04-01
CND-1777,eb208e20-3d27-4fd0-9deb-2fe9f0bb4ddc,195967001,Asthma,2010-03-14
CND-1778,eb208e20-3d27-4fd0-9deb-2fe9f0bb4ddc,238131007,Overweight,2012-05-01
CND-1779,47fd427b-f486-45e3-b5f3-7018f998f96c,59621000,Essential hypertension,2012-05-08
CND-1780,47fd427b-f486-45e3-b5f3-7018f998f96c,13645005,Chronic obstructive pulmonary disease,2022-04-10
CND-1781,85b07d1b-2871-4d2f-b7f5-aa3c5cfff4b4,238131007,Overweight,2022-06-07
CND-1782,0e195060-af54-474a-928f-2ef485d39551,59621000,Essential hypertension,2009-05-03
CND-1783,0e195060-af54-474a-928f-2ef485d39551,195967001,Asthma,2012-11-16
CND-1784,0e195060-af54-474a-928f-2ef485d39551,13645005,Chronic obstructive pulmonary disease,2012-08-14
CND-1785,0e195060-af54-474a-928f-2ef485d39551,15777000,Prediabetes,2014-12-30
CND-1786,606cd0b8-0ea8-42c7-bc2f-8f5fcfdeac0b,59621000,Essential hypertension,2010-06-29
CND-1787,606cd0b8-0ea8-42c7-bc2f-8f5fcfdeac0b,195967001,Asthma,2010-08-01
CND-1788,606cd0b8-0ea8-42c7-bc2f-8f5fcfdeac0b,13645005,Chronic obstructive pulmonary disease,2009-09-13
CND-1789,606cd0b8-0ea8-42c7-bc2f-8f5fcfdeac0b,238131007,Overweight,2015-08-20
CND-1790,c616f316-a440-4842-9d85-83da2235d2bf,59621000,Essential hypertension,2020-07-28
CND-1791,c616f316-a440-4842-9d85-83da2235d2bf,195967001,Asthma,2021-04-07
CND-1792,c616f316-a440-4842-9d85-83da2235d2bf,238131007,Overweight,2019-03-30
CND-1793,3dfcb3fd-2871-4296-bebf-0c47ba2ae2c0,44054006,Type 2 diabetes mellitus,2017-03-25
CND-1794,3dfcb3fd-2871-4296-bebf-0c47ba2ae2c0,238131007,Overweight,2012-09-07
CND-1795,3dfcb3fd-2871-4296-bebf-0c47ba2ae2c0,15777000,Prediabetes,2020-09-18
CND-1796,60830b64-d13b-463b-bdee-8ef9a9a10ae7,195967001,Asthma,2018-04-10
CND-1797,aa98a42a-ee5c-44a1-b588-83193f8546ae,59621000,Essential hypertension,2018-11-04
CND-1798,391ed178-a60d-4dd2-8d01-faee027756d5,59621000,Essential hypertension,2020-05-19
CND-1799,391ed178-a60d-4dd2-8d01-faee027756d5,238131007,Overweight,2019-09-14
CND-1800,46d12b3c-07ea-4e0e-9863-592193391185,44054006,Type 2 diabetes mellitus,2022-08-30
CND-1801,46d12b3c-07ea-4e0e-9863-592193391185,15777000,Prediabetes,2015-05-13
CND-1802,e27f63d1-9075-435d-8c27-16e09e264139,59621000,Essential hypertension,2021-04-20
CND-1803,e27f63d1-9075-435d-8c27-16e09e264139,44054006,Type 2 diabetes mellitus,2011-04-29
CND-1804,e27f63d1-9075-435d-8c27-16e09e264139,238131007,Overweight,2014-06-16
CND-1805,87ce4ccb-31ca-4dfe-9f3f-a86069d96da9,59621000,Essential hypertension,2016-11-12
CND-1806,87ce4ccb-31ca-4dfe-9f3f-a86069d96da9,195967001,Asthma,2014-04-21
CND-1807,87ce4ccb-31ca-4dfe-9f3f-a86069d96da9,709044004,Chronic kidney disease stage 2/3,2021-08-30
CND-1808,19651501-727b-4bf6-87d2-e8cd6c7e7a39,59621000,Essential hypertension,2014-10-26
CND-1809,1d9105f5-0c72-49ac-a1ae-0aa68200cf8f,59621000,Essential hypertension,2010-08-14
CND-1810,1d9105f5-0c72-49ac-a1ae-0aa68200cf8f,44054006,Type 2 diabetes mellitus,2012-07-30
CND-1811,1d9105f5-0c72-49ac-a1ae-0aa68200cf8f,709044004,Chronic kidney disease stage 2/3,2015-12-11
CND-1812,1d9105f5-0c72-49ac-a1ae-0aa68200cf8f,238131007,Overweight,2018-06-13
CND-1813,62946834-960c-4b50-99e2-31a65f09af3b,59621000,Essential hypertension,2021-03-17
CND-1814,9ecec60a-8eb5-4d92-a101-7d493b3c335c,59621000,Essential hypertension,2014-08-28
CND-1815,10bb1729-4732-4aea-b062-ec877cd547d7,195967001,Asthma,2014-03-24
CND-1816,b81f30e0-6543-4887-86b3-af8d63900aea,59621000,Essential hypertension,2016-09-14
CND-1817,b81f30e0-6543-4887-86b3-af8d63900aea,195967001,Asthma,2021-07-31
CND-1818,b81f30e0-6543-4887-86b3-af8d63900aea,238131007,Overweight,2014-03-16
CND-1819,aef53414-cb60-4b0d-a60c-11fb07cae2bf,59621000,Essential hypertension,2019-06-12
CND-1820,01f9eaea-4fea-4e25-a165-0c475f3a4026,59621000,Essential hypertension,2012-12-22
CND-1821,01f9eaea-4fea-4e25-a165-0c475f3a4026,15777000,Prediabetes,2013-05-24
CND-1822,823a5a33-2e3c-432a-abe1-fac8b300c3ec,59621000,Essential hypertension,2013-04-11
CND-1823,823a5a33-2e3c-432a-abe1-fac8b300c3ec,195967001,Asthma,2016-07-07
CND-1824,823a5a33-2e3c-432a-abe1-fac8b300c3ec,238131007,Overweight,2012-12-14
CND-1825,c62c62bb-aaeb-4a23-85a0-101feb2c1790,59621000,Essential hypertension,2010-03-13
CND-1826,c62c62bb-aaeb-4a23-85a0-101feb2c1790,13645005,Chronic obstructive pulmonary disease,2012-10-17
CND-1827,c62c62bb-aaeb-4a23-85a0-101feb2c1790,238131007,Overweight,2014-04-30
CND-1828,c62c62bb-aaeb-4a23-85a0-101feb2c1790,15777000,Prediabetes,2016-04-06
CND-1829,1dd440be-ccc1-49ce-9ac1-5cd00b4d0344,59621000,Essential hypertension,2014-07-30
CND-1830,1dd440be-ccc1-49ce-9ac1-5cd00b4d0344,709044004,Chronic kidney disease stage 2/3,2015-05-19
CND-1831,1dd440be-ccc1-49ce-9ac1-5cd00b4d0344,238131007,Overweight,2010-04-05
CND-1832,22cbc68f-7acf-457f-875e-24a4b3c8d8e9,238131007,Overweight,2016-04-16
CND-1833,dd8405f2-9e63-4920-ba7c-50cadf9f21d8,44054006,Type 2 diabetes mellitus,2016-09-18
CND-1834,dd8405f2-9e63-4920-ba7c-50cadf9f21d8,238131007,Overweight,2010-12-11
CND-1835,c2d9d828-a82c-4359-947e-056dfef518f3,59621000,Essential hypertension,2009-06-22
CND-1836,c2d9d828-a82c-4359-947e-056dfef518f3,44054006,Type 2 diabetes mellitus,2016-01-03
CND-1837,c2d9d828-a82c-4359-947e-056dfef518f3,195967001,Asthma,2021-04-03
CND-1838,c2d9d828-a82c-4359-947e-056dfef518f3,15777000,Prediabetes,2019-05-25
CND-1839,df48e522-053e-4adb-b51a-9e24bdfe9de8,59621000,Essential hypertension,2016-06-13
CND-1840,df48e522-053e-4adb-b51a-9e24bdfe9de8,44054006,Type 2 diabetes mellitus,2016-06-27
CND-1841,df48e522-053e-4adb-b51a-9e24bdfe9de8,238131007,Overweight,2009-08-04
CND-1842,1a0867da-950c-45f0-a29d-8bb89d443c11,59621000,Essential hypertension,2022-10-31
CND-1843,1a0867da-950c-45f0-a29d-8bb89d443c11,44054006,Type 2 diabetes mellitus,2010-10-04
CND-1844,edc8c7e0-c788-4b1a-9bca-51c9f8b304f9,59621000,Essential hypertension,2014-06-22
CND-1845,56803ab4-fc26-40e6-a766-861e6a159dda,15777000,Prediabetes,2019-12-15
CND-1846,dce452a0-bc12-4fec-9962-723817216a17,195967001,Asthma,2022-12-14
CND-1847,7ef74263-c7cf-4992-bbd5-483f69a4b18c,238131007,Overweight,2010-04-03
CND-1848,0b4cc790-39af-49df-b3fa-c6f7a69e6c0e,59621000,Essential hypertension,2019-05-03
CND-1849,8e21649b-6e7e-4756-a724-c077b056359c,59621000,Essential hypertension,2022-11-27
CND-1850,8e21649b-6e7e-4756-a724-c077b056359c,13645005,Chronic obstructive pulmonary disease,2012-07-22
CND-1851,8e21649b-6e7e-4756-a724-c077b056359c,15777000,Prediabetes,2010-07-28
CND-1852,1760b6c1-9851-41ed-8e38-ddb3f2d12f3c,59621000,Essential hypertension,2018-05-12
CND-1853,1760b6c1-9851-41ed-8e38-ddb3f2d12f3c,44054006,Type 2 diabetes mellitus,2021-08-03
CND-1854,1760b6c1-9851-41ed-8e38-ddb3f2d12f3c,238131007,Overweight,2012-06-04
CND-1855,1760b6c1-9851-41ed-8e38-ddb3f2d12f3c,15777000,Prediabetes,2012-06-23
CND-1856,ba4c7fda-c56a-447f-a390-2cedebc4be90,59621000,Essential hypertension,2018-10-15
CND-1857,ba4c7fda-c56a-447f-a390-2cedebc4be90,195967001,Asthma,2022-07-09
CND-1858,a763cc6c-1954-4292-a715-a0589e7cf545,238131007,Overweight,2017-04-06
CND-1859,a763cc6c-1954-4292-a715-a0589e7cf545,15777000,Prediabetes,2012-08-06
CND-1860,a899dabf-513d-43c6-b9f8-64ec05f57126,238131007,Overweight,2009-10-05
CND-1861,adda840d-cad7-4ad5-b8ad-cd0cf2d77eff,13645005,Chronic obstructive pulmonary disease,2019-05-24
CND-1862,adda840d-cad7-4ad5-b8ad-cd0cf2d77eff,238131007,Overweight,2012-04-25
CND-1863,fafab2a0-1424-456d-8e7c-10c3e6f070e0,44054006,Type 2 diabetes mellitus,2021-11-30
CND-1864,fafab2a0-1424-456d-8e7c-10c3e6f070e0,709044004,Chronic kidney disease stage 2/3,2022-03-15
CND-1865,fafab2a0-1424-456d-8e7c-10c3e6f070e0,238131007,Overweight,2009-06-24
CND-1866,b4b4618a-2c38-4cd0-95a3-3cc18c0a0841,44054006,Type 2 diabetes mellitus,2020-10-24
CND-1867,b4b4618a-2c38-4cd0-95a3-3cc18c0a0841,195967001,Asthma,2020-06-08
CND-1868,b4b4618a-2c38-4cd0-95a3-3cc18c0a0841,15777000,Prediabetes,2018-07-22
CND-1869,d57b722c-2537-4206-afca-233ccb513ce9,44054006,Type 2 diabetes mellitus,2014-09-12
CND-1870,d57b722c-2537-4206-afca-233ccb513ce9,238131007,Overweight,2010-06-08
CND-1871,f2f56770-062b-41d1-8804-eff800cd370d,195967001,Asthma,2021-03-24
CND-1872,f2f56770-062b-41d1-8804-eff800cd370d,238131007,Overweight,2014-10-14
CND-1873,1a706c75-8a25-43cb-9059-ce2937345cfc,238131007,Overweight,2011-07-21
CND-1874,2db43e20-e5f1-4079-b730-7aa9e79d811a,59621000,Essential hypertension,2021-08-07
CND-1875,2db43e20-e5f1-4079-b730-7aa9e79d811a,238131007,Overweight,2014-07-08
CND-1876,2db43e20-e5f1-4079-b730-7aa9e79d811a,15777000,Prediabetes,2017-12-25
CND-1877,f57706b2-821d-4040-b7d1-9cea375a8209,13645005,Chronic obstructive pulmonary disease,2018-04-01
CND-1878,7a2e0c9c-e57b-49c4-9e9b-3c2a9025ae32,59621000,Essential hypertension,2010-11-13
CND-1879,7a2e0c9c-e57b-49c4-9e9b-3c2a9025ae32,238131007,Overweight,2019-06-03
CND-1880,e66a5b7a-ac0b-4025-bf4e-37b090a0cb52,59621000,Essential hypertension,2011-12-31
CND-1881,e66a5b7a-ac0b-4025-bf4e-37b090a0cb52,15777000,Prediabetes,2012-12-19
CND-1882,3b8f4abc-4866-4175-888e-9e2d5ee0e917,59621000,Essential hypertension,2020-08-02
CND-1883,238b8a3f-8384-4b9b-af43-168300997b6e,15777000,Prediabetes,2012-07-21
CND-1884,9ad78c27-4070-44b8-a47b-c02996117cfb,59621000,Essential hypertension,2014-11-15
CND-1885,9ad78c27-4070-44b8-a47b-c02996117cfb,13645005,Chronic obstructive pulmonary disease,2022-03-30
CND-1886,5ea61b5c-e9f6-427b-8f70-20ff7fd7cd18,44054006,Type 2 diabetes mellitus,2013-12-05
CND-1887,cb068533-c054-4094-bc3d-0fb5a8662452,195967001,Asthma,2011-05-14
CND-1888,cb068533-c054-4094-bc3d-0fb5a8662452,238131007,Overweight,2015-12-10
CND-1889,9a3dafd4-788e-4287-84c1-664b26b18444,195967001,Asthma,2010-04-26
CND-1890,161fd7ec-d205-47cd-a0cf-9041b1b31a69,13645005,Chronic obstructive pulmonary disease,2019-06-12
CND-1891,161fd7ec-d205-47cd-a0cf-9041b1b31a69,238131007,Overweight,2015-04-27
CND-1892,da52be45-f3f3-44c3-b464-605415030fd0,59621000,Essential hypertension,2010-12-02
CND-1893,da52be45-f3f3-44c3-b464-605415030fd0,44054006,Type 2 diabetes mellitus,2018-08-31
CND-1894,da52be45-f3f3-44c3-b464-605415030fd0,238131007,Overweight,2017-11-06
CND-1895,ac328f64-838b-46f3-8f08-08c43a5951c5,44054006,Type 2 diabetes mellitus,2020-09-13
CND-1896,5e51e90f-602b-401e-b7f2-6a0738f2106f,59621000,Essential hypertension,2013-08-24
CND-1897,5e51e90f-602b-401e-b7f2-6a0738f2106f,44054006,Type 2 diabetes mellitus,2011-04-19
CND-1898,5e51e90f-602b-401e-b7f2-6a0738f2106f,195967001,Asthma,2019-10-18
CND-1899,5e51e90f-602b-401e-b7f2-6a0738f2106f,15777000,Prediabetes,2021-08-15
CND-1900,f08c1b36-864b-477b-b361-337fddfaab76,195967001,Asthma,2022-05-29
CND-1901,3719c4b0-3cf0-401c-994b-8f63bf6f612b,195967001,Asthma,2022-06-25
CND-1902,5e92f762-8953-491d-880e-b95c2ba27b8e,59621000,Essential hypertension,2012-09-20
CND-1903,2921f338-513e-4a67-8d08-988f3648b1c6,195967001,Asthma,2022-11-14
CND-1904,0280c239-7251-460f-a9de-21bd13a18dc7,44054006,Type 2 diabetes mellitus,2019-08-25
CND-1905,0280c239-7251-460f-a9de-21bd13a18dc7,195967001,Asthma,2020-03-21
CND-1906,0280c239-7251-460f-a9de-21bd13a18dc7,238131007,Overweight,2019-04-19
CND-1907,16eb68a3-0d3f-4e66-af1c-6bb6e7011571,195967001,Asthma,2017-05-03
CND-1908,16eb68a3-0d3f-4e66-af1c-6bb6e7011571,238131007,Overweight,2018-11-15
CND-1909,803ca585-817b-48b9-9b30-a386057f0090,44054006,Type 2 diabetes mellitus,2018-12-29
CND-1910,803ca585-817b-48b9-9b30-a386057f0090,195967001,Asthma,2014-07-21
CND-1911,803ca585-817b-48b9-9b30-a386057f0090,238131007,Overweight,2009-06-14
CND-1912,efda428e-8a38-4d7b-8aff-fa38ca0a2cf1,195967001,Asthma,2018-12-18
CND-1913,efda428e-8a38-4d7b-8aff-fa38ca0a2cf1,13645005,Chronic obstructive pulmonary disease,2014-11-01
CND-1914,bbb7057b-9c2a-46e0-a3f0-f4318e2959ed,238131007,Overweight,2019-10-31
CND-1915,d0401bd3-df47-4205-963f-3b1a0e3695ec,709044004,Chronic kidney disease stage 2/3,2022-06-14
CND-1916,d0401bd3-df47-4205-963f-3b1a0e3695ec,238131007,Overweight,2019-10-09
CND-1917,6ab6c24c-fa5e-4649-a973-ba0d6b0c7586,238131007,Overweight,2021-07-13
CND-1918,6ab6c24c-fa5e-4649-a973-ba0d6b0c7586,15777000,Prediabetes,2009-10-30
CND-1919,f157603b-18f4-47c7-b6dc-4a163fec683d,709044004,Chronic kidney disease stage 2/3,2010-10-01
CND-1920,da1ab0d2-4c66-45eb-aafc-9713ff5fef1f,15777000,Prediabetes,2018-03-28
CND-1921,ed6913ed-abc5-4fce-bae5-042b23b75d34,59621000,Essential hypertension,2011-04-02
CND-1922,943472a0-149d-463f-a719-7fe8e9706dd3,709044004,Chronic kidney disease stage 2/3,2016-06-29
CND-1923,da14ff55-c56d-441e-8fb5-57dab7f336f5,59621000,Essential hypertension,2012-08-05
CND-1924,07601ee2-f3a8-492e-850e-62099884bb27,59621000,Essential hypertension,2013-12-25
CND-1925,f3d5448a-656d-4e02-9867-0278128a11d0,59621000,Essential hypertension,2020-11-14
CND-1926,f3d5448a-656d-4e02-9867-0278128a11d0,709044004,Chronic kidney disease stage 2/3,2012-04-03
CND-1927,df12011e-e370-44f0-a4a6-f63f0cf4927e,59621000,Essential hypertension,2016-05-13
CND-1928,df12011e-e370-44f0-a4a6-f63f0cf4927e,238131007,Overweight,2022-10-19
CND-1929,1a677c05-25b6-4e48-8630-3de231cd75d2,59621000,Essential hypertension,2018-08-31
CND-1930,1a677c05-25b6-4e48-8630-3de231cd75d2,709044004,Chronic kidney disease stage 2/3,2022-05-01
CND-1931,1a677c05-25b6-4e48-8630-3de231cd75d2,238131007,Overweight,2014-06-11
CND-1932,2458bded-13ec-4bc9-898c-952bc9846ad5,44054006,Type 2 diabetes mellitus,2014-09-07
CND-1933,2458bded-13ec-4bc9-898c-952bc9846ad5,238131007,Overweight,2022-11-09
CND-1934,30f04976-ffc2-4f67-8d55-6ce4880fa4fe,195967001,Asthma,2022-09-06
CND-1935,fcf8fdf3-4093-4cfa-ab76-c923c21cde1b,44054006,Type 2 diabetes mellitus,2013-04-02
CND-1936,fcf8fdf3-4093-4cfa-ab76-c923c21cde1b,238131007,Overweight,2021-06-18
CND-1937,f2d310b2-56d3-4185-a47c-cb97cec500a7,59621000,Essential hypertension,2011-07-25
CND-1938,e094dceb-d1bf-4a30-b5e6-089243370628,238131007,Overweight,2010-03-19
CND-1939,94ae8673-de74-4960-bd21-fd9563d72655,59621000,Essential hypertension,2010-10-31
CND-1940,78c53a9f-fbb1-449e-b50a-c94284cf1add,59621000,Essential hypertension,2020-09-04
CND-1941,78c53a9f-fbb1-449e-b50a-c94284cf1add,44054006,Type 2 diabetes mellitus,2021-09-06
CND-1942,78c53a9f-fbb1-449e-b50a-c94284cf1add,238131007,Overweight,2016-07-31
CND-1943,e5a8dd3f-1fbb-403a-acc3-14169870b3de,59621000,Essential hypertension,2011-06-07
CND-1944,e5a8dd3f-1fbb-403a-acc3-14169870b3de,238131007,Overweight,2013-08-23
CND-1945,782b123b-31b4-4dc5-be0e-7e385b66953f,15777000,Prediabetes,2019-07-28
CND-1946,0c3915b6-c52f-4e29-84ec-9a502f9329dc,59621000,Essential hypertension,2014-01-03
CND-1947,0c3915b6-c52f-4e29-84ec-9a502f9329dc,238131007,Overweight,2014-06-19
CND-1948,84fdf833-9199-4927-8611-5debac250e93,709044004,Chronic kidney disease stage 2/3,2020-06-06
CND-1949,84fdf833-9199-4927-8611-5debac250e93,238131007,Overweight,2015-04-15
CND-1950,7b8ce7af-fc07-4413-84aa-69564f3b4ae3,59621000,Essential hypertension,2018-05-26
CND-1951,7b36de55-ed2c-4507-996b-20efa521fb42,59621000,Essential hypertension,2019-05-03
CND-1952,cce4aaaf-b757-4ab0-a2a5-58d431e1f355,59621000,Essential hypertension,2013-07-10
CND-1953,cce4aaaf-b757-4ab0-a2a5-58d431e1f355,44054006,Type 2 diabetes mellitus,2020-12-22
CND-1954,cce4aaaf-b757-4ab0-a2a5-58d431e1f355,709044004,Chronic kidney disease stage 2/3,2014-07-26
CND-1955,cce4aaaf-b757-4ab0-a2a5-58d431e1f355,238131007,Overweight,2013-12-23
CND-1956,984137c4-4185-4413-8e20-574f9534c349,59621000,Essential hypertension,2017-05-23
CND-1957,984137c4-4185-4413-8e20-574f9534c349,44054006,Type 2 diabetes mellitus,2020-07-08
CND-1958,f99d5b05-de68-413a-ab0b-caa8ce12e637,59621000,Essential hypertension,2011-08-28
CND-1959,cb83619c-8d75-4518-8e1f-53f1122d4a26,195967001,Asthma,2014-08-23
CND-1960,cb83619c-8d75-4518-8e1f-53f1122d4a26,13645005,Chronic obstructive pulmonary disease,2018-08-29
CND-1961,cb83619c-8d75-4518-8e1f-53f1122d4a26,238131007,Overweight,2013-05-31
CND-1962,917d11a7-07db-4315-90b3-651b64ac6e9f,195967001,Asthma,2022-04-17
CND-1963,e84a1783-c04f-4196-8685-4ca4c9e5af22,59621000,Essential hypertension,2022-06-23
CND-1964,a3cd7de1-d5a3-4db9-bf00-e9572b02960a,59621000,Essential hypertension,2022-11-09
CND-1965,a3cd7de1-d5a3-4db9-bf00-e9572b02960a,195967001,Asthma,2015-07-20
CND-1966,a3cd7de1-d5a3-4db9-bf00-e9572b02960a,709044004,Chronic kidney disease stage 2/3,2020-12-23
CND-1967,8136f805-1b4f-4151-93e4-01a28305fb79,238131007,Overweight,2010-12-06
CND-1968,8136f805-1b4f-4151-93e4-01a28305fb79,15777000,Prediabetes,2015-10-05
CND-1969,4927ce29-42ba-4c09-8680-4c1cca7eee58,59621000,Essential hypertension,2013-03-10
CND-1970,a887ed7a-9098-4d0a-8b0b-96910545b4f3,59621000,Essential hypertension,2011-08-13
CND-1971,a887ed7a-9098-4d0a-8b0b-96910545b4f3,238131007,Overweight,2015-11-27
CND-1972,63bd69b9-2062-4d56-8538-e198d0364dcf,59621000,Essential hypertension,2019-06-14
CND-1973,63bd69b9-2062-4d56-8538-e198d0364dcf,15777000,Prediabetes,2016-03-18
CND-1974,b8551f48-f441-4a5e-bc04-be0f64e08bb8,59621000,Essential hypertension,2020-03-21
CND-1975,b8551f48-f441-4a5e-bc04-be0f64e08bb8,195967001,Asthma,2011-12-27
CND-1976,9de5a393-df94-4dcb-b64a-fe7a394f9a9b,238131007,Overweight,2020-05-21
CND-1977,65107a1f-8b5b-488c-8406-0253b8787634,59621000,Essential hypertension,2010-03-18
CND-1978,65107a1f-8b5b-488c-8406-0253b8787634,44054006,Type 2 diabetes mellitus,2012-05-07
CND-1979,65107a1f-8b5b-488c-8406-0253b8787634,195967001,Asthma,2013-08-06
CND-1980,c52d30b8-d7af-4b38-a605-85ae5e359899,59621000,Essential hypertension,2015-07-06
CND-1981,c52d30b8-d7af-4b38-a605-85ae5e359899,709044004,Chronic kidney disease stage 2/3,2017-05-02
CND-1982,ae6c33d1-394a-4ef9-bbe6-116ac6747457,44054006,Type 2 diabetes mellitus,2010-03-17
CND-1983,694c6353-09c7-4be5-963b-09fe99b9e2fb,44054006,Type 2 diabetes mellitus,2011-09-22
CND-1984,61cb6613-37c3-4c26-b273-443da617c46f,59621000,Essential hypertension,2012-04-16
CND-1985,14950455-f1f0-42a7-82c3-c393ed2ab533,59621000,Essential hypertension,2012-06-18
CND-1986,06797891-e2c9-4903-8b1a-9679bef615dd,59621000,Essential hypertension,2020-06-14
CND-1987,06797891-e2c9-4903-8b1a-9679bef615dd,195967001,Asthma,2020-03-26
CND-1988,06797891-e2c9-4903-8b1a-9679bef615dd,13645005,Chronic obstructive pulmonary disease,2014-09-12
CND-1989,d8508791-980f-424a-bfbe-73affe57292d,59621000,Essential hypertension,2016-11-14
CND-1990,d8508791-980f-424a-bfbe-73affe57292d,195967001,Asthma,2014-11-09
CND-1991,4be0266b-ef2e-40d6-9f9e-ca83f6f99b18,59621000,Essential hypertension,2010-08-27
CND-1992,4be0266b-ef2e-40d6-9f9e-ca83f6f99b18,15777000,Prediabetes,2013-10-07
CND-1993,5305012f-fb11-43d4-92af-11b4f3d02f08,59621000,Essential hypertension,2009-12-18
CND-1994,5305012f-fb11-43d4-92af-11b4f3d02f08,44054006,Type 2 diabetes mellitus,2022-12-06
CND-1995,5305012f-fb11-43d4-92af-11b4f3d02f08,238131007,Overweight,2020-12-14
CND-1996,e01174ab-6b1b-44ce-bd28-e9298b85ac2e,59621000,Essential hypertension,2018-07-03
CND-1997,d35c73f5-3758-4dfa-aa5a-cf2bdfff06c6,59621000,Essential hypertension,2011-03-13
CND-1998,d35c73f5-3758-4dfa-aa5a-cf2bdfff06c6,238131007,Overweight,2010-12-22
CND-1999,728983a9-29b0-4622-b603-2c0474379065,59621000,Essential hypertension,2013-12-18
CND-2000,728983a9-29b0-4622-b603-2c0474379065,238131007,Overweight,2020-07-12
CND-2001,43f2035c-f7cc-4dcd-a06c-d67eb1572781,195967001,Asthma,2019-10-14
CND-2002,43f2035c-f7cc-4dcd-a06c-d67eb1572781,709044004,Chronic kidney disease stage 2/3,2020-05-29
CND-2003,5ddfe4f0-1e9c-4054-b8ce-b77ee29e45ce,44054006,Type 2 diabetes mellitus,2015-09-16
CND-2004,7b05374d-7a0c-49df-9792-0e19a317d363,59621000,Essential hypertension,2015-04-10
CND-2005,7b05374d-7a0c-49df-9792-0e19a317d363,238131007,Overweight,2019-09-12
CND-2006,d326413a-9270-4d03-8f2e-21c1c50e5ff7,59621000,Essential hypertension,2012-12-14
CND-2007,d326413a-9270-4d03-8f2e-21c1c50e5ff7,44054006,Type 2 diabetes mellitus,2022-06-29
CND-2008,193348c0-63f6-4909-b8ff-8ccec960d2f5,44054006,Type 2 diabetes mellitus,2020-03-28
CND-2009,193348c0-63f6-4909-b8ff-8ccec960d2f5,238131007,Overweight,2011-05-13
CND-2010,7590a41a-d54d-4a8d-bcae-7b8b78397f81,238131007,Overweight,2017-06-25
CND-2011,7590a41a-d54d-4a8d-bcae-7b8b78397f81,15777000,Prediabetes,2019-10-25
CND-2012,a376e003-6218-441d-9d51-096469faa46b,59621000,Essential hypertension,2011-11-11
CND-2013,a376e003-6218-441d-9d51-096469faa46b,44054006,Type 2 diabetes mellitus,2022-11-27
CND-2014,1d4a1794-c966-4557-a69f-962e2e3cbeaf,195967001,Asthma,2022-11-07
CND-2015,d7df0197-72f1-47e7-8a38-515f002ee24b,195967001,Asthma,2019-03-29
CND-2016,3d8a7b5e-cbcb-4032-9290-ff0abccbc63f,59621000,Essential hypertension,2022-08-05
CND-2017,3d8a7b5e-cbcb-4032-9290-ff0abccbc63f,238131007,Overweight,2015-10-22
CND-2018,6432c0d1-1e23-4780-977b-2edf3c99c471,238131007,Overweight,2021-03-28
CND-2019,e89599b6-420b-4ee2-b69f-040f8c871dc1,44054006,Type 2 diabetes mellitus,2022-12-19
CND-2020,642c4ac4-f9c6-4230-8884-627a59a9639e,195967001,Asthma,2020-05-29
CND-2021,642c4ac4-f9c6-4230-8884-627a59a9639e,709044004,Chronic kidney disease stage 2/3,2010-05-28
CND-2022,642c4ac4-f9c6-4230-8884-627a59a9639e,238131007,Overweight,2016-12-24
CND-2023,e2dbe4e5-ea94-4882-912b-80763beb8996,709044004,Chronic kidney disease stage 2/3,2010-05-03
CND-2024,e2dbe4e5-ea94-4882-912b-80763beb8996,15777000,Prediabetes,2018-03-12
CND-2025,57d0f62e-7339-4822-8e05-db8c2c3baa07,44054006,Type 2 diabetes mellitus,2011-09-05
CND-2026,8dfbed81-79ef-4b28-ad17-fb731757900e,709044004,Chronic kidney disease stage 2/3,2014-11-17
CND-2027,257cdf39-7b4b-4f1a-950c-b427b7601ff8,59621000,Essential hypertension,2016-04-14
CND-2028,257cdf39-7b4b-4f1a-950c-b427b7601ff8,238131007,Overweight,2010-10-31
CND-2029,15f484e8-313f-46e5-8036-f8f12fd1361b,59621000,Essential hypertension,2011-08-11
CND-2030,15f484e8-313f-46e5-8036-f8f12fd1361b,195967001,Asthma,2011-09-01
CND-2031,15f484e8-313f-46e5-8036-f8f12fd1361b,238131007,Overweight,2011-04-19
CND-2032,5e2fe0a7-564a-4ee0-ab4a-751832af602f,59621000,Essential hypertension,2021-06-24
CND-2033,6a045ed6-a854-4394-99f9-eaf411ac2cde,44054006,Type 2 diabetes mellitus,2009-10-17
CND-2034,6a045ed6-a854-4394-99f9-eaf411ac2cde,238131007,Overweight,2021-05-30
CND-2035,4af09a97-89b2-4aec-ac1d-ba1a1a040135,59621000,Essential hypertension,2021-12-29
CND-2036,7433a179-d38b-4b82-a065-968ff6445408,15777000,Prediabetes,2011-12-16
CND-2037,cc7565f3-18f0-4757-adde-6399fb766dd4,59621000,Essential hypertension,2017-05-30
CND-2038,f382019d-7763-4f76-a1bc-2ac9b992c352,59621000,Essential hypertension,2021-07-05
CND-2039,f382019d-7763-4f76-a1bc-2ac9b992c352,44054006,Type 2 diabetes mellitus,2020-11-26
CND-2040,f382019d-7763-4f76-a1bc-2ac9b992c352,195967001,Asthma,2015-12-23
CND-2041,f382019d-7763-4f76-a1bc-2ac9b992c352,15777000,Prediabetes,2017-07-19
CND-2042,071dfde3-6d77-44ef-ab06-4a28811933f0,59621000,Essential hypertension,2015-05-03
CND-2043,071dfde3-6d77-44ef-ab06-4a28811933f0,709044004,Chronic kidney disease stage 2/3,2019-05-06
CND-2044,071dfde3-6d77-44ef-ab06-4a28811933f0,13645005,Chronic obstructive pulmonary disease,2017-09-28
CND-2045,822be260-3188-4633-a7cc-e8eba0413ebf,195967001,Asthma,2020-07-04
CND-2046,b8de6cb9-ed4d-446c-a13f-6a96fb33d17b,44054006,Type 2 diabetes mellitus,2019-07-18
CND-2047,b8de6cb9-ed4d-446c-a13f-6a96fb33d17b,238131007,Overweight,2019-12-04
CND-2048,923b1b09-cd44-4a67-85c4-3c5ddffcc343,59621000,Essential hypertension,2014-11-02
CND-2049,923b1b09-cd44-4a67-85c4-3c5ddffcc343,709044004,Chronic kidney disease stage 2/3,2009-05-18
CND-2050,923b1b09-cd44-4a67-85c4-3c5ddffcc343,238131007,Overweight,2018-10-01
CND-2051,ddef7526-aaec-4195-88bd-07743f0593d5,709044004,Chronic kidney disease stage 2/3,2012-05-24
CND-2052,5818e7f9-8c10-4a61-a71d-20fb607e43d1,59621000,Essential hypertension,2020-03-16
CND-2053,5818e7f9-8c10-4a61-a71d-20fb607e43d1,195967001,Asthma,2010-11-17
CND-2054,54a97e5d-53c4-450f-ab71-8fb27f73ef8a,59621000,Essential hypertension,2019-07-02
CND-2055,54a97e5d-53c4-450f-ab71-8fb27f73ef8a,44054006,Type 2 diabetes mellitus,2021-06-01
CND-2056,a37b7c2e-a39e-48b9-a54c-e446e1ff5d43,59621000,Essential hypertension,2014-12-10
CND-2057,a37b7c2e-a39e-48b9-a54c-e446e1ff5d43,44054006,Type 2 diabetes mellitus,2022-03-27
CND-2058,a37b7c2e-a39e-48b9-a54c-e446e1ff5d43,13645005,Chronic obstructive pulmonary disease,2011-06-02
CND-2059,d62b2689-901d-47ed-8098-7d6285e88de0,59621000,Essential hypertension,2019-03-27
CND-2060,d62b2689-901d-47ed-8098-7d6285e88de0,238131007,Overweight,2012-03-22
CND-2061,d62b2689-901d-47ed-8098-7d6285e88de0,15777000,Prediabetes,2021-06-09
CND-2062,599cd760-cb65-4343-a48e-2c78ec09e980,15777000,Prediabetes,2014-09-04
CND-2063,68a4defa-fe3d-4904-ba99-887ae304fc5a,709044004,Chronic kidney disease stage 2/3,2010-04-07
CND-2064,296c58e0-f378-4f09-aadf-1965f043ca64,238131007,Overweight,2017-06-12
CND-2065,d48585a8-d177-464a-9927-c1b6c4b3cd81,59621000,Essential hypertension,2020-08-02
CND-2066,d48585a8-d177-464a-9927-c1b6c4b3cd81,195967001,Asthma,2022-05-26
CND-2067,377eda73-8b11-44cb-adfb-a9426d96bcd4,59621000,Essential hypertension,2014-12-12
CND-2068,445fa394-dabc-4d25-9813-c6cb45688da0,59621000,Essential hypertension,2016-12-03
CND-2069,6e1b2a92-92f6-44bb-bfa3-14161d779b86,238131007,Overweight,2017-06-27
CND-2070,4248b635-66f5-46f0-8e97-9c9fa9f633b2,195967001,Asthma,2009-12-06
CND-2071,5e1f97a3-a276-49c9-bd63-d52f879fd74b,59621000,Essential hypertension,2013-04-28
CND-2072,fb4a2152-647e-4f4e-8cbf-97115406f0f4,59621000,Essential hypertension,2014-07-09
CND-2073,fb4a2152-647e-4f4e-8cbf-97115406f0f4,238131007,Overweight,2016-10-28
CND-2074,66133f87-72f7-450b-8483-4942e0e00cc1,59621000,Essential hypertension,2018-09-01
CND-2075,66133f87-72f7-450b-8483-4942e0e00cc1,15777000,Prediabetes,2011-10-29
CND-2076,5755d6fc-e3b7-405b-aee7-a84f40fb0fd7,238131007,Overweight,2015-09-02
CND-2077,46c081ea-f2c8-40c1-b32f-848f55e853e9,59621000,Essential hypertension,2011-03-14
CND-2078,46c081ea-f2c8-40c1-b32f-848f55e853e9,13645005,Chronic obstructive pulmonary disease,2019-09-06
CND-2079,479449d6-e35f-4164-a5b9-d6198e0f70dc,59621000,Essential hypertension,2016-07-22
CND-2080,479449d6-e35f-4164-a5b9-d6198e0f70dc,238131007,Overweight,2020-09-13
CND-2081,e6db582b-6ac6-4745-976f-7c58921ddeaa,59621000,Essential hypertension,2013-11-22
CND-2082,e6db582b-6ac6-4745-976f-7c58921ddeaa,44054006,Type 2 diabetes mellitus,2011-03-17
CND-2083,4397b21e-3322-4f46-8a42-a7f0035797a8,44054006,Type 2 diabetes mellitus,2020-07-23
CND-2084,4397b21e-3322-4f46-8a42-a7f0035797a8,195967001,Asthma,2016-11-08
CND-2085,83257f3e-fb80-4f76-960e-095d0f834cfe,44054006,Type 2 diabetes mellitus,2013-05-08
CND-2086,83257f3e-fb80-4f76-960e-095d0f834cfe,195967001,Asthma,2010-08-15
CND-2087,83257f3e-fb80-4f76-960e-095d0f834cfe,238131007,Overweight,2016-12-31
CND-2088,6d350a7a-8134-48a3-95d7-df715ae6459d,44054006,Type 2 diabetes mellitus,2021-05-16
CND-2089,6d350a7a-8134-48a3-95d7-df715ae6459d,195967001,Asthma,2019-12-09
CND-2090,75eb1af2-b987-4778-b8d5-dc909f9fbb13,238131007,Overweight,2018-09-11
CND-2091,df808dba-4434-4424-9e3d-07b521f59ea0,59621000,Essential hypertension,2018-04-12
CND-2092,4522d462-85e3-4415-a1a7-d372a09ba5c6,238131007,Overweight,2019-05-03
CND-2093,cd301d1c-1415-445a-aaf6-22bb9517fb16,59621000,Essential hypertension,2009-06-03
CND-2094,cd301d1c-1415-445a-aaf6-22bb9517fb16,15777000,Prediabetes,2013-11-09
CND-2095,af16d5f3-a831-4208-a6c2-f6c701aff427,59621000,Essential hypertension,2014-05-10
CND-2096,af16d5f3-a831-4208-a6c2-f6c701aff427,195967001,Asthma,2017-05-02
CND-2097,af16d5f3-a831-4208-a6c2-f6c701aff427,13645005,Chronic obstructive pulmonary disease,2014-11-25
CND-2098,a2072bac-3451-4a96-8398-87dfdb52a1ef,238131007,Overweight,2016-12-13
CND-2099,a2072bac-3451-4a96-8398-87dfdb52a1ef,15777000,Prediabetes,2016-06-18
CND-2100,343912ba-33e0-4bda-b5df-4d4e5b0cd547,59621000,Essential hypertension,2009-05-29
CND-2101,343912ba-33e0-4bda-b5df-4d4e5b0cd547,195967001,Asthma,2017-07-15
CND-2102,343912ba-33e0-4bda-b5df-4d4e5b0cd547,238131007,Overweight,2011-05-26
CND-2103,343912ba-33e0-4bda-b5df-4d4e5b0cd547,15777000,Prediabetes,2017-12-25
CND-2104,064c1c3b-4c66-497e-b691-15b38f9bfde0,59621000,Essential hypertension,2022-05-13
CND-2105,bbf4ae19-4f4c-4d48-acf0-40cdd6a6e7e7,59621000,Essential hypertension,2018-12-14
CND-2106,bbf4ae19-4f4c-4d48-acf0-40cdd6a6e7e7,238131007,Overweight,2013-04-10
CND-2107,03dec4dc-b023-4f94-9be2-b568cb747dde,238131007,Overweight,2012-04-15
CND-2108,a4d61b2f-ce6e-404c-b879-9612e385d8d2,59621000,Essential hypertension,2010-07-06
CND-2109,a4d61b2f-ce6e-404c-b879-9612e385d8d2,44054006,Type 2 diabetes mellitus,2009-08-16
CND-2110,a4d61b2f-ce6e-404c-b879-9612e385d8d2,195967001,Asthma,2020-03-27
CND-2111,a4d61b2f-ce6e-404c-b879-9612e385d8d2,238131007,Overweight,2021-04-11
CND-2112,a4d61b2f-ce6e-404c-b879-9612e385d8d2,15777000,Prediabetes,2011-09-08
CND-2113,e772ab90-b026-4387-af8c-c4804f538c4a,59621000,Essential hypertension,2010-04-21
CND-2114,e772ab90-b026-4387-af8c-c4804f538c4a,238131007,Overweight,2017-11-15
CND-2115,2a953a3b-8711-47da-b8e2-ad9d225f9b73,238131007,Overweight,2019-09-01
CND-2116,bb405306-4514-44cb-8cd9-13f380b5255c,44054006,Type 2 diabetes mellitus,2018-10-27
CND-2117,bb405306-4514-44cb-8cd9-13f380b5255c,195967001,Asthma,2016-01-01
CND-2118,816b1558-42c4-4728-8abf-b709459e56c8,195967001,Asthma,2022-11-28
CND-2119,61b53938-488c-49b7-a855-93dbe65e106d,59621000,Essential hypertension,2022-03-09
CND-2120,61b53938-488c-49b7-a855-93dbe65e106d,44054006,Type 2 diabetes mellitus,2015-07-29
CND-2121,61b53938-488c-49b7-a855-93dbe65e106d,195967001,Asthma,2014-09-13
CND-2122,61b53938-488c-49b7-a855-93dbe65e106d,15777000,Prediabetes,2013-04-03
CND-2123,f0a882e8-0bde-4783-b9a0-9e4f2f3d22b1,59621000,Essential hypertension,2022-06-11
CND-2124,f0a882e8-0bde-4783-b9a0-9e4f2f3d22b1,195967001,Asthma,2010-11-28
CND-2125,54c98fe2-f5e4-4e94-9db3-89d038c77330,59621000,Essential hypertension,2019-08-31
CND-2126,54c98fe2-f5e4-4e94-9db3-89d038c77330,44054006,Type 2 diabetes mellitus,2012-03-29
CND-2127,8605acf4-8b5b-4dd9-9c40-afb6ad26db3a,59621000,Essential hypertension,2009-09-24
CND-2128,8605acf4-8b5b-4dd9-9c40-afb6ad26db3a,238131007,Overweight,2017-07-13
CND-2129,54515639-7cd4-4b39-b1c5-fe09d68104e1,59621000,Essential hypertension,2009-11-14
CND-2130,54515639-7cd4-4b39-b1c5-fe09d68104e1,44054006,Type 2 diabetes mellitus,2014-10-24
CND-2131,54515639-7cd4-4b39-b1c5-fe09d68104e1,238131007,Overweight,2020-04-15
CND-2132,0f7c3241-8a95-4b59-98ac-bfee916935a8,709044004,Chronic kidney disease stage 2/3,2013-05-12
CND-2133,0f7c3241-8a95-4b59-98ac-bfee916935a8,238131007,Overweight,2013-07-18
CND-2134,b3ed2518-c1a1-4f63-b75b-a711db4a03a4,44054006,Type 2 diabetes mellitus,2020-04-09
CND-2135,b3ed2518-c1a1-4f63-b75b-a711db4a03a4,195967001,Asthma,2012-05-10
CND-2136,b3ed2518-c1a1-4f63-b75b-a711db4a03a4,238131007,Overweight,2014-06-20
CND-2137,ff924030-1e05-48f4-95fa-114b31fb7d27,44054006,Type 2 diabetes mellitus,2012-04-26
CND-2138,19bcf6c4-8662-46b6-bbe3-a5fd3f86d00c,59621000,Essential hypertension,2022-08-19
CND-2139,19bcf6c4-8662-46b6-bbe3-a5fd3f86d00c,44054006,Type 2 diabetes mellitus,2012-09-05
CND-2140,19bcf6c4-8662-46b6-bbe3-a5fd3f86d00c,238131007,Overweight,2012-05-07
CND-2141,1c69903a-715e-4198-9d8b-0fa0cc470a4d,195967001,Asthma,2015-04-14
CND-2142,1c69903a-715e-4198-9d8b-0fa0cc470a4d,13645005,Chronic obstructive pulmonary disease,2012-12-18
CND-2143,1c69903a-715e-4198-9d8b-0fa0cc470a4d,15777000,Prediabetes,2018-08-20
CND-2144,7a5c8f70-507c-42cc-9f8a-3ca58e0d3888,44054006,Type 2 diabetes mellitus,2013-03-22
CND-2145,7a5c8f70-507c-42cc-9f8a-3ca58e0d3888,195967001,Asthma,2016-10-26
CND-2146,7a5c8f70-507c-42cc-9f8a-3ca58e0d3888,15777000,Prediabetes,2011-11-15
CND-2147,d02622c3-34a2-42b6-997a-58de3233366e,13645005,Chronic obstructive pulmonary disease,2018-09-13
CND-2148,d02622c3-34a2-42b6-997a-58de3233366e,238131007,Overweight,2016-12-03
CND-2149,d02622c3-34a2-42b6-997a-58de3233366e,15777000,Prediabetes,2013-05-22
CND-2150,597d2ba6-f653-4ceb-8c14-50a25fcc359d,59621000,Essential hypertension,2021-06-02
CND-2151,597d2ba6-f653-4ceb-8c14-50a25fcc359d,195967001,Asthma,2020-04-23
CND-2152,597d2ba6-f653-4ceb-8c14-50a25fcc359d,238131007,Overweight,2017-03-28
CND-2153,e7fcfcc0-6ae8-4504-8d0c-f43865e35cbe,195967001,Asthma,2022-10-26
CND-2154,b0df06d9-6056-4c96-ad4e-72831aef25eb,44054006,Type 2 diabetes mellitus,2009-04-15
CND-2155,3de46baa-e187-4ce5-817f-c7483a042330,59621000,Essential hypertension,2011-08-12
CND-2156,3de46baa-e187-4ce5-817f-c7483a042330,195967001,Asthma,2015-07-25
CND-2157,36e58e48-290a-458d-9175-f2d628cfda02,195967001,Asthma,2012-01-04
CND-2158,2fbcd30c-6d3f-4e37-954d-b5854bdab810,59621000,Essential hypertension,2016-06-08
CND-2159,2fbcd30c-6d3f-4e37-954d-b5854bdab810,44054006,Type 2 diabetes mellitus,2012-06-04
CND-2160,6601c3e5-4563-42ef-83ff-24ad6ebca2bd,59621000,Essential hypertension,2015-10-05
CND-2161,6601c3e5-4563-42ef-83ff-24ad6ebca2bd,709044004,Chronic kidney disease stage 2/3,2023-01-01
CND-2162,b682de66-b2c9-4811-ac01-a50be9fe04b8,59621000,Essential hypertension,2021-05-03
CND-2163,b682de66-b2c9-4811-ac01-a50be9fe04b8,709044004,Chronic kidney disease stage 2/3,2018-11-10
CND-2164,6986d2e9-313a-4bfb-8329-a1f3b2c37575,44054006,Type 2 diabetes mellitus,2017-07-30
CND-2165,6986d2e9-313a-4bfb-8329-a1f3b2c37575,195967001,Asthma,2013-10-05
CND-2166,9c2c14ca-9fb2-4215-bbf0-09dc7aad2662,59621000,Essential hypertension,2014-04-25
CND-2167,9c2c14ca-9fb2-4215-bbf0-09dc7aad2662,44054006,Type 2 diabetes mellitus,2019-10-18
CND-2168,9c2c14ca-9fb2-4215-bbf0-09dc7aad2662,13645005,Chronic obstructive pulmonary disease,2009-08-25
CND-2169,9c2c14ca-9fb2-4215-bbf0-09dc7aad2662,238131007,Overweight,2021-12-24
CND-2170,9c2c14ca-9fb2-4215-bbf0-09dc7aad2662,15777000,Prediabetes,2013-09-28
CND-2171,a96cfa4d-83e3-40ab-b546-a3269bc1ab38,59621000,Essential hypertension,2016-05-30
CND-2172,a96cfa4d-83e3-40ab-b546-a3269bc1ab38,195967001,Asthma,2019-11-20
CND-2173,ab932a43-9a28-45f0-9ee9-188cbead40f2,44054006,Type 2 diabetes mellitus,2015-09-10
CND-2174,ab932a43-9a28-45f0-9ee9-188cbead40f2,709044004,Chronic kidney disease stage 2/3,2018-12-16
CND-2175,ab932a43-9a28-45f0-9ee9-188cbead40f2,238131007,Overweight,2017-06-04
CND-2176,cf98fc0a-b19b-4b0b-bcd5-6abcebf81d5b,59621000,Essential hypertension,2012-09-06
CND-2177,cf98fc0a-b19b-4b0b-bcd5-6abcebf81d5b,44054006,Type 2 diabetes mellitus,2020-04-02
CND-2178,cf98fc0a-b19b-4b0b-bcd5-6abcebf81d5b,195967001,Asthma,2013-10-04
CND-2179,c5a78c00-a4f8-46ec-80e3-d9a56c230205,238131007,Overweight,2010-06-21
CND-2180,a13fd82b-c477-46d6-ab3c-5279c3245b8f,59621000,Essential hypertension,2014-05-18
CND-2181,a13fd82b-c477-46d6-ab3c-5279c3245b8f,709044004,Chronic kidney disease stage 2/3,2014-08-20
CND-2182,805181f1-d0a4-4713-918c-d3e047f5150d,59621000,Essential hypertension,2019-06-02
CND-2183,805181f1-d0a4-4713-918c-d3e047f5150d,195967001,Asthma,2014-10-29
CND-2184,39276790-a068-4d80-8a5e-5c9eb6f1fb46,59621000,Essential hypertension,2020-07-29
CND-2185,39276790-a068-4d80-8a5e-5c9eb6f1fb46,15777000,Prediabetes,2012-08-05
CND-2186,9f741d4d-da8f-4410-920b-6d6530fd5a7e,238131007,Overweight,2022-07-09
CND-2187,9b6179bb-ba5f-4e36-b9f7-31ccf4e26292,59621000,Essential hypertension,2020-08-26
CND-2188,57179d0d-89be-4bf6-bb71-c3306c41a808,59621000,Essential hypertension,2016-01-03
CND-2189,57179d0d-89be-4bf6-bb71-c3306c41a808,44054006,Type 2 diabetes mellitus,2018-04-01
CND-2190,57179d0d-89be-4bf6-bb71-c3306c41a808,238131007,Overweight,2020-07-16
CND-2191,0ee51b0d-3f3e-41e4-a722-cc1857983674,44054006,Type 2 diabetes mellitus,2017-05-14
CND-2192,d511169b-1c5d-4c61-af23-84e0c0162555,195967001,Asthma,2010-12-04
CND-2193,d511169b-1c5d-4c61-af23-84e0c0162555,15777000,Prediabetes,2020-12-13
CND-2194,cb0a9ae9-d149-40a6-a5dc-f65151f771f5,44054006,Type 2 diabetes mellitus,2022-09-04
CND-2195,cb0a9ae9-d149-40a6-a5dc-f65151f771f5,15777000,Prediabetes,2015-05-25
CND-2196,998f5e66-6770-4f3d-a1d7-c640b1ed962a,59621000,Essential hypertension,2017-06-16
CND-2197,b6b550d8-4e2f-480b-8e91-09c70fb3ff81,195967001,Asthma,2021-12-20
CND-2198,321f60fe-a5a6-43ec-824a-543858b5c246,44054006,Type 2 diabetes mellitus,2015-12-07
CND-2199,321f60fe-a5a6-43ec-824a-543858b5c246,195967001,Asthma,2019-11-13
CND-2200,4471734a-f427-478a-b88b-f3e947bdd10a,59621000,Essential hypertension,2019-12-31
CND-2201,4471734a-f427-478a-b88b-f3e947bdd10a,44054006,Type 2 diabetes mellitus,2016-09-04
CND-2202,d51ed239-ceaf-4431-a1c3-dc334168ed47,195967001,Asthma,2022-06-18
CND-2203,bf156cae-973d-4c88-9009-149a9f61d2f8,44054006,Type 2 diabetes mellitus,2018-12-23
CND-2204,bf156cae-973d-4c88-9009-149a9f61d2f8,195967001,Asthma,2015-12-16
CND-2205,631bb905-469a-4b94-8749-1bfacf4fe14a,44054006,Type 2 diabetes mellitus,2010-05-29
CND-2206,631bb905-469a-4b94-8749-1bfacf4fe14a,709044004,Chronic kidney disease stage 2/3,2011-11-08
CND-2207,1c96488d-23e8-486e-bca9-2fd30e3996bf,195967001,Asthma,2016-08-05
CND-2208,26d249ee-1bd6-41e3-8974-287924d708d1,709044004,Chronic kidney disease stage 2/3,2018-05-21
CND-2209,cfc7e565-9c78-45ce-a915-7b21a057ecbf,59621000,Essential hypertension,2020-03-11
CND-2210,cfc7e565-9c78-45ce-a915-7b21a057ecbf,238131007,Overweight,2012-09-16
CND-2211,0716b883-6ec6-487c-8056-c0a9b252d0fc,59621000,Essential hypertension,2016-10-13
CND-2212,0716b883-6ec6-487c-8056-c0a9b252d0fc,238131007,Overweight,2013-11-05
CND-2213,4f83ad2a-a27f-4ac4-834a-a84d3b089d69,44054006,Type 2 diabetes mellitus,2018-07-14
CND-2214,4f83ad2a-a27f-4ac4-834a-a84d3b089d69,238131007,Overweight,2022-06-10
CND-2215,8fa1d675-09ce-4359-9737-f7c4eeed3c8d,195967001,Asthma,2022-09-23
CND-2216,10bcb5a5-a5ee-43b4-bc88-e28be38d1e85,238131007,Overweight,2022-05-26
CND-2217,1b0615e1-3cf1-4ca0-af02-54a4cabbac40,59621000,Essential hypertension,2014-04-14
CND-2218,1b0615e1-3cf1-4ca0-af02-54a4cabbac40,44054006,Type 2 diabetes mellitus,2012-04-16
CND-2219,00b0af14-c059-4509-9a38-939dc7f0f88f,44054006,Type 2 diabetes mellitus,2018-07-15
CND-2220,00b0af14-c059-4509-9a38-939dc7f0f88f,238131007,Overweight,2015-07-11
CND-2221,798419fe-78bb-49a9-9c69-3d0f7129eb8d,59621000,Essential hypertension,2014-03-29
CND-2222,c103356f-1550-4c6c-b013-e827d6a17f27,59621000,Essential hypertension,2017-12-03
CND-2223,c103356f-1550-4c6c-b013-e827d6a17f27,44054006,Type 2 diabetes mellitus,2022-09-22
CND-2224,c103356f-1550-4c6c-b013-e827d6a17f27,195967001,Asthma,2021-09-13
CND-2225,c103356f-1550-4c6c-b013-e827d6a17f27,709044004,Chronic kidney disease stage 2/3,2012-04-02
CND-2226,c103356f-1550-4c6c-b013-e827d6a17f27,238131007,Overweight,2018-08-13
CND-2227,c103356f-1550-4c6c-b013-e827d6a17f27,15777000,Prediabetes,2013-10-02
CND-2228,3220e6c1-1592-43a2-8218-1a999ebb847d,195967001,Asthma,2014-04-08
CND-2229,3220e6c1-1592-43a2-8218-1a999ebb847d,709044004,Chronic kidney disease stage 2/3,2021-10-12
CND-2230,3220e6c1-1592-43a2-8218-1a999ebb847d,238131007,Overweight,2017-07-31
CND-2231,6815cb1c-33cb-476a-932a-89f26cb9a0f5,44054006,Type 2 diabetes mellitus,2018-08-08
CND-2232,4614abad-b991-4633-85cf-4cd4599028df,44054006,Type 2 diabetes mellitus,2018-07-26
CND-2233,4614abad-b991-4633-85cf-4cd4599028df,195967001,Asthma,2014-06-03
CND-2234,4614abad-b991-4633-85cf-4cd4599028df,238131007,Overweight,2016-12-23
CND-2235,30c2c822-eef0-48f8-9075-d9a5121999ed,15777000,Prediabetes,2012-11-06
CND-2236,83047b61-2eb8-4389-8410-6c0230ddadff,59621000,Essential hypertension,2015-11-07
CND-2237,83047b61-2eb8-4389-8410-6c0230ddadff,44054006,Type 2 diabetes mellitus,2009-08-12
CND-2238,83047b61-2eb8-4389-8410-6c0230ddadff,195967001,Asthma,2018-07-05
CND-2239,83047b61-2eb8-4389-8410-6c0230ddadff,238131007,Overweight,2018-09-30
CND-2240,0821ff29-d8e2-41f4-ad20-66af42a7a332,59621000,Essential hypertension,2022-06-21
CND-2241,0821ff29-d8e2-41f4-ad20-66af42a7a332,44054006,Type 2 diabetes mellitus,2012-05-09
CND-2242,25404f20-01b8-4412-8e24-6bb59a792f89,44054006,Type 2 diabetes mellitus,2010-12-30
CND-2243,8c31fcc1-9da7-465c-8046-fa42330e2c6f,59621000,Essential hypertension,2019-12-26
CND-2244,8c31fcc1-9da7-465c-8046-fa42330e2c6f,13645005,Chronic obstructive pulmonary disease,2022-12-29
CND-2245,8c31fcc1-9da7-465c-8046-fa42330e2c6f,15777000,Prediabetes,2018-08-28
CND-2246,34c5cc68-7214-4276-bff3-aa010060c6e8,44054006,Type 2 diabetes mellitus,2017-10-01
CND-2247,34c5cc68-7214-4276-bff3-aa010060c6e8,238131007,Overweight,2015-10-17
CND-2248,a499e57f-6aed-42c7-92ae-10ca1f8b2094,59621000,Essential hypertension,2022-06-15
CND-2249,a499e57f-6aed-42c7-92ae-10ca1f8b2094,709044004,Chronic kidney disease stage 2/3,2015-03-17
CND-2250,3810bbf6-d412-42b7-8eda-ba53b3972060,15777000,Prediabetes,2013-12-11
CND-2251,fe2d4acc-500e-4637-8c79-5421299c91a1,195967001,Asthma,2018-11-30
CND-2252,fe2d4acc-500e-4637-8c79-5421299c91a1,238131007,Overweight,2009-07-17
CND-2253,09dc3748-e5ef-4aa5-a045-8785626f3999,44054006,Type 2 diabetes mellitus,2015-05-11
CND-2254,09dc3748-e5ef-4aa5-a045-8785626f3999,238131007,Overweight,2013-11-27
CND-2255,6fc40e9a-43d3-467d-bc7b-98de0e16c1ae,195967001,Asthma,2015-09-05
CND-2256,e71ae688-3904-4808-93b6-edfdbc035738,59621000,Essential hypertension,2014-06-09
CND-2257,e71ae688-3904-4808-93b6-edfdbc035738,44054006,Type 2 diabetes mellitus,2013-07-24
CND-2258,e71ae688-3904-4808-93b6-edfdbc035738,195967001,Asthma,2020-11-13
CND-2259,e71ae688-3904-4808-93b6-edfdbc035738,13645005,Chronic obstructive pulmonary disease,2020-12-17
CND-2260,e71ae688-3904-4808-93b6-edfdbc035738,238131007,Overweight,2012-03-12
CND-2261,d59b7c38-595a-4835-b284-470c71d3fd78,195967001,Asthma,2013-10-30
CND-2262,528dbe6d-9dec-49b7-b55c-3adcff188b10,13645005,Chronic obstructive pulmonary disease,2018-04-15
CND-2263,528dbe6d-9dec-49b7-b55c-3adcff188b10,238131007,Overweight,2019-04-11
CND-2264,528dbe6d-9dec-49b7-b55c-3adcff188b10,15777000,Prediabetes,2010-11-18
CND-2265,7c774c66-bce2-4a94-a56c-d69faf7a2d22,59621000,Essential hypertension,2010-12-03
CND-2266,7c774c66-bce2-4a94-a56c-d69faf7a2d22,15777000,Prediabetes,2019-07-28
CND-2267,573d7f4d-39b4-4984-833e-19fe166777a7,59621000,Essential hypertension,2022-11-10
CND-2268,573d7f4d-39b4-4984-833e-19fe166777a7,44054006,Type 2 diabetes mellitus,2016-07-13
CND-2269,573d7f4d-39b4-4984-833e-19fe166777a7,195967001,Asthma,2016-08-06
CND-2270,ab7a1d4b-3adf-4b94-a5ea-6c9d0f75b725,59621000,Essential hypertension,2013-12-16
CND-2271,ab7a1d4b-3adf-4b94-a5ea-6c9d0f75b725,44054006,Type 2 diabetes mellitus,2009-07-29
CND-2272,ab7a1d4b-3adf-4b94-a5ea-6c9d0f75b725,195967001,Asthma,2015-10-17
CND-2273,ab7a1d4b-3adf-4b94-a5ea-6c9d0f75b725,13645005,Chronic obstructive pulmonary disease,2015-05-01
CND-2274,ab7a1d4b-3adf-4b94-a5ea-6c9d0f75b725,15777000,Prediabetes,2013-08-29
CND-2275,de953d45-f481-4121-bf0c-974889d6b4dd,59621000,Essential hypertension,2014-06-16
CND-2276,de953d45-f481-4121-bf0c-974889d6b4dd,709044004,Chronic kidney disease stage 2/3,2022-09-09
CND-2277,2beb27f9-1ef0-4ea1-8201-f3b67ba25ab5,44054006,Type 2 diabetes mellitus,2021-11-03
CND-2278,2beb27f9-1ef0-4ea1-8201-f3b67ba25ab5,15777000,Prediabetes,2011-10-05
CND-2279,b41cca3e-72f6-4e68-9f07-7eec24fb792c,59621000,Essential hypertension,2009-06-17
CND-2280,39afd1ff-ee33-4c10-a4e9-44ec71054571,59621000,Essential hypertension,2009-09-01
CND-2281,39afd1ff-ee33-4c10-a4e9-44ec71054571,44054006,Type 2 diabetes mellitus,2014-12-23
CND-2282,39afd1ff-ee33-4c10-a4e9-44ec71054571,238131007,Overweight,2016-07-19
CND-2283,279f9c84-a458-4bf3-9555-0da34e52a03a,59621000,Essential hypertension,2013-07-03
CND-2284,279f9c84-a458-4bf3-9555-0da34e52a03a,238131007,Overweight,2021-03-08
CND-2285,529680a7-3bed-49d4-82ef-6655eed9e4a0,44054006,Type 2 diabetes mellitus,2010-09-30
CND-2286,5c2f4443-70c1-4bde-9cfc-c5bc6797ae07,59621000,Essential hypertension,2020-10-05
CND-2287,5c2f4443-70c1-4bde-9cfc-c5bc6797ae07,44054006,Type 2 diabetes mellitus,2013-12-21
CND-2288,5c2f4443-70c1-4bde-9cfc-c5bc6797ae07,195967001,Asthma,2018-11-02
CND-2289,5c2f4443-70c1-4bde-9cfc-c5bc6797ae07,709044004,Chronic kidney disease stage 2/3,2020-04-25
CND-2290,5c2f4443-70c1-4bde-9cfc-c5bc6797ae07,238131007,Overweight,2016-10-12
CND-2291,95c42a7b-a2da-48b0-8530-e5f4c6c3a0b6,44054006,Type 2 diabetes mellitus,2017-10-24
CND-2292,95c42a7b-a2da-48b0-8530-e5f4c6c3a0b6,195967001,Asthma,2015-12-10
CND-2293,95c42a7b-a2da-48b0-8530-e5f4c6c3a0b6,709044004,Chronic kidney disease stage 2/3,2009-05-25
CND-2294,95c42a7b-a2da-48b0-8530-e5f4c6c3a0b6,238131007,Overweight,2018-10-28
CND-2295,95c42a7b-a2da-48b0-8530-e5f4c6c3a0b6,15777000,Prediabetes,2021-12-25
CND-2296,29ddeb00-4d02-4f57-b462-116f41decd4c,59621000,Essential hypertension,2013-10-29
CND-2297,29ddeb00-4d02-4f57-b462-116f41decd4c,238131007,Overweight,2009-08-14
CND-2298,29ddeb00-4d02-4f57-b462-116f41decd4c,15777000,Prediabetes,2015-05-13
CND-2299,1418e61c-1f52-415b-ab5c-e71700148ad6,44054006,Type 2 diabetes mellitus,2020-05-31
CND-2300,1418e61c-1f52-415b-ab5c-e71700148ad6,709044004,Chronic kidney disease stage 2/3,2021-04-14
CND-2301,1418e61c-1f52-415b-ab5c-e71700148ad6,238131007,Overweight,2013-10-06
CND-2302,9d1808e5-7976-46e3-8fd1-a0665c26338f,238131007,Overweight,2016-12-10
CND-2303,d440f5cb-eeb1-47be-b1ec-2b88b6aa3733,59621000,Essential hypertension,2019-07-07
CND-2304,d440f5cb-eeb1-47be-b1ec-2b88b6aa3733,44054006,Type 2 diabetes mellitus,2009-05-30
CND-2305,d440f5cb-eeb1-47be-b1ec-2b88b6aa3733,195967001,Asthma,2012-09-08
CND-2306,d440f5cb-eeb1-47be-b1ec-2b88b6aa3733,238131007,Overweight,2013-07-01
CND-2307,92d233d1-ef73-4674-847d-6a6fdd568f59,709044004,Chronic kidney disease stage 2/3,2014-07-09
CND-2308,92d233d1-ef73-4674-847d-6a6fdd568f59,238131007,Overweight,2015-04-30
CND-2309,ffd635aa-7779-470a-8ef2-e2ebd72105e3,13645005,Chronic obstructive pulmonary disease,2014-06-21
CND-2310,ffd635aa-7779-470a-8ef2-e2ebd72105e3,238131007,Overweight,2012-07-06
CND-2311,5ba52233-d745-4d79-a609-ad8b896fe805,59621000,Essential hypertension,2013-11-06
CND-2312,5ba52233-d745-4d79-a609-ad8b896fe805,44054006,Type 2 diabetes mellitus,2020-10-03
CND-2313,cd4820ad-006b-4267-9eca-9f75c22d5960,44054006,Type 2 diabetes mellitus,2016-12-28
CND-2314,cd4820ad-006b-4267-9eca-9f75c22d5960,238131007,Overweight,2014-06-23
CND-2315,495c24a0-321a-4843-aba2-dea3f10f3fd1,13645005,Chronic obstructive pulmonary disease,2022-03-17
CND-2316,495c24a0-321a-4843-aba2-dea3f10f3fd1,238131007,Overweight,2017-05-15
CND-2317,a1bb16ff-eac4-4bd8-a1f9-ffe1dfc68396,59621000,Essential hypertension,2018-05-10
CND-2318,a1bb16ff-eac4-4bd8-a1f9-ffe1dfc68396,44054006,Type 2 diabetes mellitus,2016-11-26
CND-2319,a1bb16ff-eac4-4bd8-a1f9-ffe1dfc68396,195967001,Asthma,2009-06-09
CND-2320,68d7ecc9-e27f-4b97-97c9-ca4e70559bb3,238131007,Overweight,2010-09-27
CND-2321,8cece3f2-3a73-44cb-9355-985719fc4b74,195967001,Asthma,2018-10-17
CND-2322,986af43e-d811-4b2f-8627-8c343e2c13d0,59621000,Essential hypertension,2021-08-02
CND-2323,986af43e-d811-4b2f-8627-8c343e2c13d0,195967001,Asthma,2017-04-17
CND-2324,984b52e6-6e86-4fdc-b3cf-3db86e7a0141,59621000,Essential hypertension,2014-04-23
CND-2325,984b52e6-6e86-4fdc-b3cf-3db86e7a0141,238131007,Overweight,2016-12-12
CND-2326,1fff0b3b-4a56-4782-a5d0-834b51e446fd,59621000,Essential hypertension,2015-12-02
CND-2327,bd20556f-6bad-4a9f-b828-14c365c1ad81,59621000,Essential hypertension,2017-10-11
CND-2328,bd20556f-6bad-4a9f-b828-14c365c1ad81,44054006,Type 2 diabetes mellitus,2010-08-08
CND-2329,bd20556f-6bad-4a9f-b828-14c365c1ad81,195967001,Asthma,2017-09-29
CND-2330,bd20556f-6bad-4a9f-b828-14c365c1ad81,238131007,Overweight,2014-08-07
CND-2331,91328123-4f2e-4938-8ff2-d693889b332a,59621000,Essential hypertension,2019-10-12
CND-2332,91328123-4f2e-4938-8ff2-d693889b332a,44054006,Type 2 diabetes mellitus,2011-12-03
CND-2333,296b55e6-1f8b-44b1-8b88-5c5719f834da,195967001,Asthma,2022-07-11
CND-2334,296b55e6-1f8b-44b1-8b88-5c5719f834da,709044004,Chronic kidney disease stage 2/3,2010-12-01
CND-2335,b4e54d6f-57a7-474a-aacc-5281370dd6a3,59621000,Essential hypertension,2011-05-03
CND-2336,b4e54d6f-57a7-474a-aacc-5281370dd6a3,709044004,Chronic kidney disease stage 2/3,2010-11-03
CND-2337,b4e54d6f-57a7-474a-aacc-5281370dd6a3,13645005,Chronic obstructive pulmonary disease,2017-12-05
CND-2338,b4e54d6f-57a7-474a-aacc-5281370dd6a3,238131007,Overweight,2015-11-09
CND-2339,066f9cd4-250c-4e79-9c76-e591bb71cc46,59621000,Essential hypertension,2009-05-25
CND-2340,066f9cd4-250c-4e79-9c76-e591bb71cc46,15777000,Prediabetes,2015-07-22
CND-2341,1302aab6-ac44-4ab6-bfb8-e5730d29359c,709044004,Chronic kidney disease stage 2/3,2021-06-20
CND-2342,fc016aaa-521f-425b-9fa5-8f7a710aa578,59621000,Essential hypertension,2009-07-24
CND-2343,fc016aaa-521f-425b-9fa5-8f7a710aa578,44054006,Type 2 diabetes mellitus,2017-12-06
CND-2344,fc016aaa-521f-425b-9fa5-8f7a710aa578,195967001,Asthma,2021-03-23
CND-2345,43c11e7b-f43a-4453-b85e-20f876b05b43,59621000,Essential hypertension,2021-09-02
CND-2346,43c11e7b-f43a-4453-b85e-20f876b05b43,44054006,Type 2 diabetes mellitus,2010-09-24
CND-2347,5c4bb924-4a1b-4504-9d46-ed7a6d0f839d,195967001,Asthma,2021-11-21
CND-2348,5c4bb924-4a1b-4504-9d46-ed7a6d0f839d,238131007,Overweight,2012-07-31
CND-2349,5c4bb924-4a1b-4504-9d46-ed7a6d0f839d,15777000,Prediabetes,2021-09-28
CND-2350,5fe8079b-4094-4205-a599-1b026e84ff9b,238131007,Overweight,2021-09-20
CND-2351,fad2f441-e5fa-4414-ac64-05d6251f6333,709044004,Chronic kidney disease stage 2/3,2017-07-19
CND-2352,a8016e4f-db40-4388-8d68-fe4493395a0f,709044004,Chronic kidney disease stage 2/3,2014-05-20
CND-2353,63b13edb-2828-438f-aa26-c8d4f79b9e17,709044004,Chronic kidney disease stage 2/3,2015-10-26
CND-2354,63b13edb-2828-438f-aa26-c8d4f79b9e17,238131007,Overweight,2013-11-17
CND-2355,a3bc2498-3d30-4e44-85de-acaef356398f,238131007,Overweight,2010-05-31
CND-2356,a3bc2498-3d30-4e44-85de-acaef356398f,15777000,Prediabetes,2021-10-08
CND-2357,4f086b20-5b52-4628-ae85-3496a2670a9f,59621000,Essential hypertension,2012-10-16
CND-2358,4f086b20-5b52-4628-ae85-3496a2670a9f,195967001,Asthma,2011-12-18
CND-2359,4f086b20-5b52-4628-ae85-3496a2670a9f,15777000,Prediabetes,2020-05-06
CND-2360,714d1287-92fc-47e5-b39b-297bf7182dba,195967001,Asthma,2021-05-21
CND-2361,714d1287-92fc-47e5-b39b-297bf7182dba,15777000,Prediabetes,2011-10-04
CND-2362,50ed142b-e02a-4c2b-aca7-a5f3ede702cb,59621000,Essential hypertension,2010-05-30
CND-2363,50ed142b-e02a-4c2b-aca7-a5f3ede702cb,44054006,Type 2 diabetes mellitus,2014-08-02
CND-2364,50ed142b-e02a-4c2b-aca7-a5f3ede702cb,195967001,Asthma,2014-06-25
CND-2365,50ed142b-e02a-4c2b-aca7-a5f3ede702cb,238131007,Overweight,2015-06-14
CND-2366,f739524f-2e6a-4e28-8d59-80268abe5a45,44054006,Type 2 diabetes mellitus,2019-12-09
CND-2367,f393a35a-14ab-4b5a-b679-eca940e4c0dc,59621000,Essential hypertension,2019-04-02
CND-2368,f393a35a-14ab-4b5a-b679-eca940e4c0dc,13645005,Chronic obstructive pulmonary disease,2019-12-27
CND-2369,1dd8fbda-55fa-4ae3-9ff9-01626acbbcfb,195967001,Asthma,2022-05-25
CND-2370,1dd8fbda-55fa-4ae3-9ff9-01626acbbcfb,238131007,Overweight,2014-05-24
CND-2371,42460f2e-2483-4d29-8d99-998953ce831c,59621000,Essential hypertension,2010-10-02
CND-2372,42460f2e-2483-4d29-8d99-998953ce831c,13645005,Chronic obstructive pulmonary disease,2015-04-26
CND-2373,2ee22e5d-73cc-4aeb-ae92-bbf16cab8dd8,15777000,Prediabetes,2013-12-07
CND-2374,368ce85d-b9c7-40a6-987b-6272ef654034,44054006,Type 2 diabetes mellitus,2014-07-13
CND-2375,911b1734-5ae9-42ab-bdf7-1e26e8616478,195967001,Asthma,2022-05-21
CND-2376,54129bbf-6eed-4211-a2fc-683e6f98c4dd,238131007,Overweight,2016-06-03
CND-2377,911811d2-7c61-4e8b-b201-1a91538d770e,238131007,Overweight,2010-07-17
CND-2378,911811d2-7c61-4e8b-b201-1a91538d770e,15777000,Prediabetes,2012-11-21
CND-2379,1d3163bb-0e46-40f0-9c91-1cd1cd6ca2cf,195967001,Asthma,2012-08-08
CND-2380,1d3163bb-0e46-40f0-9c91-1cd1cd6ca2cf,13645005,Chronic obstructive pulmonary disease,2016-04-26
CND-2381,1d3163bb-0e46-40f0-9c91-1cd1cd6ca2cf,238131007,Overweight,2009-04-19
CND-2382,bd36aed3-1d86-42e8-997d-a4d40e415037,59621000,Essential hypertension,2021-12-04
CND-2383,bd36aed3-1d86-42e8-997d-a4d40e415037,44054006,Type 2 diabetes mellitus,2019-08-12
CND-2384,bd36aed3-1d86-42e8-997d-a4d40e415037,238131007,Overweight,2016-06-13
CND-2385,a9dbed8c-6b76-43e1-bb80-fd16ede22da6,59621000,Essential hypertension,2015-11-13
CND-2386,a9dbed8c-6b76-43e1-bb80-fd16ede22da6,238131007,Overweight,2015-06-30
CND-2387,39064947-ceb2-46e8-bcd3-b392a40d574f,59621000,Essential hypertension,2020-03-25
CND-2388,39064947-ceb2-46e8-bcd3-b392a40d574f,195967001,Asthma,2017-10-19
CND-2389,39064947-ceb2-46e8-bcd3-b392a40d574f,238131007,Overweight,2020-11-18
CND-2390,74b0f45a-cbc3-4b55-893a-83e901c3b070,709044004,Chronic kidney disease stage 2/3,2015-08-23
CND-2391,a219614a-92e0-4c4b-be6a-087114381cbe,238131007,Overweight,2013-11-25
CND-2392,a219614a-92e0-4c4b-be6a-087114381cbe,15777000,Prediabetes,2019-10-04
CND-2393,c2d27bd8-1cc7-429b-ac8d-891603039f2d,59621000,Essential hypertension,2013-04-23
CND-2394,c2d27bd8-1cc7-429b-ac8d-891603039f2d,44054006,Type 2 diabetes mellitus,2020-12-27
CND-2395,364ec702-fd80-4d8e-b704-863cc99ac52e,59621000,Essential hypertension,2017-04-01
CND-2396,364ec702-fd80-4d8e-b704-863cc99ac52e,15777000,Prediabetes,2012-03-27
CND-2397,a5a79800-bf80-4439-a189-ee30cb040e79,195967001,Asthma,2013-11-05
CND-2398,a5a79800-bf80-4439-a189-ee30cb040e79,709044004,Chronic kidney disease stage 2/3,2012-11-03
CND-2399,3ec70f45-0e7d-435f-b6e2-8b534cb29e51,59621000,Essential hypertension,2019-12-18
CND-2400,3ec70f45-0e7d-435f-b6e2-8b534cb29e51,44054006,Type 2 diabetes mellitus,2018-07-11
CND-2401,3ec70f45-0e7d-435f-b6e2-8b534cb29e51,195967001,Asthma,2010-04-07
CND-2402,3ec70f45-0e7d-435f-b6e2-8b534cb29e51,709044004,Chronic kidney disease stage 2/3,2018-07-12
CND-2403,782cef8f-4afa-47bd-9812-e8c6c65ab5bf,44054006,Type 2 diabetes mellitus,2015-05-05
CND-2404,782cef8f-4afa-47bd-9812-e8c6c65ab5bf,195967001,Asthma,2020-09-21
CND-2405,782cef8f-4afa-47bd-9812-e8c6c65ab5bf,15777000,Prediabetes,2020-05-21
CND-2406,70d20291-2d31-4e10-823c-8e01682cf599,59621000,Essential hypertension,2011-04-07
CND-2407,70d20291-2d31-4e10-823c-8e01682cf599,44054006,Type 2 diabetes mellitus,2020-03-24
CND-2408,70d20291-2d31-4e10-823c-8e01682cf599,195967001,Asthma,2017-07-17
CND-2409,70d20291-2d31-4e10-823c-8e01682cf599,238131007,Overweight,2021-05-12
CND-2410,70d20291-2d31-4e10-823c-8e01682cf599,15777000,Prediabetes,2013-07-20
CND-2411,6d131d91-5fbe-4bde-aa2c-1385396ae4f4,195967001,Asthma,2021-08-09
CND-2412,b98409fb-ecfc-447f-a614-aa6d58dc7a49,195967001,Asthma,2017-03-11
CND-2413,b98409fb-ecfc-447f-a614-aa6d58dc7a49,238131007,Overweight,2009-07-04
CND-2414,846d5516-0d3b-45ad-b40c-36a1ed98f9cc,195967001,Asthma,2018-10-18
CND-2415,846d5516-0d3b-45ad-b40c-36a1ed98f9cc,709044004,Chronic kidney disease stage 2/3,2016-10-04
CND-2416,77188591-4948-40a8-bb7b-9546904d40cc,59621000,Essential hypertension,2016-11-09
CND-2417,77188591-4948-40a8-bb7b-9546904d40cc,44054006,Type 2 diabetes mellitus,2018-03-23
CND-2418,ec03eb64-0309-4134-8c77-ec311da2db45,59621000,Essential hypertension,2009-06-30
CND-2419,ec03eb64-0309-4134-8c77-ec311da2db45,238131007,Overweight,2016-07-17
CND-2420,bdae4d9e-2517-4da3-b0e4-e0321d1174a7,44054006,Type 2 diabetes mellitus,2009-09-28
CND-2421,bdae4d9e-2517-4da3-b0e4-e0321d1174a7,709044004,Chronic kidney disease stage 2/3,2020-06-22
CND-2422,a98d6780-31c6-4d1d-a2fb-d227a36c029d,59621000,Essential hypertension,2011-06-17
CND-2423,527463d8-8c05-47c7-a015-55889b4db09d,59621000,Essential hypertension,2017-11-18
CND-2424,527463d8-8c05-47c7-a015-55889b4db09d,15777000,Prediabetes,2016-07-30
CND-2425,60832cdd-692d-4c55-b0a9-4667dc0c8b53,44054006,Type 2 diabetes mellitus,2015-07-02
CND-2426,60832cdd-692d-4c55-b0a9-4667dc0c8b53,238131007,Overweight,2011-07-03
CND-2427,88efa5bc-3646-4ab3-af22-13d21690898e,59621000,Essential hypertension,2010-06-30
CND-2428,88efa5bc-3646-4ab3-af22-13d21690898e,44054006,Type 2 diabetes mellitus,2013-11-26
CND-2429,6c9e5b76-7dbd-435d-954b-f4016fe6062c,59621000,Essential hypertension,2012-06-04
CND-2430,6c9e5b76-7dbd-435d-954b-f4016fe6062c,709044004,Chronic kidney disease stage 2/3,2021-07-27
CND-2431,6c9e5b76-7dbd-435d-954b-f4016fe6062c,238131007,Overweight,2018-10-16
CND-2432,a97211ca-6f05-44b6-ab57-930a6db477ec,195967001,Asthma,2019-11-11
CND-2433,99d1174c-4ab3-4b5b-8c7f-52818cb4706c,238131007,Overweight,2022-09-19
CND-2434,7d23ac55-9388-4b93-9567-93f9a7dfb76e,44054006,Type 2 diabetes mellitus,2018-10-26
CND-2435,7d23ac55-9388-4b93-9567-93f9a7dfb76e,238131007,Overweight,2019-04-07
CND-2436,69934fab-d06b-4905-aa5d-5e200094da33,59621000,Essential hypertension,2009-06-03
CND-2437,69934fab-d06b-4905-aa5d-5e200094da33,195967001,Asthma,2009-05-02
CND-2438,e3055cc9-9c35-445a-95ae-7017afdb91a5,238131007,Overweight,2017-11-25
CND-2439,e3055cc9-9c35-445a-95ae-7017afdb91a5,15777000,Prediabetes,2020-08-09
CND-2440,1c534ad6-9616-47d2-87a5-89cb867003d4,238131007,Overweight,2018-07-18
CND-2441,eec22a65-6106-4197-9d26-9ed87677f1bf,59621000,Essential hypertension,2019-05-19
CND-2442,eec22a65-6106-4197-9d26-9ed87677f1bf,44054006,Type 2 diabetes mellitus,2010-05-11
CND-2443,e153cea7-0d92-4d41-bcb1-cba2516d9b7b,238131007,Overweight,2021-04-11
CND-2444,e153cea7-0d92-4d41-bcb1-cba2516d9b7b,15777000,Prediabetes,2019-07-07
CND-2445,77cf4cb7-7758-4eb1-894d-d54971e0fcee,238131007,Overweight,2010-12-03
CND-2446,b1410abb-b613-4ce2-a06e-d4a84f1633b7,59621000,Essential hypertension,2022-03-08
CND-2447,b1410abb-b613-4ce2-a06e-d4a84f1633b7,195967001,Asthma,2020-05-25
CND-2448,b1410abb-b613-4ce2-a06e-d4a84f1633b7,13645005,Chronic obstructive pulmonary disease,2022-07-13
CND-2449,a8a70909-3af2-4b7e-bf24-ab231968bab5,238131007,Overweight,2012-10-05
CND-2450,a3b570b2-8094-4eb7-9d2a-17eba2f2cfb1,59621000,Essential hypertension,2022-09-29
CND-2451,a3b570b2-8094-4eb7-9d2a-17eba2f2cfb1,44054006,Type 2 diabetes mellitus,2013-07-20
CND-2452,a3b570b2-8094-4eb7-9d2a-17eba2f2cfb1,13645005,Chronic obstructive pulmonary disease,2016-09-27
CND-2453,a3b570b2-8094-4eb7-9d2a-17eba2f2cfb1,238131007,Overweight,2013-12-13
CND-2454,406b4c0d-5d5a-4010-a56f-d52104fd4cf3,238131007,Overweight,2016-09-19
CND-2455,1422a858-9e5d-46ce-82ce-0dfe4f5c4bf1,59621000,Essential hypertension,2021-09-04
CND-2456,1422a858-9e5d-46ce-82ce-0dfe4f5c4bf1,44054006,Type 2 diabetes mellitus,2021-07-31
CND-2457,2324b7ac-52a1-4528-8a15-3ca7f106f3c6,195967001,Asthma,2017-08-27
CND-2458,1cdda72a-866a-4b85-983f-0b1cf5960a8d,709044004,Chronic kidney disease stage 2/3,2009-07-24
CND-2459,1cdda72a-866a-4b85-983f-0b1cf5960a8d,238131007,Overweight,2018-09-19
CND-2460,9689d9a3-eb7c-46b7-b931-c87a39cc67d1,59621000,Essential hypertension,2022-09-23
CND-2461,e9d8cac3-6b9f-4355-8d77-00a0bcacbe5f,44054006,Type 2 diabetes mellitus,2022-06-13
CND-2462,e9d8cac3-6b9f-4355-8d77-00a0bcacbe5f,238131007,Overweight,2020-09-12
CND-2463,c8346f49-a4c1-4553-9638-a3f995c599c5,59621000,Essential hypertension,2014-06-05
CND-2464,5acde535-9692-4c96-b57c-521f98be64c8,44054006,Type 2 diabetes mellitus,2018-06-07
CND-2465,5acde535-9692-4c96-b57c-521f98be64c8,195967001,Asthma,2012-07-14
CND-2466,259fcea7-a79a-480b-bffa-aa96060c5457,59621000,Essential hypertension,2010-06-21
CND-2467,4cade701-94b5-491a-a92c-b9f75ccb600c,59621000,Essential hypertension,2011-08-03
CND-2468,4cade701-94b5-491a-a92c-b9f75ccb600c,44054006,Type 2 diabetes mellitus,2011-07-11
CND-2469,4cade701-94b5-491a-a92c-b9f75ccb600c,238131007,Overweight,2012-05-03
CND-2470,3825636c-7339-4276-b729-951b3164be22,59621000,Essential hypertension,2018-09-17
CND-2471,3825636c-7339-4276-b729-951b3164be22,195967001,Asthma,2022-12-18
CND-2472,3825636c-7339-4276-b729-951b3164be22,13645005,Chronic obstructive pulmonary disease,2020-05-11
CND-2473,3825636c-7339-4276-b729-951b3164be22,15777000,Prediabetes,2012-12-05
CND-2474,410b22aa-4da6-4d89-a653-928db0ec6c38,44054006,Type 2 diabetes mellitus,2022-06-01
CND-2475,dff3f461-40ac-46e4-a44e-ad99e9fcd19e,59621000,Essential hypertension,2019-03-18
CND-2476,dff3f461-40ac-46e4-a44e-ad99e9fcd19e,44054006,Type 2 diabetes mellitus,2015-06-11
CND-2477,a41b6233-1ff3-41bf-8905-3a4944ff8196,59621000,Essential hypertension,2014-06-07
CND-2478,dd15efc8-85bb-4463-80c1-d7d2e075b540,195967001,Asthma,2016-08-06
CND-2479,f61e7ee3-4706-4cf2-9634-a2d728942c69,59621000,Essential hypertension,2019-08-26
CND-2480,f61e7ee3-4706-4cf2-9634-a2d728942c69,195967001,Asthma,2018-11-15
CND-2481,f61e7ee3-4706-4cf2-9634-a2d728942c69,238131007,Overweight,2016-06-13
CND-2482,f61e7ee3-4706-4cf2-9634-a2d728942c69,15777000,Prediabetes,2016-12-01
CND-2483,11418a6f-9cd8-46de-a798-fc5df9ed315f,44054006,Type 2 diabetes mellitus,2018-07-17
CND-2484,11418a6f-9cd8-46de-a798-fc5df9ed315f,238131007,Overweight,2021-11-12
CND-2485,11418a6f-9cd8-46de-a798-fc5df9ed315f,15777000,Prediabetes,2013-09-20
CND-2486,d7b716d5-2661-4592-bace-0bcd9094dce7,709044004,Chronic kidney disease stage 2/3,2009-06-02
CND-2487,d7b716d5-2661-4592-bace-0bcd9094dce7,238131007,Overweight,2017-06-20
CND-2488,07b7d494-8360-4b7e-90a3-cfb3b2c019e4,59621000,Essential hypertension,2011-07-26
CND-2489,07b7d494-8360-4b7e-90a3-cfb3b2c019e4,195967001,Asthma,2009-06-07
CND-2490,07b7d494-8360-4b7e-90a3-cfb3b2c019e4,238131007,Overweight,2021-06-01
CND-2491,3ddea9a9-eb5a-48e3-b826-27ce71af4506,195967001,Asthma,2015-12-01
CND-2492,3ddea9a9-eb5a-48e3-b826-27ce71af4506,709044004,Chronic kidney disease stage 2/3,2011-11-23
CND-2493,bb7314ce-1bc2-4106-9216-ab7185450f06,59621000,Essential hypertension,2018-09-21
CND-2494,bb7314ce-1bc2-4106-9216-ab7185450f06,238131007,Overweight,2013-04-19
CND-2495,19a09c2e-31c7-460c-8a32-ee48b8d4dc14,59621000,Essential hypertension,2012-11-18
CND-2496,19a09c2e-31c7-460c-8a32-ee48b8d4dc14,195967001,Asthma,2019-08-01
CND-2497,19a09c2e-31c7-460c-8a32-ee48b8d4dc14,709044004,Chronic kidney disease stage 2/3,2016-06-05
CND-2498,19a09c2e-31c7-460c-8a32-ee48b8d4dc14,238131007,Overweight,2010-06-30
CND-2499,d5b105c1-7d1c-4ebe-bd9b-a368cc6986f7,238131007,Overweight,2014-11-04
CND-2500,d5b105c1-7d1c-4ebe-bd9b-a368cc6986f7,15777000,Prediabetes,2009-05-01
CND-2501,c2f10917-da99-4c8f-8ee1-c46d306fa945,195967001,Asthma,2019-09-04
CND-2502,c2f10917-da99-4c8f-8ee1-c46d306fa945,13645005,Chronic obstructive pulmonary disease,2013-05-11
CND-2503,c2f10917-da99-4c8f-8ee1-c46d306fa945,238131007,Overweight,2020-08-04
CND-2504,c0eb5c49-e707-4285-80fb-f5f28f402dfd,59621000,Essential hypertension,2014-10-22
CND-2505,c0eb5c49-e707-4285-80fb-f5f28f402dfd,238131007,Overweight,2018-06-02
CND-2506,aee4931a-c1d6-4bdd-898c-6702df301a2a,59621000,Essential hypertension,2010-09-22
CND-2507,aee4931a-c1d6-4bdd-898c-6702df301a2a,709044004,Chronic kidney disease stage 2/3,2014-04-05
CND-2508,aee4931a-c1d6-4bdd-898c-6702df301a2a,238131007,Overweight,2009-12-12
CND-2509,aee4931a-c1d6-4bdd-898c-6702df301a2a,15777000,Prediabetes,2013-04-14
CND-2510,c0024d12-1bea-4961-92ae-a804ec2c47fe,238131007,Overweight,2009-03-19
CND-2511,32e5358e-9172-4d7d-af56-e7346b746441,195967001,Asthma,2015-04-19
CND-2512,0ef19069-ec57-4845-9742-2010bd3f0e06,238131007,Overweight,2011-08-04
CND-2513,c435c1c6-effe-4922-a2c8-838ebaed992d,59621000,Essential hypertension,2021-03-09
CND-2514,c435c1c6-effe-4922-a2c8-838ebaed992d,238131007,Overweight,2020-10-11
CND-2515,cd7060f8-9cc5-4741-9ccb-e7a85aa4b4e2,59621000,Essential hypertension,2020-10-12
CND-2516,cd7060f8-9cc5-4741-9ccb-e7a85aa4b4e2,195967001,Asthma,2009-10-27
CND-2517,5c802c25-5901-4e4d-b57a-638c9d463c53,59621000,Essential hypertension,2015-07-29
CND-2518,cd9edce5-26e0-4233-90d7-e222ea38a809,44054006,Type 2 diabetes mellitus,2019-09-15
CND-2519,cd9edce5-26e0-4233-90d7-e222ea38a809,195967001,Asthma,2021-04-12
CND-2520,cd9edce5-26e0-4233-90d7-e222ea38a809,238131007,Overweight,2016-11-09
CND-2521,143ead5d-db64-4d37-8db2-a66ebd0f29ef,238131007,Overweight,2009-03-31
CND-2522,ede1cb54-18b9-4080-a71a-8f751757e35e,59621000,Essential hypertension,2010-06-24
CND-2523,ede1cb54-18b9-4080-a71a-8f751757e35e,195967001,Asthma,2018-07-27
CND-2524,ede1cb54-18b9-4080-a71a-8f751757e35e,238131007,Overweight,2019-09-24
CND-2525,75877dff-cbd0-41ca-af38-f2eaa8846ffb,44054006,Type 2 diabetes mellitus,2016-05-24
CND-2526,75877dff-cbd0-41ca-af38-f2eaa8846ffb,238131007,Overweight,2022-09-10
CND-2527,75877dff-cbd0-41ca-af38-f2eaa8846ffb,15777000,Prediabetes,2018-05-01
CND-2528,f53649b2-03f8-4a63-8f7f-c416f11acbf2,59621000,Essential hypertension,2016-12-22
CND-2529,dae402cc-ab13-4dc1-b028-a1fd501d0a84,238131007,Overweight,2021-06-18
CND-2530,3c573873-535c-418d-9052-cfa3754533ff,59621000,Essential hypertension,2021-12-03
CND-2531,3c573873-535c-418d-9052-cfa3754533ff,13645005,Chronic obstructive pulmonary disease,2009-07-29
CND-2532,3cdd0f77-c8b4-4aee-898c-a3350c2a0f31,59621000,Essential hypertension,2017-09-22
CND-2533,3cdd0f77-c8b4-4aee-898c-a3350c2a0f31,15777000,Prediabetes,2019-07-18
CND-2534,6b042c33-e02c-47f9-b00c-2a0ec28612ec,59621000,Essential hypertension,2013-04-21
CND-2535,6b042c33-e02c-47f9-b00c-2a0ec28612ec,195967001,Asthma,2010-04-02
CND-2536,6b042c33-e02c-47f9-b00c-2a0ec28612ec,709044004,Chronic kidney disease stage 2/3,2022-09-08
CND-2537,6b042c33-e02c-47f9-b00c-2a0ec28612ec,13645005,Chronic obstructive pulmonary disease,2014-06-20
CND-2538,6b042c33-e02c-47f9-b00c-2a0ec28612ec,238131007,Overweight,2022-05-04
CND-2539,702cad56-8a96-4db3-8d84-b94fa796ae12,44054006,Type 2 diabetes mellitus,2016-12-24
CND-2540,702cad56-8a96-4db3-8d84-b94fa796ae12,238131007,Overweight,2021-05-27
CND-2541,e0e6af19-eb7b-40d4-947b-0e4ba38a22b5,59621000,Essential hypertension,2018-07-30
CND-2542,88ed3e16-5701-4661-9826-007ffe5463d2,15777000,Prediabetes,2014-04-07
CND-2543,459bb7c4-204c-4c34-bd83-3c21a471bb84,59621000,Essential hypertension,2013-06-16
CND-2544,459bb7c4-204c-4c34-bd83-3c21a471bb84,44054006,Type 2 diabetes mellitus,2020-12-17
CND-2545,459bb7c4-204c-4c34-bd83-3c21a471bb84,238131007,Overweight,2016-08-04
CND-2546,1af32c3b-a477-48a0-8182-f59a2a846806,59621000,Essential hypertension,2009-07-22
CND-2547,bea5eaf1-4fc1-479d-ad55-4d63d5aea6bc,59621000,Essential hypertension,2011-09-26
CND-2548,bea5eaf1-4fc1-479d-ad55-4d63d5aea6bc,238131007,Overweight,2011-04-08
CND-2549,bea5eaf1-4fc1-479d-ad55-4d63d5aea6bc,15777000,Prediabetes,2020-10-02
CND-2550,c5951aec-48e3-4017-ba79-e505f37c4176,59621000,Essential hypertension,2019-05-20
CND-2551,d4b88e05-e121-4f56-a45e-f7002c7d88e0,195967001,Asthma,2021-06-09
CND-2552,41528e7c-a647-4ddd-a7aa-8b8a8029b6cb,59621000,Essential hypertension,2017-09-20
CND-2553,41528e7c-a647-4ddd-a7aa-8b8a8029b6cb,15777000,Prediabetes,2013-12-19
CND-2554,598355d3-667e-43ff-9fe6-4a1d7b348a25,195967001,Asthma,2009-05-05
CND-2555,eed28b00-c4f7-4500-80c0-b3b81a9374dc,709044004,Chronic kidney disease stage 2/3,2022-12-16
CND-2556,eed28b00-c4f7-4500-80c0-b3b81a9374dc,13645005,Chronic obstructive pulmonary disease,2016-12-28
CND-2557,53a333a9-ec50-4c1f-962c-158164831319,59621000,Essential hypertension,2013-04-30
CND-2558,10778325-dd58-45ad-b232-4cf5f6796b98,59621000,Essential hypertension,2016-03-13
CND-2559,10778325-dd58-45ad-b232-4cf5f6796b98,44054006,Type 2 diabetes mellitus,2019-12-01
CND-2560,10778325-dd58-45ad-b232-4cf5f6796b98,238131007,Overweight,2014-09-18
CND-2561,19a11411-7795-409e-8e68-7432b47a23a7,13645005,Chronic obstructive pulmonary disease,2013-07-24
CND-2562,50db3436-24b5-4481-a248-2dc5bbf4344b,59621000,Essential hypertension,2022-11-27
CND-2563,50db3436-24b5-4481-a248-2dc5bbf4344b,44054006,Type 2 diabetes mellitus,2013-04-03
CND-2564,50db3436-24b5-4481-a248-2dc5bbf4344b,238131007,Overweight,2022-04-16
CND-2565,50db3436-24b5-4481-a248-2dc5bbf4344b,15777000,Prediabetes,2022-10-19
CND-2566,12b8bc8e-72cb-43bc-b973-bf153e4f00ef,238131007,Overweight,2014-10-23
CND-2567,38c2fa01-3417-4858-b599-3a12ff5557ac,59621000,Essential hypertension,2009-07-20
CND-2568,38c2fa01-3417-4858-b599-3a12ff5557ac,238131007,Overweight,2022-07-22
CND-2569,b6220630-2cf2-4b38-8195-448e1a34e3ca,195967001,Asthma,2016-11-03
CND-2570,b6220630-2cf2-4b38-8195-448e1a34e3ca,709044004,Chronic kidney disease stage 2/3,2009-03-12
CND-2571,6c4c5a86-02fa-4635-a16b-6025146d9977,709044004,Chronic kidney disease stage 2/3,2020-03-26
CND-2572,7185f134-9b21-4430-a399-c9118c8ae80f,59621000,Essential hypertension,2009-03-31
CND-2573,20f39e48-bdeb-4643-ba65-809ffaa0ca0c,238131007,Overweight,2013-11-14
CND-2574,b242d2a7-7ed3-4ca9-940f-837bf3078980,59621000,Essential hypertension,2015-05-17
CND-2575,b242d2a7-7ed3-4ca9-940f-837bf3078980,195967001,Asthma,2009-06-22
CND-2576,b242d2a7-7ed3-4ca9-940f-837bf3078980,238131007,Overweight,2014-07-21
CND-2577,1654faa1-ab4b-429a-9932-22438e56bf73,59621000,Essential hypertension,2013-11-22
CND-2578,1654faa1-ab4b-429a-9932-22438e56bf73,238131007,Overweight,2017-06-15
CND-2579,a1481f72-175d-4f3a-a392-0bacbd0aa38e,59621000,Essential hypertension,2009-08-26
CND-2580,a1481f72-175d-4f3a-a392-0bacbd0aa38e,44054006,Type 2 diabetes mellitus,2018-03-25
CND-2581,a1481f72-175d-4f3a-a392-0bacbd0aa38e,195967001,Asthma,2009-09-21
CND-2582,a1481f72-175d-4f3a-a392-0bacbd0aa38e,709044004,Chronic kidney disease stage 2/3,2020-06-28
CND-2583,e31d4ea1-a40c-4f7f-97e4-642c54bba041,44054006,Type 2 diabetes mellitus,2017-03-13
CND-2584,e31d4ea1-a40c-4f7f-97e4-642c54bba041,195967001,Asthma,2020-07-18
CND-2585,e31d4ea1-a40c-4f7f-97e4-642c54bba041,709044004,Chronic kidney disease stage 2/3,2018-05-29
CND-2586,f7342ed2-d3d0-42fa-9971-90a662f43ad2,59621000,Essential hypertension,2013-03-23
CND-2587,f7342ed2-d3d0-42fa-9971-90a662f43ad2,709044004,Chronic kidney disease stage 2/3,2014-04-01
CND-2588,e12e4d95-c94b-4aaa-8d3c-8455b4349f59,59621000,Essential hypertension,2016-03-13
CND-2589,cf295ce0-02df-4756-afb8-f1236e0d83c4,59621000,Essential hypertension,2017-11-29
CND-2590,cf295ce0-02df-4756-afb8-f1236e0d83c4,238131007,Overweight,2018-05-19
CND-2591,cf295ce0-02df-4756-afb8-f1236e0d83c4,15777000,Prediabetes,2021-04-01
CND-2592,8ba8c11f-af0a-4574-b606-e65199c1034f,238131007,Overweight,2022-05-29
CND-2593,6c71835d-6553-407e-aa8f-cb5620bfb4b9,15777000,Prediabetes,2021-10-28
CND-2594,d16192a6-5f7f-4685-b9f3-93c422bd6852,59621000,Essential hypertension,2015-10-14
CND-2595,d16192a6-5f7f-4685-b9f3-93c422bd6852,44054006,Type 2 diabetes mellitus,2022-03-23
CND-2596,9282376c-e272-4f3c-a486-8f4dd25e5cb9,59621000,Essential hypertension,2020-05-06
CND-2597,9f9a253b-7ce5-4564-9ea4-35f01c21a6d0,59621000,Essential hypertension,2021-10-06
CND-2598,9f9a253b-7ce5-4564-9ea4-35f01c21a6d0,44054006,Type 2 diabetes mellitus,2020-12-21
CND-2599,9f9a253b-7ce5-4564-9ea4-35f01c21a6d0,13645005,Chronic obstructive pulmonary disease,2012-06-17
CND-2600,0ae4bcbf-1992-4c7b-a589-843a8f03de7b,59621000,Essential hypertension,2021-08-02
CND-2601,3dc86fe4-4034-4ab3-a746-1d958e29356e,238131007,Overweight,2012-07-07
CND-2602,fc0c804c-40ac-45c7-a971-318b3504bda3,59621000,Essential hypertension,2019-09-25
CND-2603,45e6ac7b-9872-48ed-8f2c-9bd972642f94,13645005,Chronic obstructive pulmonary disease,2014-08-15
CND-2604,267094fb-c5d0-409c-8765-215eba5e9daf,13645005,Chronic obstructive pulmonary disease,2015-06-05
CND-2605,8d993d51-f21f-4914-aa7c-29a4c74efed7,59621000,Essential hypertension,2021-07-29
CND-2606,8d993d51-f21f-4914-aa7c-29a4c74efed7,44054006,Type 2 diabetes mellitus,2009-07-03
CND-2607,8d993d51-f21f-4914-aa7c-29a4c74efed7,238131007,Overweight,2011-12-20
CND-2608,f5782cec-fe89-49e6-a15c-2a5955862d7b,59621000,Essential hypertension,2011-03-30
CND-2609,ac3b02d5-80a8-45f4-b3ef-f083df129522,59621000,Essential hypertension,2014-08-26
CND-2610,ac3b02d5-80a8-45f4-b3ef-f083df129522,44054006,Type 2 diabetes mellitus,2009-12-03
CND-2611,ac3b02d5-80a8-45f4-b3ef-f083df129522,238131007,Overweight,2010-03-12
CND-2612,52dd4eb9-022e-4a7b-bf7e-0a727e72d8d4,59621000,Essential hypertension,2018-07-09
CND-2613,52dd4eb9-022e-4a7b-bf7e-0a727e72d8d4,13645005,Chronic obstructive pulmonary disease,2015-05-29
CND-2614,9282626b-5947-4d84-ba57-d2df975a3455,59621000,Essential hypertension,2016-10-03
CND-2615,85ca3646-6bea-429e-8397-23912a479a65,59621000,Essential hypertension,2019-10-12
CND-2616,494ef4ea-6a59-4678-9967-83e1ae6ce0c1,59621000,Essential hypertension,2021-10-19
CND-2617,494ef4ea-6a59-4678-9967-83e1ae6ce0c1,44054006,Type 2 diabetes mellitus,2019-06-27
CND-2618,494ef4ea-6a59-4678-9967-83e1ae6ce0c1,709044004,Chronic kidney disease stage 2/3,2020-09-18
CND-2619,494ef4ea-6a59-4678-9967-83e1ae6ce0c1,13645005,Chronic obstructive pulmonary disease,2018-12-28
CND-2620,cda72ba0-46e0-45af-bad2-8539c8b67947,59621000,Essential hypertension,2017-05-02
CND-2621,cda72ba0-46e0-45af-bad2-8539c8b67947,238131007,Overweight,2020-07-20
CND-2622,a81f0d42-2b12-4561-b84e-90f9f2839908,59621000,Essential hypertension,2016-04-21
CND-2623,a81f0d42-2b12-4561-b84e-90f9f2839908,44054006,Type 2 diabetes mellitus,2014-06-03
CND-2624,a81f0d42-2b12-4561-b84e-90f9f2839908,238131007,Overweight,2015-07-26
CND-2625,efba97cf-1d2b-4d83-b77e-b42de2981678,709044004,Chronic kidney disease stage 2/3,2022-04-18
CND-2626,977b2dd9-392b-44bd-91e2-66eeeb98d863,59621000,Essential hypertension,2011-10-09
CND-2627,977b2dd9-392b-44bd-91e2-66eeeb98d863,238131007,Overweight,2017-12-28
CND-2628,fb20c084-070c-4c75-83c1-9200b86c8806,59621000,Essential hypertension,2022-12-08
CND-2629,fb20c084-070c-4c75-83c1-9200b86c8806,709044004,Chronic kidney disease stage 2/3,2013-12-21
CND-2630,9edaabe5-2e35-4355-826c-67e9837cdc7e,59621000,Essential hypertension,2020-09-16
CND-2631,32f606cb-0657-4f78-8161-d261d206e443,59621000,Essential hypertension,2022-10-23
CND-2632,32f606cb-0657-4f78-8161-d261d206e443,709044004,Chronic kidney disease stage 2/3,2010-09-29
CND-2633,32f606cb-0657-4f78-8161-d261d206e443,238131007,Overweight,2011-09-28
CND-2634,ed4a1e69-b9b0-4796-a4ba-db0c390eb221,44054006,Type 2 diabetes mellitus,2017-11-21
CND-2635,ed4a1e69-b9b0-4796-a4ba-db0c390eb221,13645005,Chronic obstructive pulmonary disease,2013-04-20
CND-2636,b52c0042-0e70-40ab-acd1-6391788b67d8,59621000,Essential hypertension,2014-10-19
CND-2637,b52c0042-0e70-40ab-acd1-6391788b67d8,195967001,Asthma,2009-03-18
CND-2638,aa5fed8c-86d6-45e4-bceb-a1895c32a520,59621000,Essential hypertension,2011-09-01
CND-2639,aa5fed8c-86d6-45e4-bceb-a1895c32a520,238131007,Overweight,2011-08-21
CND-2640,aa5fed8c-86d6-45e4-bceb-a1895c32a520,15777000,Prediabetes,2012-08-21
CND-2641,1beccc46-99b1-445b-9311-f144e7290728,59621000,Essential hypertension,2021-11-24
CND-2642,1beccc46-99b1-445b-9311-f144e7290728,709044004,Chronic kidney disease stage 2/3,2019-06-29
CND-2643,1beccc46-99b1-445b-9311-f144e7290728,13645005,Chronic obstructive pulmonary disease,2021-03-16
CND-2644,6357ebe5-b808-4e5d-bda6-e669b0eb0fc0,59621000,Essential hypertension,2015-12-11
CND-2645,6357ebe5-b808-4e5d-bda6-e669b0eb0fc0,44054006,Type 2 diabetes mellitus,2015-11-03
CND-2646,6357ebe5-b808-4e5d-bda6-e669b0eb0fc0,195967001,Asthma,2017-05-05
CND-2647,5d011068-0c83-4f2b-86d9-0c9ddc5b60cd,59621000,Essential hypertension,2013-05-18
CND-2648,5d011068-0c83-4f2b-86d9-0c9ddc5b60cd,195967001,Asthma,2009-06-04
CND-2649,f10239ce-0c8a-4c6e-9e49-ea9669f43c06,59621000,Essential hypertension,2021-11-05
CND-2650,f10239ce-0c8a-4c6e-9e49-ea9669f43c06,44054006,Type 2 diabetes mellitus,2016-08-11
CND-2651,f10239ce-0c8a-4c6e-9e49-ea9669f43c06,709044004,Chronic kidney disease stage 2/3,2018-10-01
CND-2652,f10239ce-0c8a-4c6e-9e49-ea9669f43c06,238131007,Overweight,2015-06-03
CND-2653,f10239ce-0c8a-4c6e-9e49-ea9669f43c06,15777000,Prediabetes,2021-01-01
CND-2654,0d42c517-3011-4e2e-ab52-45a8d1262ac8,195967001,Asthma,2009-08-20
CND-2655,0d42c517-3011-4e2e-ab52-45a8d1262ac8,13645005,Chronic obstructive pulmonary disease,2017-08-12
CND-2656,e00e8901-5c2c-46d2-945e-cd5d26e2f42d,15777000,Prediabetes,2010-09-16
CND-2657,4336af15-97a2-4235-9136-559187ad9220,709044004,Chronic kidney disease stage 2/3,2019-11-21
CND-2658,4da2dbc6-2172-4047-9011-fd531240ad92,44054006,Type 2 diabetes mellitus,2019-12-14
CND-2659,e99a21ef-0e75-4670-b2e9-a113f4a56541,709044004,Chronic kidney disease stage 2/3,2010-04-25
CND-2660,e99a21ef-0e75-4670-b2e9-a113f4a56541,238131007,Overweight,2014-05-04
CND-2661,65ffd48d-53a3-4dbb-a3c1-4063f08c2387,709044004,Chronic kidney disease stage 2/3,2013-03-19
CND-2662,dcf82801-e81e-4427-9c3b-e4b92c541d91,44054006,Type 2 diabetes mellitus,2015-11-12
CND-2663,2b926858-9045-4b2c-a39f-07f6a144d88b,195967001,Asthma,2016-08-31
CND-2664,16f87d6b-f051-4f90-99f9-5d341ba6d459,44054006,Type 2 diabetes mellitus,2017-12-07
CND-2665,16f87d6b-f051-4f90-99f9-5d341ba6d459,238131007,Overweight,2014-09-22
CND-2666,77de9e9d-a6fe-47e2-932c-debca0d719b6,59621000,Essential hypertension,2013-07-27
CND-2667,77de9e9d-a6fe-47e2-932c-debca0d719b6,44054006,Type 2 diabetes mellitus,2011-10-04
CND-2668,3f5d8c20-55ad-402d-ae36-ad886b61a10f,13645005,Chronic obstructive pulmonary disease,2012-07-07
CND-2669,432c9752-ccc9-4142-b669-b09ea10d8a34,59621000,Essential hypertension,2021-08-15
CND-2670,432c9752-ccc9-4142-b669-b09ea10d8a34,195967001,Asthma,2020-12-21
CND-2671,c38d2633-4bd3-437c-913e-608236417565,15777000,Prediabetes,2020-08-09
CND-2672,3d46e061-0d2a-4313-bc3e-e7430b3d7b51,238131007,Overweight,2020-07-31
CND-2673,b6e4c63a-280d-45dd-86e4-2140cabe90af,59621000,Essential hypertension,2012-04-18
CND-2674,b6e4c63a-280d-45dd-86e4-2140cabe90af,44054006,Type 2 diabetes mellitus,2021-11-06
CND-2675,5cc95e7b-9aa2-41aa-bab3-f1874b0c0448,195967001,Asthma,2022-05-05
CND-2676,5cc95e7b-9aa2-41aa-bab3-f1874b0c0448,13645005,Chronic obstructive pulmonary disease,2022-11-23
CND-2677,c20b0831-90d2-4b3b-b721-f3c9106e26d8,195967001,Asthma,2022-09-26
CND-2678,7658ae5f-0e69-4368-88f8-78bb105ef525,59621000,Essential hypertension,2017-06-05
CND-2679,7658ae5f-0e69-4368-88f8-78bb105ef525,238131007,Overweight,2021-09-29
CND-2680,7658ae5f-0e69-4368-88f8-78bb105ef525,15777000,Prediabetes,2018-06-21
CND-2681,13551748-b88e-45d4-a6e1-0ffe22de46f3,59621000,Essential hypertension,2010-05-18
CND-2682,13551748-b88e-45d4-a6e1-0ffe22de46f3,44054006,Type 2 diabetes mellitus,2010-11-20
CND-2683,13551748-b88e-45d4-a6e1-0ffe22de46f3,709044004,Chronic kidney disease stage 2/3,2011-09-09
CND-2684,13551748-b88e-45d4-a6e1-0ffe22de46f3,238131007,Overweight,2020-10-06
CND-2685,f51dcf44-15ac-4628-b0cd-272d1a200fbd,59621000,Essential hypertension,2018-08-06
CND-2686,f51dcf44-15ac-4628-b0cd-272d1a200fbd,44054006,Type 2 diabetes mellitus,2010-03-28
CND-2687,f51dcf44-15ac-4628-b0cd-272d1a200fbd,238131007,Overweight,2021-10-07
CND-2688,f51dcf44-15ac-4628-b0cd-272d1a200fbd,15777000,Prediabetes,2012-10-14
CND-2689,bb9ca0fa-b363-47ed-ad3a-5b8896abd009,44054006,Type 2 diabetes mellitus,2018-07-24
CND-2690,bb9ca0fa-b363-47ed-ad3a-5b8896abd009,238131007,Overweight,2011-01-02
CND-2691,d9aea20d-adc3-403f-8730-6db8dfb2ca4f,238131007,Overweight,2012-11-12
CND-2692,c4641cba-c166-4369-99d2-6d6697955f95,195967001,Asthma,2014-03-24
CND-2693,c4641cba-c166-4369-99d2-6d6697955f95,709044004,Chronic kidney disease stage 2/3,2011-07-30
CND-2694,c4641cba-c166-4369-99d2-6d6697955f95,238131007,Overweight,2017-12-05
CND-2695,43b67f07-9f72-4668-a037-d677e9c9bb29,44054006,Type 2 diabetes mellitus,2016-03-23
CND-2696,e1db35fa-80ef-4d5d-acab-799e5b34374b,238131007,Overweight,2014-11-25
CND-2697,9218fc7d-ab32-45a7-a76d-7590aaf0d0fb,59621000,Essential hypertension,2014-12-17
CND-2698,9218fc7d-ab32-45a7-a76d-7590aaf0d0fb,13645005,Chronic obstructive pulmonary disease,2016-03-30
CND-2699,97ee1848-80b7-4056-b5b7-1fac6b7be9de,59621000,Essential hypertension,2018-10-19
CND-2700,97ee1848-80b7-4056-b5b7-1fac6b7be9de,15777000,Prediabetes,2014-08-16
CND-2701,9abb6a10-612f-410d-a61b-23284db5e906,15777000,Prediabetes,2009-12-11
CND-2702,dc42690f-c984-4fc8-9c40-f94a92426fcd,44054006,Type 2 diabetes mellitus,2017-06-18
CND-2703,dc42690f-c984-4fc8-9c40-f94a92426fcd,238131007,Overweight,2020-07-28
CND-2704,e576ac8b-4dc6-4a16-8fa3-3a43210e236d,59621000,Essential hypertension,2021-07-30
CND-2705,798f1b89-84b1-4f18-ad4f-2ade885f73e6,59621000,Essential hypertension,2020-10-01
CND-2706,798f1b89-84b1-4f18-ad4f-2ade885f73e6,44054006,Type 2 diabetes mellitus,2021-03-13
CND-2707,798f1b89-84b1-4f18-ad4f-2ade885f73e6,238131007,Overweight,2022-12-28
CND-2708,798f1b89-84b1-4f18-ad4f-2ade885f73e6,15777000,Prediabetes,2015-12-06
CND-2709,41cfbbd7-a687-4d49-85ec-a9053b686264,59621000,Essential hypertension,2011-06-12
CND-2710,41cfbbd7-a687-4d49-85ec-a9053b686264,709044004,Chronic kidney disease stage 2/3,2012-10-14
CND-2711,41cfbbd7-a687-4d49-85ec-a9053b686264,238131007,Overweight,2015-03-15
CND-2712,efd8ca67-6172-429b-89a7-e90ba89fa5f0,44054006,Type 2 diabetes mellitus,2019-10-14
CND-2713,efd8ca67-6172-429b-89a7-e90ba89fa5f0,709044004,Chronic kidney disease stage 2/3,2022-10-11
CND-2714,efd8ca67-6172-429b-89a7-e90ba89fa5f0,238131007,Overweight,2022-09-24
CND-2715,5abf6e9f-b973-49cb-9912-3d2b03338708,59621000,Essential hypertension,2017-11-17
CND-2716,5abf6e9f-b973-49cb-9912-3d2b03338708,195967001,Asthma,2013-10-15
CND-2717,44ef9f51-927d-4617-92b3-d90cd180a780,195967001,Asthma,2018-12-13
CND-2718,44ef9f51-927d-4617-92b3-d90cd180a780,13645005,Chronic obstructive pulmonary disease,2014-08-02
CND-2719,a4029714-e2f7-469f-94a9-5245b2061a16,709044004,Chronic kidney disease stage 2/3,2012-12-08
CND-2720,79154338-c80b-4183-9f5e-539808b4fca7,44054006,Type 2 diabetes mellitus,2014-11-15
CND-2721,79154338-c80b-4183-9f5e-539808b4fca7,13645005,Chronic obstructive pulmonary disease,2021-07-31
CND-2722,79154338-c80b-4183-9f5e-539808b4fca7,238131007,Overweight,2014-11-02
CND-2723,6de208ef-4068-4273-b22a-95259dc7f7db,59621000,Essential hypertension,2016-09-14
CND-2724,6de208ef-4068-4273-b22a-95259dc7f7db,709044004,Chronic kidney disease stage 2/3,2014-08-13
CND-2725,aebb23b8-9e40-4c8c-b355-c2c36888abf2,59621000,Essential hypertension,2010-08-06
CND-2726,aebb23b8-9e40-4c8c-b355-c2c36888abf2,44054006,Type 2 diabetes mellitus,2020-05-24
CND-2727,aebb23b8-9e40-4c8c-b355-c2c36888abf2,195967001,Asthma,2016-08-06
CND-2728,aebb23b8-9e40-4c8c-b355-c2c36888abf2,238131007,Overweight,2009-08-15
CND-2729,2873518a-0e4c-4623-884e-4a95e06c1c22,59621000,Essential hypertension,2013-11-25
CND-2730,2873518a-0e4c-4623-884e-4a95e06c1c22,44054006,Type 2 diabetes mellitus,2013-03-11
CND-2731,2873518a-0e4c-4623-884e-4a95e06c1c22,15777000,Prediabetes,2010-08-04
CND-2732,c17b955b-4223-409b-b166-8194fe507b57,59621000,Essential hypertension,2020-07-23
CND-2733,c17b955b-4223-409b-b166-8194fe507b57,238131007,Overweight,2013-12-22
CND-2734,23016978-4389-45df-b26b-c38e8247a670,59621000,Essential hypertension,2019-11-23
CND-2735,23016978-4389-45df-b26b-c38e8247a670,44054006,Type 2 diabetes mellitus,2016-08-18
CND-2736,23016978-4389-45df-b26b-c38e8247a670,709044004,Chronic kidney disease stage 2/3,2009-05-25
CND-2737,85e54a27-48b5-4c04-8ca8-24163585d60a,59621000,Essential hypertension,2010-04-18
CND-2738,85e54a27-48b5-4c04-8ca8-24163585d60a,238131007,Overweight,2013-07-31
CND-2739,0d3c0d0e-f8b1-4fd1-96e4-fac21b416180,44054006,Type 2 diabetes mellitus,2022-03-27
CND-2740,0d3c0d0e-f8b1-4fd1-96e4-fac21b416180,195967001,Asthma,2010-08-01
CND-2741,a0fe3e87-9cf5-4876-bef8-cf158a5062d2,59621000,Essential hypertension,2020-11-28
CND-2742,a0fe3e87-9cf5-4876-bef8-cf158a5062d2,13645005,Chronic obstructive pulmonary disease,2009-12-18
CND-2743,a0fe3e87-9cf5-4876-bef8-cf158a5062d2,238131007,Overweight,2009-10-31
CND-2744,a0fe3e87-9cf5-4876-bef8-cf158a5062d2,15777000,Prediabetes,2019-06-18
CND-2745,f5d43c6b-aa8c-420b-85c2-1af49e9c4063,59621000,Essential hypertension,2012-06-10
CND-2746,f5d43c6b-aa8c-420b-85c2-1af49e9c4063,238131007,Overweight,2009-04-06
CND-2747,c102f191-3753-4a42-a576-aa6f4e385414,59621000,Essential hypertension,2014-12-30
CND-2748,c102f191-3753-4a42-a576-aa6f4e385414,13645005,Chronic obstructive pulmonary disease,2018-03-21
CND-2749,537ce021-f5af-47f2-86cb-d5f566f26d89,59621000,Essential hypertension,2022-12-30
CND-2750,537ce021-f5af-47f2-86cb-d5f566f26d89,44054006,Type 2 diabetes mellitus,2015-10-26
CND-2751,537ce021-f5af-47f2-86cb-d5f566f26d89,15777000,Prediabetes,2017-12-28
CND-2752,267ab274-422d-4cad-be36-aec598c7e1f3,44054006,Type 2 diabetes mellitus,2013-11-22
CND-2753,c64a1975-2a0a-4ecb-93eb-8500d72a1043,59621000,Essential hypertension,2013-10-05
CND-2754,c64a1975-2a0a-4ecb-93eb-8500d72a1043,15777000,Prediabetes,2010-07-30
CND-2755,c0ff461d-1117-4605-8876-e86b59670d00,59621000,Essential hypertension,2021-04-29
CND-2756,b6556eff-d5bc-41c2-89b1-70b00374e773,195967001,Asthma,2010-09-15
CND-2757,b6556eff-d5bc-41c2-89b1-70b00374e773,709044004,Chronic kidney disease stage 2/3,2010-06-25
CND-2758,b6556eff-d5bc-41c2-89b1-70b00374e773,13645005,Chronic obstructive pulmonary disease,2017-05-20
CND-2759,130b58b2-88ba-4c1b-8115-f4471419f4e5,59621000,Essential hypertension,2009-11-04
CND-2760,130b58b2-88ba-4c1b-8115-f4471419f4e5,195967001,Asthma,2021-07-14
CND-2761,49c3d46e-9cfe-4c24-8c9a-cbebb6eede42,59621000,Essential hypertension,2021-10-19
CND-2762,49c3d46e-9cfe-4c24-8c9a-cbebb6eede42,195967001,Asthma,2010-11-23
CND-2763,49c3d46e-9cfe-4c24-8c9a-cbebb6eede42,13645005,Chronic obstructive pulmonary disease,2012-08-01
CND-2764,49c3d46e-9cfe-4c24-8c9a-cbebb6eede42,15777000,Prediabetes,2017-12-08
CND-2765,639e5678-7c89-4a55-97e2-23a12353a3f1,59621000,Essential hypertension,2019-04-07
CND-2766,639e5678-7c89-4a55-97e2-23a12353a3f1,44054006,Type 2 diabetes mellitus,2019-07-20
CND-2767,fe48d580-692a-4e0a-ab4d-c159aade35a2,59621000,Essential hypertension,2020-10-12
CND-2768,f1afeea5-cb2f-43eb-820f-6babb22453fb,59621000,Essential hypertension,2015-11-30
CND-2769,e552d429-24f2-4358-8cc8-8baa176157b2,59621000,Essential hypertension,2014-10-23
CND-2770,e552d429-24f2-4358-8cc8-8baa176157b2,44054006,Type 2 diabetes mellitus,2017-04-24
CND-2771,e552d429-24f2-4358-8cc8-8baa176157b2,13645005,Chronic obstructive pulmonary disease,2010-06-26
CND-2772,c12dff10-9f24-4f7a-8532-d937421e1f1f,44054006,Type 2 diabetes mellitus,2015-07-30
CND-2773,c12dff10-9f24-4f7a-8532-d937421e1f1f,195967001,Asthma,2015-09-24
CND-2774,1db25158-ca14-4341-b5bb-13899807438d,59621000,Essential hypertension,2021-12-09
CND-2775,1db25158-ca14-4341-b5bb-13899807438d,195967001,Asthma,2022-11-17
CND-2776,1db25158-ca14-4341-b5bb-13899807438d,238131007,Overweight,2009-05-14
CND-2777,2bf2724b-93ad-4a66-966f-e4f57c30f19e,59621000,Essential hypertension,2019-03-23
CND-2778,29f35761-9fbf-435a-b198-9753d7dc61f2,59621000,Essential hypertension,2022-07-16
CND-2779,29f35761-9fbf-435a-b198-9753d7dc61f2,238131007,Overweight,2017-01-01
CND-2780,c82ddc1b-08ce-4b05-9f5c-8cc4b198970b,59621000,Essential hypertension,2012-11-28
CND-2781,c82ddc1b-08ce-4b05-9f5c-8cc4b198970b,44054006,Type 2 diabetes mellitus,2017-07-07
CND-2782,c82ddc1b-08ce-4b05-9f5c-8cc4b198970b,238131007,Overweight,2020-12-29
CND-2783,c82ddc1b-08ce-4b05-9f5c-8cc4b198970b,15777000,Prediabetes,2020-08-01
CND-2784,6338aa04-83fa-4b16-b1c2-b8164f271f38,59621000,Essential hypertension,2021-03-26
CND-2785,6338aa04-83fa-4b16-b1c2-b8164f271f38,44054006,Type 2 diabetes mellitus,2018-09-28
CND-2786,6338aa04-83fa-4b16-b1c2-b8164f271f38,238131007,Overweight,2013-12-04
CND-2787,a71479f2-b05e-4938-8bc9-d25873e7bfa2,59621000,Essential hypertension,2012-12-13
CND-2788,a71479f2-b05e-4938-8bc9-d25873e7bfa2,238131007,Overweight,2012-10-23
CND-2789,ec55e211-270b-416e-b8ab-4adda52f6ac5,195967001,Asthma,2020-12-17
CND-2790,ec55e211-270b-416e-b8ab-4adda52f6ac5,15777000,Prediabetes,2021-11-08
CND-2791,2ab4a484-c536-4d1f-b9e2-de1edb6f4289,44054006,Type 2 diabetes mellitus,2013-04-16
CND-2792,2ab4a484-c536-4d1f-b9e2-de1edb6f4289,238131007,Overweight,2020-08-05
CND-2793,2ab4a484-c536-4d1f-b9e2-de1edb6f4289,15777000,Prediabetes,2021-07-31
CND-2794,ba817483-2c99-4a44-94ec-30469c1d92c1,59621000,Essential hypertension,2009-07-28
CND-2795,4aedcceb-4ec2-45df-a1be-b4cf2d189d29,195967001,Asthma,2022-08-17
CND-2796,8629a461-0223-4eda-8fc7-bda27ea1a2d6,59621000,Essential hypertension,2020-08-04
CND-2797,8629a461-0223-4eda-8fc7-bda27ea1a2d6,195967001,Asthma,2015-09-02
CND-2798,8629a461-0223-4eda-8fc7-bda27ea1a2d6,238131007,Overweight,2021-12-24
CND-2799,e24a2415-f4e2-4e65-a2df-b8bc9be4ca3c,59621000,Essential hypertension,2010-07-23
CND-2800,e24a2415-f4e2-4e65-a2df-b8bc9be4ca3c,709044004,Chronic kidney disease stage 2/3,2020-05-28
CND-2801,c5cf3f0e-6299-429a-a84f-e86a62f8c1f2,195967001,Asthma,2022-08-27
CND-2802,5b43b46f-864f-4887-a199-f3b5682fb028,195967001,Asthma,2019-06-15
CND-2803,79dac1fb-a13b-4ab5-81e8-8bd935a5823b,59621000,Essential hypertension,2016-06-09
CND-2804,79dac1fb-a13b-4ab5-81e8-8bd935a5823b,44054006,Type 2 diabetes mellitus,2018-05-09
CND-2805,79dac1fb-a13b-4ab5-81e8-8bd935a5823b,195967001,Asthma,2018-03-16
CND-2806,79dac1fb-a13b-4ab5-81e8-8bd935a5823b,238131007,Overweight,2022-10-04
CND-2807,c18dfbba-cb9e-460f-8e24-d15173064fe7,59621000,Essential hypertension,2014-04-28
CND-2808,c18dfbba-cb9e-460f-8e24-d15173064fe7,44054006,Type 2 diabetes mellitus,2022-05-25
CND-2809,c18dfbba-cb9e-460f-8e24-d15173064fe7,238131007,Overweight,2013-04-15
CND-2810,cd9ece2a-7035-4cc0-bbdc-127f34139146,15777000,Prediabetes,2013-12-14
CND-2811,6db1e9d2-2dad-4e3b-947e-b5fd1a40ee2c,59621000,Essential hypertension,2009-12-16
CND-2812,6db1e9d2-2dad-4e3b-947e-b5fd1a40ee2c,44054006,Type 2 diabetes mellitus,2014-07-15
CND-2813,6db1e9d2-2dad-4e3b-947e-b5fd1a40ee2c,13645005,Chronic obstructive pulmonary disease,2019-03-16
CND-2814,70a85802-d938-4730-a6ac-653e79c1ad84,59621000,Essential hypertension,2014-08-16
CND-2815,70a85802-d938-4730-a6ac-653e79c1ad84,709044004,Chronic kidney disease stage 2/3,2016-08-13
CND-2816,7922006e-5c04-4240-b6ff-51be15f28eb1,238131007,Overweight,2012-11-21
CND-2817,382402c9-36e3-48c2-8666-de389ff1acfb,59621000,Essential hypertension,2022-12-22
CND-2818,382402c9-36e3-48c2-8666-de389ff1acfb,238131007,Overweight,2012-09-05
CND-2819,7a1524a1-3e7a-4760-ba0b-e627c6df8fa2,15777000,Prediabetes,2020-10-18
CND-2820,7cc9de75-d0a6-45d1-81bc-d8fbe9bd75d4,59621000,Essential hypertension,2022-06-30
CND-2821,7cc9de75-d0a6-45d1-81bc-d8fbe9bd75d4,195967001,Asthma,2022-08-26
CND-2822,7cc9de75-d0a6-45d1-81bc-d8fbe9bd75d4,15777000,Prediabetes,2009-07-11
CND-2823,61f6351e-ff5a-4167-a600-a93df29c215e,59621000,Essential hypertension,2019-07-11
CND-2824,61f6351e-ff5a-4167-a600-a93df29c215e,195967001,Asthma,2009-10-14
CND-2825,61f6351e-ff5a-4167-a600-a93df29c215e,238131007,Overweight,2020-09-08
CND-2826,61f6351e-ff5a-4167-a600-a93df29c215e,15777000,Prediabetes,2017-09-11
CND-2827,7c76d8f0-880f-4323-b83b-4c31c4f5ef44,44054006,Type 2 diabetes mellitus,2017-12-22
CND-2828,7c76d8f0-880f-4323-b83b-4c31c4f5ef44,195967001,Asthma,2017-04-24
CND-2829,7668fd63-f806-4d2c-868c-ba3aeffe6bf3,59621000,Essential hypertension,2012-05-27
CND-2830,7668fd63-f806-4d2c-868c-ba3aeffe6bf3,238131007,Overweight,2016-07-22
CND-2831,23133014-55be-43c6-a9fe-f815b553b7e0,195967001,Asthma,2022-07-31
CND-2832,ce7454ac-1d30-415e-8e03-9ddade640a80,59621000,Essential hypertension,2011-06-30
CND-2833,ce7454ac-1d30-415e-8e03-9ddade640a80,238131007,Overweight,2021-04-28
CND-2834,648f3760-f237-41ea-aa07-a5e1ff013306,709044004,Chronic kidney disease stage 2/3,2016-12-07
CND-2835,648f3760-f237-41ea-aa07-a5e1ff013306,13645005,Chronic obstructive pulmonary disease,2015-04-29
CND-2836,e1b4c235-a395-4289-ab77-849ea78a376e,59621000,Essential hypertension,2010-09-05
CND-2837,e1b4c235-a395-4289-ab77-849ea78a376e,44054006,Type 2 diabetes mellitus,2016-11-28
CND-2838,805247cd-d4fc-4ec0-9ec2-974880f28e54,15777000,Prediabetes,2016-06-27
CND-2839,0448b593-6a9d-4c4a-8dfa-c5ae7e716781,59621000,Essential hypertension,2022-09-16
CND-2840,db210676-f214-46e7-b1de-abf07ecd226f,709044004,Chronic kidney disease stage 2/3,2014-10-29
CND-2841,db210676-f214-46e7-b1de-abf07ecd226f,13645005,Chronic obstructive pulmonary disease,2014-06-12
CND-2842,48a7983d-60e2-41b1-b10d-16075913480c,44054006,Type 2 diabetes mellitus,2014-05-21
CND-2843,96713546-8e5d-4fc2-8b78-def94bb2e18e,44054006,Type 2 diabetes mellitus,2019-10-29
CND-2844,73715797-62a2-495c-85f7-1a9c6a8543ed,44054006,Type 2 diabetes mellitus,2021-12-24
CND-2845,73715797-62a2-495c-85f7-1a9c6a8543ed,709044004,Chronic kidney disease stage 2/3,2012-05-22
CND-2846,a5708246-635d-465d-a576-07d1d8fc6fc0,59621000,Essential hypertension,2019-07-06
CND-2847,a5708246-635d-465d-a576-07d1d8fc6fc0,44054006,Type 2 diabetes mellitus,2016-05-02
CND-2848,a5708246-635d-465d-a576-07d1d8fc6fc0,13645005,Chronic obstructive pulmonary disease,2022-10-27
CND-2849,22e27644-ca46-41d9-a282-9ce5c256ca89,59621000,Essential hypertension,2015-04-29
CND-2850,22e27644-ca46-41d9-a282-9ce5c256ca89,44054006,Type 2 diabetes mellitus,2017-08-29
CND-2851,bb7890dc-8714-4e18-897e-fd77d5763ca1,59621000,Essential hypertension,2010-10-15
CND-2852,f642e0d3-bebb-469a-9bdd-cd628314fc5f,238131007,Overweight,2013-11-15
CND-2853,854fdfdc-a746-48aa-9eff-850ef1667b50,709044004,Chronic kidney disease stage 2/3,2009-04-20
CND-2854,9909f014-b5bc-4935-9ac8-f943ca4f9fe7,238131007,Overweight,2011-06-02
CND-2855,54a14a1d-a7a7-4142-ac3a-e8a7c481d354,195967001,Asthma,2009-03-13
CND-2856,508d4018-8742-483f-9e37-669d39e19817,59621000,Essential hypertension,2014-07-17
CND-2857,508d4018-8742-483f-9e37-669d39e19817,15777000,Prediabetes,2015-09-30
CND-2858,18be2bb1-0ac6-439f-a6dc-7ea36477b873,15777000,Prediabetes,2022-12-06
CND-2859,2979c079-bac2-4e45-9de3-6f0caa8e222c,59621000,Essential hypertension,2017-11-26
CND-2860,2979c079-bac2-4e45-9de3-6f0caa8e222c,238131007,Overweight,2013-03-21
CND-2861,b8864f0b-a68d-4cde-9348-07e077efaca0,59621000,Essential hypertension,2016-11-04
CND-2862,09f1d2c7-a0ce-478e-98a5-49724b2b9278,59621000,Essential hypertension,2013-11-03
CND-2863,09f1d2c7-a0ce-478e-98a5-49724b2b9278,44054006,Type 2 diabetes mellitus,2017-10-30
CND-2864,09f1d2c7-a0ce-478e-98a5-49724b2b9278,238131007,Overweight,2010-05-14
CND-2865,ad498604-48dd-47e6-9c27-b85ceaaa577b,59621000,Essential hypertension,2011-09-24
CND-2866,dce90b7b-4aaf-4337-9f4e-88b5272f1898,195967001,Asthma,2016-04-06
CND-2867,5cfd9463-af9e-440d-be93-83881b62b4fc,195967001,Asthma,2013-08-03
CND-2868,5cfd9463-af9e-440d-be93-83881b62b4fc,238131007,Overweight,2018-08-28
CND-2869,29b64bb3-1410-4ddc-954f-a3c87646fbcb,238131007,Overweight,2014-04-22
CND-2870,0aeb6ce8-51dc-4435-8739-7248b6be7c1e,59621000,Essential hypertension,2015-12-29
CND-2871,cc86f597-e0e2-4e21-8a26-15afae5526e5,59621000,Essential hypertension,2011-11-23
CND-2872,cc86f597-e0e2-4e21-8a26-15afae5526e5,44054006,Type 2 diabetes mellitus,2009-05-03
CND-2873,cc86f597-e0e2-4e21-8a26-15afae5526e5,15777000,Prediabetes,2012-04-23
CND-2874,3a1c6a04-836e-4f9a-91b2-08733fcec0a7,238131007,Overweight,2012-06-18
CND-2875,3a1c6a04-836e-4f9a-91b2-08733fcec0a7,15777000,Prediabetes,2018-08-26
CND-2876,342a4751-1a18-4c2e-98ae-d9486d5b2a7f,44054006,Type 2 diabetes mellitus,2021-09-12
CND-2877,342a4751-1a18-4c2e-98ae-d9486d5b2a7f,195967001,Asthma,2017-07-01
CND-2878,342a4751-1a18-4c2e-98ae-d9486d5b2a7f,238131007,Overweight,2020-04-08
CND-2879,342a4751-1a18-4c2e-98ae-d9486d5b2a7f,15777000,Prediabetes,2011-11-02
CND-2880,278db247-a44f-4f93-a62c-74b93f6e5bf5,709044004,Chronic kidney disease stage 2/3,2009-10-22
CND-2881,658a8b97-1871-4880-b7c0-ece34f9c54a6,13645005,Chronic obstructive pulmonary disease,2019-05-09
CND-2882,658a8b97-1871-4880-b7c0-ece34f9c54a6,238131007,Overweight,2021-06-11
CND-2883,abba7928-9f72-460d-a4ae-33a9c629ae27,44054006,Type 2 diabetes mellitus,2014-10-16
CND-2884,abba7928-9f72-460d-a4ae-33a9c629ae27,238131007,Overweight,2022-04-25
CND-2885,abba7928-9f72-460d-a4ae-33a9c629ae27,15777000,Prediabetes,2009-04-29
CND-2886,ba930b47-2abe-4819-bced-b19a02ed21ff,709044004,Chronic kidney disease stage 2/3,2018-06-16
CND-2887,6cdc7c4e-7f78-4fca-ab59-c42b2bbef32d,15777000,Prediabetes,2022-08-03
CND-2888,2a9a34ac-073b-4aab-a63a-6edc0ade193a,59621000,Essential hypertension,2011-06-09
CND-2889,2a9a34ac-073b-4aab-a63a-6edc0ade193a,238131007,Overweight,2010-11-06
CND-2890,0ad0544d-827f-4f7f-b081-e2b80d748b98,709044004,Chronic kidney disease stage 2/3,2011-12-22
CND-2891,0ad0544d-827f-4f7f-b081-e2b80d748b98,238131007,Overweight,2021-10-16
CND-2892,9cdfede3-3823-4c98-8aca-90c2d717611b,709044004,Chronic kidney disease stage 2/3,2017-12-10
CND-2893,9cdfede3-3823-4c98-8aca-90c2d717611b,238131007,Overweight,2015-11-01
CND-2894,82156b12-49d1-48e7-a1a6-73dee17d2e2b,44054006,Type 2 diabetes mellitus,2013-03-10
CND-2895,82156b12-49d1-48e7-a1a6-73dee17d2e2b,15777000,Prediabetes,2009-12-29
CND-2896,d9a2b0d1-51d2-4076-a8c8-b707f9479484,238131007,Overweight,2019-05-22
CND-2897,d9a2b0d1-51d2-4076-a8c8-b707f9479484,15777000,Prediabetes,2014-07-07
CND-2898,2e209664-ff39-49d5-8033-9bf6c0d7d565,195967001,Asthma,2010-09-29
CND-2899,2e209664-ff39-49d5-8033-9bf6c0d7d565,238131007,Overweight,2022-03-20
CND-2900,e48e623d-48eb-43ed-b013-d63967cc9475,195967001,Asthma,2012-11-06
CND-2901,e48e623d-48eb-43ed-b013-d63967cc9475,13645005,Chronic obstructive pulmonary disease,2014-01-02
CND-2902,38b394ed-8690-408d-bd40-1dc898f845fb,59621000,Essential hypertension,2016-06-28
CND-2903,38b394ed-8690-408d-bd40-1dc898f845fb,44054006,Type 2 diabetes mellitus,2019-03-13
CND-2904,38b394ed-8690-408d-bd40-1dc898f845fb,15777000,Prediabetes,2016-06-26
CND-2905,c91dc4cb-f9ba-4a0b-8e18-c9bebb106dd8,238131007,Overweight,2010-04-02
CND-2906,9b5bd726-57e6-4ca7-b731-b41e49df35c3,59621000,Essential hypertension,2018-04-16
CND-2907,9b5bd726-57e6-4ca7-b731-b41e49df35c3,238131007,Overweight,2015-11-14
CND-2908,50ea90d2-b9e4-4e7f-86f0-1deddee460aa,709044004,Chronic kidney disease stage 2/3,2013-04-30
CND-2909,62cc9743-a33c-4936-b6ec-efc80e1b9ce2,59621000,Essential hypertension,2011-03-11
CND-2910,62cc9743-a33c-4936-b6ec-efc80e1b9ce2,195967001,Asthma,2014-07-11
CND-2911,9dce239f-008e-48e8-b28a-5b269b4454d8,59621000,Essential hypertension,2011-10-19
CND-2912,9dce239f-008e-48e8-b28a-5b269b4454d8,195967001,Asthma,2019-10-12
CND-2913,9dce239f-008e-48e8-b28a-5b269b4454d8,238131007,Overweight,2012-12-13
CND-2914,fcf87d28-5c15-48e6-bd4c-fef0727b4311,59621000,Essential hypertension,2022-12-31
CND-2915,fcf87d28-5c15-48e6-bd4c-fef0727b4311,709044004,Chronic kidney disease stage 2/3,2017-07-21
CND-2916,3bcb8439-b239-400f-b624-8532fefa113d,238131007,Overweight,2010-12-15
CND-2917,541497fe-d730-41d9-a74e-2dbb50a536fc,195967001,Asthma,2021-03-09
CND-2918,8ac635a3-13fe-4189-b5ce-fa5907b77654,44054006,Type 2 diabetes mellitus,2020-11-24
CND-2919,8ac635a3-13fe-4189-b5ce-fa5907b77654,238131007,Overweight,2013-07-19
CND-2920,5cc38504-3db1-4e47-859f-6ff8063a8e7e,59621000,Essential hypertension,2020-05-08
CND-2921,5cc38504-3db1-4e47-859f-6ff8063a8e7e,44054006,Type 2 diabetes mellitus,2014-11-17
CND-2922,5cc38504-3db1-4e47-859f-6ff8063a8e7e,195967001,Asthma,2019-08-01
CND-2923,5b527c14-ccee-483b-a643-cae747ad34d8,59621000,Essential hypertension,2012-08-24
CND-2924,5b527c14-ccee-483b-a643-cae747ad34d8,44054006,Type 2 diabetes mellitus,2019-09-16
CND-2925,2783ac89-39d2-4a52-8bac-0436cc069e8b,59621000,Essential hypertension,2020-09-19
CND-2926,2783ac89-39d2-4a52-8bac-0436cc069e8b,709044004,Chronic kidney disease stage 2/3,2009-12-05
CND-2927,2783ac89-39d2-4a52-8bac-0436cc069e8b,238131007,Overweight,2011-08-10
CND-2928,d9ea3146-983b-466d-888f-746255710b55,238131007,Overweight,2016-06-18
CND-2929,4e58cdd3-296a-4ad5-8450-23fa994882e9,59621000,Essential hypertension,2020-10-23
CND-2930,c7ecac7b-0347-4e82-b6a0-9aa21763fe18,44054006,Type 2 diabetes mellitus,2016-04-26
CND-2931,c7ecac7b-0347-4e82-b6a0-9aa21763fe18,15777000,Prediabetes,2021-04-29
CND-2932,cf7b5d9a-4a27-48b4-9797-f794e856a6cc,709044004,Chronic kidney disease stage 2/3,2021-03-27
CND-2933,2e717f97-797b-4bde-9466-4db22c8baeef,59621000,Essential hypertension,2014-12-29
CND-2934,2e717f97-797b-4bde-9466-4db22c8baeef,238131007,Overweight,2022-06-29
CND-2935,b49fccd2-4381-4c41-9db1-f615fc3bbfdd,59621000,Essential hypertension,2017-06-07
CND-2936,b49fccd2-4381-4c41-9db1-f615fc3bbfdd,238131007,Overweight,2014-08-13
CND-2937,9c64c812-51e5-4da4-b3ed-0c5f6e4bc76b,15777000,Prediabetes,2015-05-06
CND-2938,e276877e-52c6-4e3c-98fa-d157d08a9805,59621000,Essential hypertension,2009-10-15
CND-2939,e276877e-52c6-4e3c-98fa-d157d08a9805,13645005,Chronic obstructive pulmonary disease,2017-09-29
CND-2940,e276877e-52c6-4e3c-98fa-d157d08a9805,238131007,Overweight,2022-06-12
CND-2941,e276877e-52c6-4e3c-98fa-d157d08a9805,15777000,Prediabetes,2010-09-01
CND-2942,ed6f4c1e-1e7b-41ec-9bed-faedc70e24f0,238131007,Overweight,2021-06-19
CND-2943,ed6f4c1e-1e7b-41ec-9bed-faedc70e24f0,15777000,Prediabetes,2018-05-26
CND-2944,c1af3e4f-e815-4b37-98ad-5e187d39cb1c,195967001,Asthma,2017-12-12
CND-2945,c1af3e4f-e815-4b37-98ad-5e187d39cb1c,709044004,Chronic kidney disease stage 2/3,2017-06-17
CND-2946,20921295-327a-4c35-b7c9-b4e678c55185,195967001,Asthma,2022-10-18
CND-2947,047c2106-62ce-40cd-b947-b788ff2206f2,59621000,Essential hypertension,2013-05-04
CND-2948,047c2106-62ce-40cd-b947-b788ff2206f2,195967001,Asthma,2012-12-29
CND-2949,047c2106-62ce-40cd-b947-b788ff2206f2,13645005,Chronic obstructive pulmonary disease,2009-05-08
CND-2950,047c2106-62ce-40cd-b947-b788ff2206f2,15777000,Prediabetes,2015-10-10
CND-2951,4bca99fd-6515-4319-b531-51e0d6e48f29,44054006,Type 2 diabetes mellitus,2012-06-20
CND-2952,4bca99fd-6515-4319-b531-51e0d6e48f29,195967001,Asthma,2023-01-01
CND-2953,4bca99fd-6515-4319-b531-51e0d6e48f29,238131007,Overweight,2022-03-21
CND-2954,aae9fc08-57a7-4ee6-8362-63cd8fe0fb37,59621000,Essential hypertension,2014-11-02
CND-2955,3a7403ff-03b2-4943-9257-8d2dd9879dec,238131007,Overweight,2010-05-30
CND-2956,24984b37-60e9-429e-b9cc-99c38aab5469,59621000,Essential hypertension,2015-05-21
CND-2957,24984b37-60e9-429e-b9cc-99c38aab5469,238131007,Overweight,2018-03-24
CND-2958,f1df88c2-7091-4700-8263-e1ff89293b68,709044004,Chronic kidney disease stage 2/3,2021-06-13
CND-2959,13b708ff-3a1c-4aaa-8bc5-4186119d22a5,59621000,Essential hypertension,2021-09-10
CND-2960,13b708ff-3a1c-4aaa-8bc5-4186119d22a5,238131007,Overweight,2014-07-25
CND-2961,9a7ae0e1-f996-48b5-a9cc-86729631d331,44054006,Type 2 diabetes mellitus,2011-12-03
CND-2962,26f98032-b24a-4119-8324-ac33e074f9d8,238131007,Overweight,2014-07-28
CND-2963,42f30e5e-fdd2-4203-934c-a16c7f74b9a8,44054006,Type 2 diabetes mellitus,2018-03-09
CND-2964,eed6f20d-f7ec-4201-a12a-5b1f9b334fd3,195967001,Asthma,2022-05-28
CND-2965,4daaf482-2f6c-452e-a15d-c8fdf145df71,238131007,Overweight,2014-06-19
CND-2966,9e7480db-0dd4-4754-8640-e18be40f164b,44054006,Type 2 diabetes mellitus,2020-05-02
CND-2967,3e3dea4a-04d1-4d7f-ac99-dc9aaea4c612,59621000,Essential hypertension,2019-09-07
CND-2968,3e3dea4a-04d1-4d7f-ac99-dc9aaea4c612,15777000,Prediabetes,2017-04-23
CND-2969,4453e6d5-1e7e-4218-8768-e43e26be0624,13645005,Chronic obstructive pulmonary disease,2014-09-27
CND-2970,4453e6d5-1e7e-4218-8768-e43e26be0624,15777000,Prediabetes,2017-05-29
CND-2971,1d0a1233-63ba-4798-af9c-23c4ddda5612,59621000,Essential hypertension,2018-05-16
CND-2972,1d0a1233-63ba-4798-af9c-23c4ddda5612,238131007,Overweight,2020-07-02
CND-2973,24f41dc9-fd98-4cab-8077-516bcf7fa832,238131007,Overweight,2013-12-23
CND-2974,44c4ff55-072d-4575-ac40-cd68b0073c9e,59621000,Essential hypertension,2009-12-11
CND-2975,44c4ff55-072d-4575-ac40-cd68b0073c9e,44054006,Type 2 diabetes mellitus,2014-11-05
CND-2976,44c4ff55-072d-4575-ac40-cd68b0073c9e,195967001,Asthma,2012-10-20
CND-2977,951d2c37-72b5-4fb7-958f-7aea7d539252,59621000,Essential hypertension,2013-04-06
CND-2978,951d2c37-72b5-4fb7-958f-7aea7d539252,44054006,Type 2 diabetes mellitus,2015-10-27
CND-2979,951d2c37-72b5-4fb7-958f-7aea7d539252,15777000,Prediabetes,2012-08-09
CND-2980,3927c77f-8775-4497-8383-4ee3c7e6a15d,59621000,Essential hypertension,2021-05-25
CND-2981,c07f5c6d-7d1a-4960-b7c6-729f14a72893,59621000,Essential hypertension,2015-06-07
CND-2982,c07f5c6d-7d1a-4960-b7c6-729f14a72893,44054006,Type 2 diabetes mellitus,2010-09-02
CND-2983,c07f5c6d-7d1a-4960-b7c6-729f14a72893,238131007,Overweight,2015-10-07
CND-2984,afb8bcfe-09db-4345-ba3b-602d121ae078,195967001,Asthma,2020-12-14
CND-2985,77c8cbdc-2bdb-4cf5-9170-41fe90403fa9,59621000,Essential hypertension,2013-11-07
CND-2986,f3591a9a-3434-468c-be4f-98bbdf536993,59621000,Essential hypertension,2009-08-06
CND-2987,5156217b-911d-416f-9597-271c64472273,44054006,Type 2 diabetes mellitus,2022-10-10
CND-2988,5156217b-911d-416f-9597-271c64472273,15777000,Prediabetes,2011-06-13
CND-2989,bb373fef-e81a-49a1-92e6-fcfc41a45fb4,59621000,Essential hypertension,2010-03-21
CND-2990,2d5e9ca3-3fbe-4842-9b18-4c618368e938,44054006,Type 2 diabetes mellitus,2011-09-06
CND-2991,2d5e9ca3-3fbe-4842-9b18-4c618368e938,195967001,Asthma,2019-05-14
CND-2992,2d5e9ca3-3fbe-4842-9b18-4c618368e938,238131007,Overweight,2020-08-08
CND-2993,8dbe4241-4a23-45bb-b7ff-c1e68bddf960,238131007,Overweight,2022-11-09
CND-2994,f0dc0cf5-e10f-4551-98ec-fcda4d160764,59621000,Essential hypertension,2018-06-02
CND-2995,f0dc0cf5-e10f-4551-98ec-fcda4d160764,13645005,Chronic obstructive pulmonary disease,2012-11-29
CND-2996,565544ef-bfe2-4723-955d-691f62935a62,59621000,Essential hypertension,2020-07-28
CND-2997,c62e7f6a-0a88-47ae-9bcf-1873bf3c8f20,59621000,Essential hypertension,2022-10-10
CND-2998,c62e7f6a-0a88-47ae-9bcf-1873bf3c8f20,238131007,Overweight,2021-10-17
CND-2999,c62e7f6a-0a88-47ae-9bcf-1873bf3c8f20,15777000,Prediabetes,2011-04-10
CND-3000,bb776173-8b0f-4302-87dd-ff21392eae81,59621000,Essential hypertension,2014-11-15
CND-3001,7a0eb1c3-8a5a-4341-bbe1-f0e9fbfc7501,44054006,Type 2 diabetes mellitus,2019-08-06
CND-3002,7a0eb1c3-8a5a-4341-bbe1-f0e9fbfc7501,15777000,Prediabetes,2016-07-20
CND-3003,d0f6d1d6-6b4a-4ef0-bcdb-1ffe6c93da7a,59621000,Essential hypertension,2010-10-07
CND-3004,d0f6d1d6-6b4a-4ef0-bcdb-1ffe6c93da7a,195967001,Asthma,2015-09-03
CND-3005,d0f6d1d6-6b4a-4ef0-bcdb-1ffe6c93da7a,15777000,Prediabetes,2020-08-06
CND-3006,58fdb543-6289-4180-8ce1-8b9570aa9204,238131007,Overweight,2010-07-13
CND-3007,7d0cbbe5-7991-491a-8e6c-d601c7cc16a5,59621000,Essential hypertension,2009-07-14
CND-3008,7d0cbbe5-7991-491a-8e6c-d601c7cc16a5,238131007,Overweight,2019-12-04
CND-3009,8e88a906-cd3d-4e32-94ac-7a70839c3082,59621000,Essential hypertension,2022-08-16
CND-3010,55d38dd0-3fa1-4f1b-8986-9854433eb3f0,59621000,Essential hypertension,2020-10-14
CND-3011,55d38dd0-3fa1-4f1b-8986-9854433eb3f0,44054006,Type 2 diabetes mellitus,2020-09-23
CND-3012,55d38dd0-3fa1-4f1b-8986-9854433eb3f0,195967001,Asthma,2022-11-08
CND-3013,55d38dd0-3fa1-4f1b-8986-9854433eb3f0,15777000,Prediabetes,2021-04-13
CND-3014,9156b231-c40e-4261-891c-2b3ba9bc9564,59621000,Essential hypertension,2019-03-12
CND-3015,9156b231-c40e-4261-891c-2b3ba9bc9564,195967001,Asthma,2012-07-04
CND-3016,800988bd-a635-4c45-a482-0e4b00db1d46,59621000,Essential hypertension,2021-03-29
CND-3017,800988bd-a635-4c45-a482-0e4b00db1d46,238131007,Overweight,2009-05-28
CND-3018,800988bd-a635-4c45-a482-0e4b00db1d46,15777000,Prediabetes,2015-09-05
CND-3019,3c41f048-a86d-4e32-ac68-da391d0a75dc,59621000,Essential hypertension,2018-12-06
CND-3020,3c41f048-a86d-4e32-ac68-da391d0a75dc,195967001,Asthma,2021-12-10
CND-3021,3c41f048-a86d-4e32-ac68-da391d0a75dc,238131007,Overweight,2013-11-19
CND-3022,40e8663c-fe45-439b-8466-3098be7a4746,59621000,Essential hypertension,2017-10-13
CND-3023,40e8663c-fe45-439b-8466-3098be7a4746,44054006,Type 2 diabetes mellitus,2018-06-19
CND-3024,d0f0edef-ff54-4a99-8b67-0a7320381845,59621000,Essential hypertension,2010-03-26
CND-3025,d0f0edef-ff54-4a99-8b67-0a7320381845,195967001,Asthma,2018-10-14
CND-3026,d0f0edef-ff54-4a99-8b67-0a7320381845,709044004,Chronic kidney disease stage 2/3,2019-05-25
CND-3027,d0f0edef-ff54-4a99-8b67-0a7320381845,238131007,Overweight,2021-04-13
CND-3028,69bb603d-9068-4d88-8dfa-bc3e393ec1c2,44054006,Type 2 diabetes mellitus,2016-09-26
CND-3029,69bb603d-9068-4d88-8dfa-bc3e393ec1c2,238131007,Overweight,2021-04-05
CND-3030,371304a3-91ac-4d22-b412-fd017d230d92,59621000,Essential hypertension,2018-03-14
CND-3031,371304a3-91ac-4d22-b412-fd017d230d92,13645005,Chronic obstructive pulmonary disease,2021-05-11
CND-3032,5ecf79e4-9810-4c5f-a779-0fd7cb2d7990,59621000,Essential hypertension,2018-10-29
CND-3033,5ecf79e4-9810-4c5f-a779-0fd7cb2d7990,44054006,Type 2 diabetes mellitus,2014-03-13
CND-3034,5ecf79e4-9810-4c5f-a779-0fd7cb2d7990,195967001,Asthma,2013-05-07
CND-3035,5ecf79e4-9810-4c5f-a779-0fd7cb2d7990,238131007,Overweight,2019-07-25
CND-3036,5ecf79e4-9810-4c5f-a779-0fd7cb2d7990,15777000,Prediabetes,2017-12-30
CND-3037,5412aac1-6765-4431-b141-e047ed873a73,59621000,Essential hypertension,2012-11-20
CND-3038,dcd1ac9a-ed06-4fc5-8355-a2c6218ce80f,59621000,Essential hypertension,2015-06-13
CND-3039,dcd1ac9a-ed06-4fc5-8355-a2c6218ce80f,44054006,Type 2 diabetes mellitus,2022-04-24
CND-3040,dcd1ac9a-ed06-4fc5-8355-a2c6218ce80f,238131007,Overweight,2018-04-18
CND-3041,b1075f9f-a611-4a0e-a900-5a3584973720,195967001,Asthma,2009-08-24
CND-3042,a222b66c-e2e6-4018-8e25-13c47cf118db,238131007,Overweight,2015-08-04
CND-3043,18711c1a-a7e6-40d9-ac81-1394092376eb,59621000,Essential hypertension,2022-09-01
CND-3044,18711c1a-a7e6-40d9-ac81-1394092376eb,238131007,Overweight,2018-10-30
CND-3045,5f56c8d8-4fda-4894-b94c-a4c88f25e630,59621000,Essential hypertension,2017-12-17
CND-3046,5f56c8d8-4fda-4894-b94c-a4c88f25e630,44054006,Type 2 diabetes mellitus,2022-11-26
CND-3047,5f56c8d8-4fda-4894-b94c-a4c88f25e630,238131007,Overweight,2018-06-14
CND-3048,5585837a-1d01-46bb-a39b-5c5c7ebec40e,59621000,Essential hypertension,2022-09-02
CND-3049,9a0c28a2-91e5-42d2-8037-2fd88ee14355,44054006,Type 2 diabetes mellitus,2016-08-21
CND-3050,9a0c28a2-91e5-42d2-8037-2fd88ee14355,709044004,Chronic kidney disease stage 2/3,2011-10-29
CND-3051,515762c1-21c1-4ca6-bcad-441f6724610d,195967001,Asthma,2011-05-12
CND-3052,41a735be-0e81-48b2-9356-614284e9ee3c,59621000,Essential hypertension,2016-04-23
CND-3053,41a735be-0e81-48b2-9356-614284e9ee3c,44054006,Type 2 diabetes mellitus,2016-04-23
CND-3054,00b6147b-dddd-45ec-ae1e-9cb21aaf7efe,59621000,Essential hypertension,2021-05-03
CND-3055,00b6147b-dddd-45ec-ae1e-9cb21aaf7efe,238131007,Overweight,2017-10-06
CND-3056,00b6147b-dddd-45ec-ae1e-9cb21aaf7efe,15777000,Prediabetes,2020-06-12
CND-3057,a8b85a26-af60-4f6f-a8ad-e4bc80219091,59621000,Essential hypertension,2019-09-14
CND-3058,a8b85a26-af60-4f6f-a8ad-e4bc80219091,44054006,Type 2 diabetes mellitus,2021-12-07
CND-3059,a8b85a26-af60-4f6f-a8ad-e4bc80219091,15777000,Prediabetes,2017-08-09
CND-3060,0e9ff317-2ba1-4f13-aa12-0a5b74908eac,238131007,Overweight,2021-04-28
CND-3061,fde64e44-1881-460e-90d8-983a374ae676,238131007,Overweight,2018-04-14
CND-3062,907aa4f3-52d6-4354-945d-c28a6c92ab97,44054006,Type 2 diabetes mellitus,2010-11-04
CND-3063,907aa4f3-52d6-4354-945d-c28a6c92ab97,15777000,Prediabetes,2010-08-14
CND-3064,f85a23c5-2a3b-42e7-98a9-9c4e0a1c68af,238131007,Overweight,2016-12-16
CND-3065,71a1293b-730c-4a51-a555-54f94cd97942,195967001,Asthma,2013-06-15
CND-3066,71a1293b-730c-4a51-a555-54f94cd97942,238131007,Overweight,2010-11-05
CND-3067,d5be97ab-22e5-4f62-85ed-d6b05496e419,709044004,Chronic kidney disease stage 2/3,2019-04-23
CND-3068,36dd6ba7-0f7a-499a-8fd6-7738f4b34dc9,195967001,Asthma,2011-09-17
CND-3069,ebe8ca24-ba1f-44b6-8102-9641f447edcc,59621000,Essential hypertension,2018-05-26
CND-3070,ebe8ca24-ba1f-44b6-8102-9641f447edcc,238131007,Overweight,2012-05-19
CND-3071,8e1c82a6-5e6a-42c2-a5e5-6d36f5af1b88,44054006,Type 2 diabetes mellitus,2011-11-24
CND-3072,8e1c82a6-5e6a-42c2-a5e5-6d36f5af1b88,13645005,Chronic obstructive pulmonary disease,2015-07-11
CND-3073,8e1c82a6-5e6a-42c2-a5e5-6d36f5af1b88,238131007,Overweight,2012-09-24
CND-3074,6ad83049-acb7-498b-b16e-d993550beffe,59621000,Essential hypertension,2012-10-02
CND-3075,6ad83049-acb7-498b-b16e-d993550beffe,44054006,Type 2 diabetes mellitus,2009-05-21
CND-3076,6ad83049-acb7-498b-b16e-d993550beffe,709044004,Chronic kidney disease stage 2/3,2014-07-11
CND-3077,232b4eda-90ef-4c52-bbc1-ff7ae7f3553f,59621000,Essential hypertension,2011-12-08
CND-3078,232b4eda-90ef-4c52-bbc1-ff7ae7f3553f,15777000,Prediabetes,2009-09-21
CND-3079,51ecff1c-bf60-45d2-95e9-e5c561cdb436,44054006,Type 2 diabetes mellitus,2021-09-05
CND-3080,51ecff1c-bf60-45d2-95e9-e5c561cdb436,195967001,Asthma,2016-08-04
CND-3081,f59be7e5-791e-4ad6-84ee-32b7b8bf46f0,59621000,Essential hypertension,2009-08-28
CND-3082,b68ad4be-1909-4c8c-b21d-cce2aae6ee30,44054006,Type 2 diabetes mellitus,2015-10-27
CND-3083,4b13dd4d-2fde-4db5-a0de-f57e2a3ff4d0,195967001,Asthma,2009-06-30
CND-3084,c2f8edd7-0ade-4ddc-808f-e408c9989fdf,59621000,Essential hypertension,2009-11-27
CND-3085,c2f8edd7-0ade-4ddc-808f-e408c9989fdf,44054006,Type 2 diabetes mellitus,2016-11-09
CND-3086,1965a044-3ef1-4827-9058-4405cfe1d396,238131007,Overweight,2018-08-28
CND-3087,1965a044-3ef1-4827-9058-4405cfe1d396,15777000,Prediabetes,2014-05-01
CND-3088,4ac6a910-8148-4c73-9989-941f6ba49155,195967001,Asthma,2014-03-14
CND-3089,4ac6a910-8148-4c73-9989-941f6ba49155,238131007,Overweight,2011-07-09
CND-3090,00f41536-05b6-4f5f-957a-b41cef96ffbd,13645005,Chronic obstructive pulmonary disease,2020-12-19
CND-3091,00f41536-05b6-4f5f-957a-b41cef96ffbd,238131007,Overweight,2010-06-29
CND-3092,09b36688-08e6-445e-801b-f9dae75d2e2f,59621000,Essential hypertension,2011-07-21
CND-3093,09b36688-08e6-445e-801b-f9dae75d2e2f,44054006,Type 2 diabetes mellitus,2021-07-24
CND-3094,c762e2db-154d-4c07-9b8a-55d8e8c6dfb3,59621000,Essential hypertension,2017-04-13
CND-3095,c762e2db-154d-4c07-9b8a-55d8e8c6dfb3,44054006,Type 2 diabetes mellitus,2015-04-09
CND-3096,c762e2db-154d-4c07-9b8a-55d8e8c6dfb3,238131007,Overweight,2014-07-17
CND-3097,c3938c71-b55b-45bb-a363-a1466f090442,59621000,Essential hypertension,2012-06-22
CND-3098,c3938c71-b55b-45bb-a363-a1466f090442,44054006,Type 2 diabetes mellitus,2011-05-03
CND-3099,c3938c71-b55b-45bb-a363-a1466f090442,238131007,Overweight,2010-07-21
CND-3100,f1fa42d7-58d9-4937-bce7-11852deea31e,195967001,Asthma,2012-05-14
CND-3101,4819377e-aad2-418c-b6fb-66d9b7ade570,59621000,Essential hypertension,2009-06-05
CND-3102,4819377e-aad2-418c-b6fb-66d9b7ade570,44054006,Type 2 diabetes mellitus,2010-05-10
CND-3103,4819377e-aad2-418c-b6fb-66d9b7ade570,709044004,Chronic kidney disease stage 2/3,2017-10-22
CND-3104,4819377e-aad2-418c-b6fb-66d9b7ade570,238131007,Overweight,2011-06-04
CND-3105,8c7f8a15-d566-403b-8349-55111623436f,59621000,Essential hypertension,2010-10-28
CND-3106,48506f62-29b7-4b3e-a27d-e37330eb9f8d,238131007,Overweight,2021-09-03
CND-3107,e5a761ad-7cfb-48e5-8ea6-633b47522170,59621000,Essential hypertension,2015-06-28
CND-3108,e5a761ad-7cfb-48e5-8ea6-633b47522170,13645005,Chronic obstructive pulmonary disease,2009-12-01
CND-3109,e5a761ad-7cfb-48e5-8ea6-633b47522170,238131007,Overweight,2009-05-20
CND-3110,f538ffaf-ac48-4b12-8b29-b3b8de24ab49,59621000,Essential hypertension,2013-06-11
CND-3111,f538ffaf-ac48-4b12-8b29-b3b8de24ab49,195967001,Asthma,2020-09-29
CND-3112,f538ffaf-ac48-4b12-8b29-b3b8de24ab49,709044004,Chronic kidney disease stage 2/3,2016-12-15
CND-3113,f538ffaf-ac48-4b12-8b29-b3b8de24ab49,238131007,Overweight,2016-11-08
CND-3114,f538ffaf-ac48-4b12-8b29-b3b8de24ab49,15777000,Prediabetes,2019-12-25
CND-3115,c5c28aec-6980-4bda-8b5b-e931e2854270,238131007,Overweight,2021-09-09
CND-3116,1c3e39cb-9e93-4de7-b6df-8ce27458dc85,59621000,Essential hypertension,2015-07-10
CND-3117,1c3e39cb-9e93-4de7-b6df-8ce27458dc85,238131007,Overweight,2015-08-16
CND-3118,abaf870b-4a72-47f6-9ca5-aa2400a8bffe,59621000,Essential hypertension,2013-05-18
CND-3119,abaf870b-4a72-47f6-9ca5-aa2400a8bffe,13645005,Chronic obstructive pulmonary disease,2022-10-24
CND-3120,abaf870b-4a72-47f6-9ca5-aa2400a8bffe,238131007,Overweight,2013-05-15
CND-3121,773b8efa-e176-41c2-a751-8d84e20a4d3d,238131007,Overweight,2017-09-04
CND-3122,51146977-4dbf-4251-8798-8514909b8cd8,59621000,Essential hypertension,2010-09-08
CND-3123,51146977-4dbf-4251-8798-8514909b8cd8,44054006,Type 2 diabetes mellitus,2016-05-27
CND-3124,51146977-4dbf-4251-8798-8514909b8cd8,195967001,Asthma,2015-06-18
CND-3125,51146977-4dbf-4251-8798-8514909b8cd8,13645005,Chronic obstructive pulmonary disease,2009-08-13
CND-3126,c7cfaa5a-e4b9-4738-8be6-33963dbb178f,59621000,Essential hypertension,2019-08-06
CND-3127,c7cfaa5a-e4b9-4738-8be6-33963dbb178f,195967001,Asthma,2021-10-31
CND-3128,c7cfaa5a-e4b9-4738-8be6-33963dbb178f,238131007,Overweight,2009-07-02
CND-3129,6a49c3b1-5a99-4244-bf6b-0c8a733ab68a,59621000,Essential hypertension,2016-07-16
CND-3130,f503fc56-ef0c-494e-af36-166853015196,238131007,Overweight,2011-05-14
CND-3131,d8cc555e-905d-4df1-9d5d-9d13cbef239a,59621000,Essential hypertension,2018-06-12
CND-3132,d8cc555e-905d-4df1-9d5d-9d13cbef239a,709044004,Chronic kidney disease stage 2/3,2022-12-27
CND-3133,d8cc555e-905d-4df1-9d5d-9d13cbef239a,238131007,Overweight,2019-07-22
CND-3134,06faefcf-480b-492c-82ee-35294c2f840c,59621000,Essential hypertension,2014-06-09
CND-3135,4c44ea23-d170-4601-8aee-b91e86d13160,59621000,Essential hypertension,2020-07-06
CND-3136,4c44ea23-d170-4601-8aee-b91e86d13160,195967001,Asthma,2009-12-06
CND-3137,4c44ea23-d170-4601-8aee-b91e86d13160,238131007,Overweight,2016-05-13
CND-3138,0a975fb2-d220-4da4-9ec3-45fa172cef5a,195967001,Asthma,2016-03-30
CND-3139,0a975fb2-d220-4da4-9ec3-45fa172cef5a,238131007,Overweight,2009-11-29
CND-3140,1ebfb60d-efed-4889-83aa-677635286d24,59621000,Essential hypertension,2011-11-07
CND-3141,1ebfb60d-efed-4889-83aa-677635286d24,238131007,Overweight,2021-04-15
CND-3142,8991d4e5-9404-4603-9b78-e060198f656f,59621000,Essential hypertension,2013-12-17
CND-3143,8991d4e5-9404-4603-9b78-e060198f656f,195967001,Asthma,2016-09-23
CND-3144,8991d4e5-9404-4603-9b78-e060198f656f,13645005,Chronic obstructive pulmonary disease,2010-07-27
CND-3145,cefcd598-50fd-4080-80d4-dc44a731243c,44054006,Type 2 diabetes mellitus,2022-11-10
CND-3146,a99c93e5-4674-4fc4-894c-1f19c5fa59c4,13645005,Chronic obstructive pulmonary disease,2015-12-28
CND-3147,b28f3ca1-18cc-49b0-b5e1-0ee4a333dde5,59621000,Essential hypertension,2018-05-21
CND-3148,b28f3ca1-18cc-49b0-b5e1-0ee4a333dde5,44054006,Type 2 diabetes mellitus,2015-04-28
CND-3149,b28f3ca1-18cc-49b0-b5e1-0ee4a333dde5,15777000,Prediabetes,2013-04-10
CND-3150,598f7bb4-f808-470a-9f5b-dbbba89f2a05,238131007,Overweight,2009-11-18
CND-3151,e7b63533-4f39-4ae6-9333-c3b89d8682b1,59621000,Essential hypertension,2010-09-27
CND-3152,e7b63533-4f39-4ae6-9333-c3b89d8682b1,44054006,Type 2 diabetes mellitus,2018-06-20
CND-3153,e7b63533-4f39-4ae6-9333-c3b89d8682b1,13645005,Chronic obstructive pulmonary disease,2021-11-05
CND-3154,e7b63533-4f39-4ae6-9333-c3b89d8682b1,238131007,Overweight,2015-12-30
CND-3155,3f651688-c51d-4ebf-be66-11d383fe2c73,195967001,Asthma,2017-12-15
CND-3156,6e5cf7ce-13c3-4b65-b607-b36b1daf5742,44054006,Type 2 diabetes mellitus,2019-05-07
CND-3157,6e5cf7ce-13c3-4b65-b607-b36b1daf5742,238131007,Overweight,2021-06-20
CND-3158,64328834-7312-4c24-8378-45e83f081d29,59621000,Essential hypertension,2020-04-16
CND-3159,fb5ed14a-34c1-459c-a0f2-d0185e02c76a,59621000,Essential hypertension,2020-11-14
CND-3160,fb5ed14a-34c1-459c-a0f2-d0185e02c76a,44054006,Type 2 diabetes mellitus,2019-07-20
CND-3161,fb5ed14a-34c1-459c-a0f2-d0185e02c76a,709044004,Chronic kidney disease stage 2/3,2016-09-09
CND-3162,fb5ed14a-34c1-459c-a0f2-d0185e02c76a,238131007,Overweight,2011-11-19
CND-3163,50f169dd-da9d-4c57-9aa4-38550e76115d,59621000,Essential hypertension,2013-12-11
CND-3164,50f169dd-da9d-4c57-9aa4-38550e76115d,195967001,Asthma,2022-03-27
CND-3165,f45dd2ae-78ae-4bc5-94b9-b22c4ba77a2a,59621000,Essential hypertension,2015-08-29
CND-3166,f45dd2ae-78ae-4bc5-94b9-b22c4ba77a2a,13645005,Chronic obstructive pulmonary disease,2009-12-15
CND-3167,c626d31f-ed43-43b0-852c-d674c6273e6e,44054006,Type 2 diabetes mellitus,2019-12-11
CND-3168,c626d31f-ed43-43b0-852c-d674c6273e6e,15777000,Prediabetes,2022-06-16
CND-3169,1ae538a6-ae79-4aae-8a66-869a7dbbb1ba,59621000,Essential hypertension,2016-06-02
CND-3170,1ae538a6-ae79-4aae-8a66-869a7dbbb1ba,195967001,Asthma,2019-08-04
CND-3171,1ae538a6-ae79-4aae-8a66-869a7dbbb1ba,709044004,Chronic kidney disease stage 2/3,2019-07-20
CND-3172,1ae538a6-ae79-4aae-8a66-869a7dbbb1ba,13645005,Chronic obstructive pulmonary disease,2012-03-15
CND-3173,ca735529-e0d7-4601-8668-789c750a60d8,59621000,Essential hypertension,2017-08-22
CND-3174,83af7a7a-4c50-48bc-a076-27a2d5795e4a,59621000,Essential hypertension,2012-08-22
CND-3175,83af7a7a-4c50-48bc-a076-27a2d5795e4a,195967001,Asthma,2013-07-29
CND-3176,9157cbac-42e2-403f-8105-65cfb9eac2d9,44054006,Type 2 diabetes mellitus,2015-04-07
CND-3177,22991879-2fe6-4b66-bdcf-1ce3c7196fb0,59621000,Essential hypertension,2013-03-26
CND-3178,22991879-2fe6-4b66-bdcf-1ce3c7196fb0,195967001,Asthma,2017-06-16
CND-3179,22991879-2fe6-4b66-bdcf-1ce3c7196fb0,709044004,Chronic kidney disease stage 2/3,2012-06-06
CND-3180,4da82eb5-dff9-431b-8f23-5cf79cc4d8a4,238131007,Overweight,2011-09-13
CND-3181,3bf947ea-7e65-43b1-bc59-68338f0fad6c,59621000,Essential hypertension,2016-11-23
CND-3182,3bf947ea-7e65-43b1-bc59-68338f0fad6c,15777000,Prediabetes,2022-04-20
CND-3183,0343eb3e-f0d2-4809-9906-9beaf97ef21e,59621000,Essential hypertension,2009-07-07
CND-3184,0343eb3e-f0d2-4809-9906-9beaf97ef21e,238131007,Overweight,2022-10-22
CND-3185,e6fd5076-e4c4-4299-8a60-d2cd94f69213,195967001,Asthma,2018-09-04
CND-3186,bb4e1ccd-890c-43f1-9147-80318c64314b,44054006,Type 2 diabetes mellitus,2021-03-17
CND-3187,0fa06b30-47dc-4d9a-b08c-6fb6860ed2f1,59621000,Essential hypertension,2017-06-06
CND-3188,0fa06b30-47dc-4d9a-b08c-6fb6860ed2f1,238131007,Overweight,2009-05-13
CND-3189,cc16eef4-3018-478a-a745-4eef2c970fa4,59621000,Essential hypertension,2010-10-03
CND-3190,c0610d0e-a0ee-4ab8-a7a5-629c3240c53c,59621000,Essential hypertension,2014-03-27
CND-3191,c0610d0e-a0ee-4ab8-a7a5-629c3240c53c,44054006,Type 2 diabetes mellitus,2011-10-11
CND-3192,c0610d0e-a0ee-4ab8-a7a5-629c3240c53c,195967001,Asthma,2019-11-07
CND-3193,576627db-44f6-4355-9667-2158400aea07,13645005,Chronic obstructive pulmonary disease,2019-08-18
CND-3194,576627db-44f6-4355-9667-2158400aea07,238131007,Overweight,2022-05-18
CND-3195,04a6c620-adc3-4e5f-8dcc-8295148085f0,44054006,Type 2 diabetes mellitus,2012-11-10
CND-3196,04a6c620-adc3-4e5f-8dcc-8295148085f0,13645005,Chronic obstructive pulmonary disease,2021-05-02
CND-3197,04a6c620-adc3-4e5f-8dcc-8295148085f0,15777000,Prediabetes,2018-12-01
CND-3198,9f714b0d-a2ca-4d6f-9ccc-291c7adab8b5,15777000,Prediabetes,2019-06-20
CND-3199,d6b14e97-2bd5-4a75-ae62-5e45e58a1654,238131007,Overweight,2020-08-06
CND-3200,9b0ba599-9445-4871-9d5f-2b8f734b4233,59621000,Essential hypertension,2022-10-29
CND-3201,9b0ba599-9445-4871-9d5f-2b8f734b4233,13645005,Chronic obstructive pulmonary disease,2014-07-17
CND-3202,dba5c92c-28a9-49a9-8996-09ce066cca0d,59621000,Essential hypertension,2014-11-05
CND-3203,dba5c92c-28a9-49a9-8996-09ce066cca0d,238131007,Overweight,2021-06-29
CND-3204,50666e4e-1383-48c3-93c4-bbbaf5ac39b1,238131007,Overweight,2015-09-20
CND-3205,885ffc46-3bc2-40f8-831f-3b41b6e315cf,709044004,Chronic kidney disease stage 2/3,2018-11-05
CND-3206,885ffc46-3bc2-40f8-831f-3b41b6e315cf,238131007,Overweight,2016-04-02
CND-3207,5655aaf8-8d81-4c29-ac38-3882363923c2,195967001,Asthma,2011-12-27
CND-3208,5655aaf8-8d81-4c29-ac38-3882363923c2,13645005,Chronic obstructive pulmonary disease,2019-12-18
CND-3209,dea15f3e-9bde-4014-8e49-813a342d5d69,59621000,Essential hypertension,2009-03-15
CND-3210,dea15f3e-9bde-4014-8e49-813a342d5d69,44054006,Type 2 diabetes mellitus,2009-10-19
CND-3211,dea15f3e-9bde-4014-8e49-813a342d5d69,238131007,Overweight,2022-10-10
CND-3212,ec44fd01-0b1f-43a6-8de7-c707e46e0ad2,13645005,Chronic obstructive pulmonary disease,2018-11-10
CND-3213,c1e4971c-3aa7-4119-a91a-42076e395a3e,44054006,Type 2 diabetes mellitus,2021-05-19
CND-3214,c1e4971c-3aa7-4119-a91a-42076e395a3e,709044004,Chronic kidney disease stage 2/3,2016-05-20
CND-3215,c1e4971c-3aa7-4119-a91a-42076e395a3e,238131007,Overweight,2022-03-17
CND-3216,44cf8793-2cf9-489b-864b-f03cd53f6040,238131007,Overweight,2016-09-06
CND-3217,3f4cb5cd-f5d8-4b1b-b27a-86b71d809025,195967001,Asthma,2013-12-12
CND-3218,3ade8777-58e7-4b1f-afdb-5fd81a8c09de,195967001,Asthma,2022-08-31
CND-3219,dfca16e1-8a58-40cd-a0d3-e5489a83e388,59621000,Essential hypertension,2009-04-30
CND-3220,dfca16e1-8a58-40cd-a0d3-e5489a83e388,195967001,Asthma,2022-12-04
CND-3221,dfca16e1-8a58-40cd-a0d3-e5489a83e388,15777000,Prediabetes,2010-01-03
CND-3222,ab4cf4ba-e10e-4021-9385-1e7b561b6611,59621000,Essential hypertension,2022-11-04
CND-3223,ab4cf4ba-e10e-4021-9385-1e7b561b6611,44054006,Type 2 diabetes mellitus,2013-06-26
CND-3224,044e4cba-a51b-4ba2-9436-be73bb440eae,59621000,Essential hypertension,2017-07-11
CND-3225,044e4cba-a51b-4ba2-9436-be73bb440eae,238131007,Overweight,2013-06-19
CND-3226,044e4cba-a51b-4ba2-9436-be73bb440eae,15777000,Prediabetes,2012-06-23
CND-3227,a2459fae-6284-4660-97b2-39b8a2db7a3f,59621000,Essential hypertension,2022-09-16
CND-3228,a2459fae-6284-4660-97b2-39b8a2db7a3f,238131007,Overweight,2015-09-01
CND-3229,9ed53afd-1358-4a21-9500-25441f2acfe0,13645005,Chronic obstructive pulmonary disease,2019-12-09
CND-3230,f5e87039-a02e-4ed0-bf82-47661330d2b3,59621000,Essential hypertension,2018-09-10
CND-3231,f5e87039-a02e-4ed0-bf82-47661330d2b3,15777000,Prediabetes,2021-06-22
CND-3232,e64768fd-7fc1-40a1-874e-e94e0cf93ced,59621000,Essential hypertension,2014-12-15
CND-3233,dded4c48-ab0d-4c31-bae8-e16020318309,13645005,Chronic obstructive pulmonary disease,2017-08-28
CND-3234,0ced2840-d7aa-4a98-bde8-fda3d8275679,44054006,Type 2 diabetes mellitus,2015-03-15
CND-3235,0ced2840-d7aa-4a98-bde8-fda3d8275679,709044004,Chronic kidney disease stage 2/3,2017-11-23
CND-3236,2b5e334c-2088-4837-8154-12ce3e8d8496,59621000,Essential hypertension,2016-10-22
CND-3237,2b5e334c-2088-4837-8154-12ce3e8d8496,44054006,Type 2 diabetes mellitus,2012-10-07
CND-3238,2b5e334c-2088-4837-8154-12ce3e8d8496,195967001,Asthma,2010-10-02
CND-3239,2b5e334c-2088-4837-8154-12ce3e8d8496,238131007,Overweight,2015-07-28
CND-3240,2b5e334c-2088-4837-8154-12ce3e8d8496,15777000,Prediabetes,2018-07-15
CND-3241,3fef47fa-246a-4c22-a5b3-2d28c81ebbcd,59621000,Essential hypertension,2011-08-13
CND-3242,3fef47fa-246a-4c22-a5b3-2d28c81ebbcd,195967001,Asthma,2018-07-02
CND-3243,3fef47fa-246a-4c22-a5b3-2d28c81ebbcd,709044004,Chronic kidney disease stage 2/3,2021-06-28
CND-3244,3fef47fa-246a-4c22-a5b3-2d28c81ebbcd,13645005,Chronic obstructive pulmonary disease,2016-12-30
CND-3245,3fef47fa-246a-4c22-a5b3-2d28c81ebbcd,238131007,Overweight,2012-10-02
CND-3246,3fef47fa-246a-4c22-a5b3-2d28c81ebbcd,15777000,Prediabetes,2012-07-28
CND-3247,42ada17f-61b8-411b-96ee-bc1659280535,59621000,Essential hypertension,2009-10-03
CND-3248,42ada17f-61b8-411b-96ee-bc1659280535,44054006,Type 2 diabetes mellitus,2011-07-22
CND-3249,a6222343-d9f6-4641-a4d5-1b6abc6107de,59621000,Essential hypertension,2016-05-13
CND-3250,a6222343-d9f6-4641-a4d5-1b6abc6107de,13645005,Chronic obstructive pulmonary disease,2010-03-15
CND-3251,a6222343-d9f6-4641-a4d5-1b6abc6107de,238131007,Overweight,2015-09-28
CND-3252,a6222343-d9f6-4641-a4d5-1b6abc6107de,15777000,Prediabetes,2022-05-21
CND-3253,ae81f379-98bb-40ff-9935-38c1a563d1c0,44054006,Type 2 diabetes mellitus,2009-07-07
CND-3254,ae81f379-98bb-40ff-9935-38c1a563d1c0,13645005,Chronic obstructive pulmonary disease,2020-03-17
CND-3255,3d488c40-267a-4f68-a34c-1806e9677d81,59621000,Essential hypertension,2019-09-25
CND-3256,3d488c40-267a-4f68-a34c-1806e9677d81,238131007,Overweight,2017-03-24
CND-3257,6d4c27b0-bbc9-426f-8191-937822f17d40,59621000,Essential hypertension,2011-10-29
CND-3258,6d4c27b0-bbc9-426f-8191-937822f17d40,13645005,Chronic obstructive pulmonary disease,2012-05-30
CND-3259,6d4c27b0-bbc9-426f-8191-937822f17d40,238131007,Overweight,2009-10-02
CND-3260,6d4c27b0-bbc9-426f-8191-937822f17d40,15777000,Prediabetes,2016-06-24
CND-3261,d586600f-bbd9-40cd-90d1-5e86aff7fdcb,59621000,Essential hypertension,2016-10-04
CND-3262,d586600f-bbd9-40cd-90d1-5e86aff7fdcb,238131007,Overweight,2013-09-06
CND-3263,7bdf7f86-19d3-4c3f-9b50-36f5ad85c676,59621000,Essential hypertension,2017-07-02
CND-3264,7bdf7f86-19d3-4c3f-9b50-36f5ad85c676,15777000,Prediabetes,2022-07-13
CND-3265,d6728e65-3ebf-4882-ac2a-df24da1f4db2,44054006,Type 2 diabetes mellitus,2019-10-14
CND-3266,3971c0b4-0d2a-4f90-8905-cbfe50fcdc6f,195967001,Asthma,2020-08-21
CND-3267,3971c0b4-0d2a-4f90-8905-cbfe50fcdc6f,238131007,Overweight,2021-04-26
CND-3268,e649c30e-9c90-459a-8a07-1c59f14ef39b,709044004,Chronic kidney disease stage 2/3,2019-04-27
CND-3269,d765479b-9072-45de-9778-1baa2d613211,59621000,Essential hypertension,2022-07-08
CND-3270,d765479b-9072-45de-9778-1baa2d613211,44054006,Type 2 diabetes mellitus,2015-04-27
CND-3271,d765479b-9072-45de-9778-1baa2d613211,195967001,Asthma,2017-10-04
CND-3272,d765479b-9072-45de-9778-1baa2d613211,238131007,Overweight,2011-04-16
CND-3273,d765479b-9072-45de-9778-1baa2d613211,15777000,Prediabetes,2015-09-11
CND-3274,8db636b7-b63b-4778-bc2a-d74ec420398f,59621000,Essential hypertension,2017-03-29
CND-3275,8db636b7-b63b-4778-bc2a-d74ec420398f,44054006,Type 2 diabetes mellitus,2013-10-28
CND-3276,8db636b7-b63b-4778-bc2a-d74ec420398f,13645005,Chronic obstructive pulmonary disease,2013-03-19
CND-3277,8db636b7-b63b-4778-bc2a-d74ec420398f,238131007,Overweight,2009-10-01
CND-3278,8db636b7-b63b-4778-bc2a-d74ec420398f,15777000,Prediabetes,2022-05-07
CND-3279,cab0d6ac-4cee-4284-8784-5bf962dc4127,195967001,Asthma,2015-07-28
CND-3280,ad9a3446-fcdd-479a-98c6-7b548ea325a4,59621000,Essential hypertension,2011-10-07
CND-3281,4fb59f6f-d47a-4a61-b275-96925689ff07,59621000,Essential hypertension,2020-11-18
CND-3282,4fb59f6f-d47a-4a61-b275-96925689ff07,44054006,Type 2 diabetes mellitus,2022-05-17
CND-3283,4fb59f6f-d47a-4a61-b275-96925689ff07,195967001,Asthma,2020-04-27
CND-3284,84333470-8eb1-4e17-821c-81aa2f998256,195967001,Asthma,2019-03-19
CND-3285,84333470-8eb1-4e17-821c-81aa2f998256,709044004,Chronic kidney disease stage 2/3,2010-09-02
CND-3286,6952193c-b110-4526-82f9-4e05f5010ef9,195967001,Asthma,2011-06-23
CND-3287,c8c19522-91db-43da-9e2e-9698a39ca754,59621000,Essential hypertension,2020-04-04
CND-3288,bc8ad48e-0079-4764-a0a4-dd7a9e81f70b,59621000,Essential hypertension,2018-09-05
CND-3289,bc8ad48e-0079-4764-a0a4-dd7a9e81f70b,195967001,Asthma,2010-11-29
CND-3290,bc8ad48e-0079-4764-a0a4-dd7a9e81f70b,709044004,Chronic kidney disease stage 2/3,2018-09-15
CND-3291,a1b13167-19d5-4e06-bc53-b3f799732aaa,195967001,Asthma,2013-01-02
CND-3292,a1b13167-19d5-4e06-bc53-b3f799732aaa,709044004,Chronic kidney disease stage 2/3,2022-06-04
CND-3293,a1b13167-19d5-4e06-bc53-b3f799732aaa,238131007,Overweight,2018-04-09
CND-3294,e9c61b13-f5c9-4fbc-a840-226cf250ab87,59621000,Essential hypertension,2020-09-19
CND-3295,e9c61b13-f5c9-4fbc-a840-226cf250ab87,238131007,Overweight,2022-07-18
CND-3296,3660eebb-0016-4f33-8736-de451ca19c5b,59621000,Essential hypertension,2021-04-17
CND-3297,3660eebb-0016-4f33-8736-de451ca19c5b,15777000,Prediabetes,2021-06-08
CND-3298,3c4c972f-1e3f-474a-b866-0412b191121d,59621000,Essential hypertension,2011-04-20
CND-3299,3c4c972f-1e3f-474a-b866-0412b191121d,44054006,Type 2 diabetes mellitus,2020-09-26
CND-3300,3c4c972f-1e3f-474a-b866-0412b191121d,238131007,Overweight,2015-12-26
CND-3301,3c4c972f-1e3f-474a-b866-0412b191121d,15777000,Prediabetes,2016-06-07
CND-3302,c289304e-8593-4cea-bdbf-56f0ad335e7c,238131007,Overweight,2019-04-02
CND-3303,c329d6d5-0111-407b-bae7-ffc35712a03c,59621000,Essential hypertension,2012-03-13
CND-3304,c329d6d5-0111-407b-bae7-ffc35712a03c,15777000,Prediabetes,2015-04-29
CND-3305,97b58ef4-3244-4a0f-93d3-4a749e02613b,59621000,Essential hypertension,2017-07-29
CND-3306,97b58ef4-3244-4a0f-93d3-4a749e02613b,238131007,Overweight,2012-05-20
CND-3307,53bba97a-57ef-4636-bb27-a06e7e6a79fd,59621000,Essential hypertension,2009-07-17
CND-3308,53bba97a-57ef-4636-bb27-a06e7e6a79fd,15777000,Prediabetes,2020-10-15
CND-3309,ef2a397c-5eb2-4a00-8ea8-7ab191bcb552,59621000,Essential hypertension,2022-04-26
CND-3310,ef2a397c-5eb2-4a00-8ea8-7ab191bcb552,195967001,Asthma,2014-12-17
CND-3311,7394ca67-900d-4815-b6a8-35bf36a40af7,59621000,Essential hypertension,2017-08-28
CND-3312,9dc8959c-b34b-4367-8b29-a9452874ba2c,59621000,Essential hypertension,2011-05-24
CND-3313,9dc8959c-b34b-4367-8b29-a9452874ba2c,238131007,Overweight,2013-12-04
CND-3314,9dc8959c-b34b-4367-8b29-a9452874ba2c,15777000,Prediabetes,2009-03-12
CND-3315,49c9f02c-e4ad-49a6-9e70-8d853384d2f0,59621000,Essential hypertension,2015-07-01
CND-3316,49c9f02c-e4ad-49a6-9e70-8d853384d2f0,238131007,Overweight,2012-10-23
CND-3317,49c9f02c-e4ad-49a6-9e70-8d853384d2f0,15777000,Prediabetes,2021-09-30
CND-3318,4e00774c-2062-4cb1-977e-925202954ab4,59621000,Essential hypertension,2013-04-05
CND-3319,4e00774c-2062-4cb1-977e-925202954ab4,709044004,Chronic kidney disease stage 2/3,2012-04-09
CND-3320,777aa3eb-5133-4398-975c-38cc65ff3ed1,709044004,Chronic kidney disease stage 2/3,2016-12-01
CND-3321,b4845917-d95d-4fa4-aa7e-8f91f34c1a62,59621000,Essential hypertension,2010-11-30
CND-3322,9f902c61-6980-432e-8933-1a5212c023c2,59621000,Essential hypertension,2011-04-29
CND-3323,9f902c61-6980-432e-8933-1a5212c023c2,44054006,Type 2 diabetes mellitus,2019-08-07
CND-3324,9f902c61-6980-432e-8933-1a5212c023c2,195967001,Asthma,2021-05-01
CND-3325,7ecbb6c6-24a3-457c-ab06-f5651918f87b,195967001,Asthma,2021-09-29
CND-3326,7ecbb6c6-24a3-457c-ab06-f5651918f87b,15777000,Prediabetes,2017-05-22
CND-3327,5e7fb12b-d76d-489c-bba3-9fc0a4d894ff,195967001,Asthma,2021-12-06
CND-3328,4523d9fc-0983-47e3-a197-8e6ac930fd2a,59621000,Essential hypertension,2014-04-04
CND-3329,4523d9fc-0983-47e3-a197-8e6ac930fd2a,238131007,Overweight,2017-11-23
CND-3330,a14963ae-26fa-40ce-ac96-12d6316a30be,59621000,Essential hypertension,2018-05-12
CND-3331,2c39ebce-04c1-487f-9ab3-70349461d051,59621000,Essential hypertension,2014-08-11
CND-3332,2c39ebce-04c1-487f-9ab3-70349461d051,238131007,Overweight,2013-12-25
CND-3333,2c39ebce-04c1-487f-9ab3-70349461d051,15777000,Prediabetes,2015-01-03
CND-3334,fcd52740-e933-4170-b8b5-c1dddf3121d4,238131007,Overweight,2021-10-02
CND-3335,5c323853-98c9-43cf-a90a-7630fb5f24ee,59621000,Essential hypertension,2011-05-31
CND-3336,5c323853-98c9-43cf-a90a-7630fb5f24ee,44054006,Type 2 diabetes mellitus,2010-05-03
CND-3337,36f96736-1ff9-4981-8026-93e24d925b2c,195967001,Asthma,2021-10-07
CND-3338,fc4a1cf3-c4ab-4352-a45c-837521af28e8,59621000,Essential hypertension,2022-10-29
CND-3339,fc4a1cf3-c4ab-4352-a45c-837521af28e8,44054006,Type 2 diabetes mellitus,2020-06-08
CND-3340,31a9357f-7eef-4e5b-8bb1-663f8d2c7ad4,195967001,Asthma,2014-06-09
CND-3341,f3c6446e-5f9c-4c4c-904f-bd8938c1d749,59621000,Essential hypertension,2011-06-29
CND-3342,f3c6446e-5f9c-4c4c-904f-bd8938c1d749,44054006,Type 2 diabetes mellitus,2010-10-20
CND-3343,f3c6446e-5f9c-4c4c-904f-bd8938c1d749,195967001,Asthma,2016-04-20
CND-3344,f3c6446e-5f9c-4c4c-904f-bd8938c1d749,13645005,Chronic obstructive pulmonary disease,2015-03-30
CND-3345,f3c6446e-5f9c-4c4c-904f-bd8938c1d749,15777000,Prediabetes,2021-08-24
CND-3346,1b9eb327-c00a-451b-8e2e-ccfc5f092a04,59621000,Essential hypertension,2013-07-31
CND-3347,1b9eb327-c00a-451b-8e2e-ccfc5f092a04,195967001,Asthma,2019-11-13
CND-3348,1b9eb327-c00a-451b-8e2e-ccfc5f092a04,238131007,Overweight,2017-07-03
CND-3349,8ff5e373-5553-4d74-8b26-f41dbd8732ae,59621000,Essential hypertension,2016-06-28
CND-3350,8ff5e373-5553-4d74-8b26-f41dbd8732ae,195967001,Asthma,2021-08-22
CND-3351,8ff5e373-5553-4d74-8b26-f41dbd8732ae,709044004,Chronic kidney disease stage 2/3,2013-11-04
CND-3352,8ff5e373-5553-4d74-8b26-f41dbd8732ae,238131007,Overweight,2011-05-27
CND-3353,8ff5e373-5553-4d74-8b26-f41dbd8732ae,15777000,Prediabetes,2015-05-24
CND-3354,a436698c-9ef8-4d33-9dd5-0221384ce2c2,59621000,Essential hypertension,2016-04-13
CND-3355,a436698c-9ef8-4d33-9dd5-0221384ce2c2,44054006,Type 2 diabetes mellitus,2016-12-12
CND-3356,a436698c-9ef8-4d33-9dd5-0221384ce2c2,195967001,Asthma,2011-11-10
CND-3357,a436698c-9ef8-4d33-9dd5-0221384ce2c2,15777000,Prediabetes,2011-12-10
CND-3358,23db432d-7129-4f30-ac6b-047c9dc5c027,59621000,Essential hypertension,2021-04-11
CND-3359,23db432d-7129-4f30-ac6b-047c9dc5c027,195967001,Asthma,2012-08-31
CND-3360,23db432d-7129-4f30-ac6b-047c9dc5c027,709044004,Chronic kidney disease stage 2/3,2012-06-18
CND-3361,d2ef4dee-a2cb-4841-b7a5-c83bbf0d2aac,195967001,Asthma,2022-10-24
CND-3362,34ab67d6-c68d-437a-831c-50cf15cb6443,44054006,Type 2 diabetes mellitus,2021-05-23
CND-3363,34ab67d6-c68d-437a-831c-50cf15cb6443,195967001,Asthma,2018-10-20
CND-3364,34ab67d6-c68d-437a-831c-50cf15cb6443,709044004,Chronic kidney disease stage 2/3,2016-10-27
CND-3365,4605d836-a28b-4b25-b580-785d729f0d6d,59621000,Essential hypertension,2013-04-26
CND-3366,bf7bccd8-be8e-45c3-91f0-fff4ac5c24b2,59621000,Essential hypertension,2017-03-30
CND-3367,bf7bccd8-be8e-45c3-91f0-fff4ac5c24b2,44054006,Type 2 diabetes mellitus,2020-04-25
CND-3368,bf7bccd8-be8e-45c3-91f0-fff4ac5c24b2,15777000,Prediabetes,2010-04-01
CND-3369,96ea0163-ce58-4280-b2ed-544762e448af,44054006,Type 2 diabetes mellitus,2009-07-03
CND-3370,96ea0163-ce58-4280-b2ed-544762e448af,238131007,Overweight,2009-08-09
CND-3371,96ea0163-ce58-4280-b2ed-544762e448af,15777000,Prediabetes,2016-11-02
CND-3372,9a38fe0b-b1aa-4d49-9534-f91d70f65ff1,195967001,Asthma,2022-08-21
CND-3373,24f38f11-b256-4525-9a85-10bd406b8ac8,59621000,Essential hypertension,2021-08-31
CND-3374,24f38f11-b256-4525-9a85-10bd406b8ac8,44054006,Type 2 diabetes mellitus,2016-11-20
CND-3375,24f38f11-b256-4525-9a85-10bd406b8ac8,709044004,Chronic kidney disease stage 2/3,2014-07-17
CND-3376,0b619b1f-e90b-4fee-a6a9-b3d3b7dc7a8f,44054006,Type 2 diabetes mellitus,2017-09-13
CND-3377,0b619b1f-e90b-4fee-a6a9-b3d3b7dc7a8f,195967001,Asthma,2015-03-31
CND-3378,0b619b1f-e90b-4fee-a6a9-b3d3b7dc7a8f,238131007,Overweight,2021-03-22
CND-3379,6fe91982-eb75-4664-bbc1-48de427728dc,59621000,Essential hypertension,2013-04-07
CND-3380,5574dc5b-88ee-44be-9bb8-f1340df204d5,59621000,Essential hypertension,2022-11-10
CND-3381,5574dc5b-88ee-44be-9bb8-f1340df204d5,44054006,Type 2 diabetes mellitus,2020-06-25
CND-3382,5574dc5b-88ee-44be-9bb8-f1340df204d5,709044004,Chronic kidney disease stage 2/3,2010-06-25
CND-3383,5574dc5b-88ee-44be-9bb8-f1340df204d5,13645005,Chronic obstructive pulmonary disease,2009-10-08
CND-3384,139602a8-fb67-42c8-a4df-0bf4d9cda04f,59621000,Essential hypertension,2015-04-20
CND-3385,139602a8-fb67-42c8-a4df-0bf4d9cda04f,15777000,Prediabetes,2013-07-01
CND-3386,d8da8367-2477-4a63-943e-a8c5842db61f,59621000,Essential hypertension,2018-05-01
CND-3387,d8da8367-2477-4a63-943e-a8c5842db61f,44054006,Type 2 diabetes mellitus,2017-04-21
CND-3388,d8da8367-2477-4a63-943e-a8c5842db61f,13645005,Chronic obstructive pulmonary disease,2022-11-06
CND-3389,69d52522-08e7-48e5-af82-6789a8015b06,238131007,Overweight,2017-11-03
CND-3390,69d52522-08e7-48e5-af82-6789a8015b06,15777000,Prediabetes,2010-09-16
CND-3391,73510a1f-6816-46b5-99ac-96cef7d46dc2,238131007,Overweight,2019-05-11
CND-3392,46ca1c82-ed5e-4d8a-9586-76f863d9c7f7,59621000,Essential hypertension,2022-10-15
CND-3393,46ca1c82-ed5e-4d8a-9586-76f863d9c7f7,195967001,Asthma,2017-12-14
CND-3394,2afa17ec-40ee-48ff-8a79-50ad732f4c1c,238131007,Overweight,2010-07-11
CND-3395,158b0ed6-1365-4d5b-a0a3-66907a464753,59621000,Essential hypertension,2012-11-04
CND-3396,158b0ed6-1365-4d5b-a0a3-66907a464753,238131007,Overweight,2016-08-17
CND-3397,b7ee2c78-a207-4086-9f1e-5e08b57e1a07,59621000,Essential hypertension,2009-10-17
CND-3398,83392b23-8635-4da6-bcd4-7d4ccf744f79,59621000,Essential hypertension,2020-07-14
CND-3399,83392b23-8635-4da6-bcd4-7d4ccf744f79,238131007,Overweight,2009-05-22
CND-3400,b7b822eb-26ed-4dff-9281-ebe4b1575a78,59621000,Essential hypertension,2011-05-07
CND-3401,b7b822eb-26ed-4dff-9281-ebe4b1575a78,709044004,Chronic kidney disease stage 2/3,2020-08-26
CND-3402,b236669e-0173-47fb-96a3-b1fefdec263e,59621000,Essential hypertension,2016-03-26
CND-3403,b236669e-0173-47fb-96a3-b1fefdec263e,238131007,Overweight,2014-11-12
CND-3404,783151b4-3046-4ae8-bef8-bef5a98c9e36,59621000,Essential hypertension,2013-11-28
CND-3405,783151b4-3046-4ae8-bef8-bef5a98c9e36,44054006,Type 2 diabetes mellitus,2014-12-07
CND-3406,783151b4-3046-4ae8-bef8-bef5a98c9e36,13645005,Chronic obstructive pulmonary disease,2017-03-26
CND-3407,554fe161-6471-46ae-aba3-3757090a56b2,59621000,Essential hypertension,2018-04-05
CND-3408,554fe161-6471-46ae-aba3-3757090a56b2,238131007,Overweight,2019-05-04
CND-3409,aabc5f41-ce88-402b-9c89-5d14857c0247,195967001,Asthma,2018-04-10
CND-3410,dc8f4d66-9b5d-4f11-84e4-eb3aaa1c78c1,44054006,Type 2 diabetes mellitus,2022-11-20
CND-3411,dc8f4d66-9b5d-4f11-84e4-eb3aaa1c78c1,15777000,Prediabetes,2013-03-30
CND-3412,63699061-4ba8-4c7c-8d69-3cf3e2c2fe7f,709044004,Chronic kidney disease stage 2/3,2016-10-17
CND-3413,63699061-4ba8-4c7c-8d69-3cf3e2c2fe7f,238131007,Overweight,2019-03-31
CND-3414,63699061-4ba8-4c7c-8d69-3cf3e2c2fe7f,15777000,Prediabetes,2012-12-04
CND-3415,746001f8-a04a-47d7-af07-2f0e08fd6f1e,195967001,Asthma,2022-10-15
CND-3416,3bc0d613-9b52-4c16-b5b3-ec0e1689cb16,15777000,Prediabetes,2014-10-23
CND-3417,863e8299-10b5-4578-b00f-a9cfab063497,59621000,Essential hypertension,2009-04-29
CND-3418,863e8299-10b5-4578-b00f-a9cfab063497,44054006,Type 2 diabetes mellitus,2021-06-09
CND-3419,251efa52-2658-490a-b822-78cc1bb3e5f6,238131007,Overweight,2012-08-16
CND-3420,251efa52-2658-490a-b822-78cc1bb3e5f6,15777000,Prediabetes,2019-03-30
CND-3421,7c4094a4-c251-4f23-917e-7e8962a571f2,59621000,Essential hypertension,2014-10-06
CND-3422,b0ddda2b-86d4-48a7-97b1-779760e93a87,15777000,Prediabetes,2020-12-12
CND-3423,8d01afaf-b1f8-4588-bf80-64d8604829b8,44054006,Type 2 diabetes mellitus,2017-12-15
CND-3424,07013b83-d40c-431d-843b-c9805ad14dd2,59621000,Essential hypertension,2017-07-10
CND-3425,07013b83-d40c-431d-843b-c9805ad14dd2,44054006,Type 2 diabetes mellitus,2009-03-20
CND-3426,07013b83-d40c-431d-843b-c9805ad14dd2,238131007,Overweight,2017-04-26
CND-3427,52a19f31-e48e-4401-be83-8c61783e8c60,59621000,Essential hypertension,2019-04-07
CND-3428,2f64c66b-aaeb-447b-8d30-223697b89364,195967001,Asthma,2019-03-18
CND-3429,1c0635eb-2963-4196-9029-0ba41d5c8b5f,59621000,Essential hypertension,2017-10-10
CND-3430,1c0635eb-2963-4196-9029-0ba41d5c8b5f,44054006,Type 2 diabetes mellitus,2013-08-22
CND-3431,1c0635eb-2963-4196-9029-0ba41d5c8b5f,709044004,Chronic kidney disease stage 2/3,2022-10-04
CND-3432,6a0a4473-a3ca-427a-aa07-05d27fab9700,59621000,Essential hypertension,2015-03-20
CND-3433,6a0a4473-a3ca-427a-aa07-05d27fab9700,44054006,Type 2 diabetes mellitus,2009-07-10
CND-3434,6a0a4473-a3ca-427a-aa07-05d27fab9700,195967001,Asthma,2016-08-09
CND-3435,c4e82c5e-5300-4e58-b82d-0b4b503acecf,195967001,Asthma,2022-12-08
CND-3436,4eb4ccac-9677-4d2f-9d59-f8795118f7ac,44054006,Type 2 diabetes mellitus,2015-01-02
CND-3437,4eb4ccac-9677-4d2f-9d59-f8795118f7ac,195967001,Asthma,2019-03-15
CND-3438,9597b2e9-f9d5-4989-a1a6-ef44ede6db42,59621000,Essential hypertension,2010-05-18
CND-3439,9597b2e9-f9d5-4989-a1a6-ef44ede6db42,195967001,Asthma,2016-10-22
CND-3440,9597b2e9-f9d5-4989-a1a6-ef44ede6db42,238131007,Overweight,2010-11-22
CND-3441,9597b2e9-f9d5-4989-a1a6-ef44ede6db42,15777000,Prediabetes,2010-04-01
CND-3442,f8d8e54c-a817-4ac3-93ed-41f65ef3f07f,59621000,Essential hypertension,2014-10-25
CND-3443,f8d8e54c-a817-4ac3-93ed-41f65ef3f07f,44054006,Type 2 diabetes mellitus,2011-07-29
CND-3444,f8d8e54c-a817-4ac3-93ed-41f65ef3f07f,238131007,Overweight,2009-06-10
CND-3445,ab8367aa-3898-45c3-9777-6c7da49d4f83,59621000,Essential hypertension,2014-09-20
CND-3446,ab8367aa-3898-45c3-9777-6c7da49d4f83,44054006,Type 2 diabetes mellitus,2015-06-05
CND-3447,ab8367aa-3898-45c3-9777-6c7da49d4f83,195967001,Asthma,2014-04-15
CND-3448,ab8367aa-3898-45c3-9777-6c7da49d4f83,238131007,Overweight,2022-07-30
CND-3449,aa741341-d27c-485c-a32d-edee2a2759f7,195967001,Asthma,2021-05-14
CND-3450,aa741341-d27c-485c-a32d-edee2a2759f7,15777000,Prediabetes,2018-06-07
CND-3451,64cb5aab-2a40-4e2a-843c-261788673e53,44054006,Type 2 diabetes mellitus,2011-10-25
CND-3452,64cb5aab-2a40-4e2a-843c-261788673e53,13645005,Chronic obstructive pulmonary disease,2014-05-16
CND-3453,64cb5aab-2a40-4e2a-843c-261788673e53,238131007,Overweight,2009-07-26
CND-3454,64cb5aab-2a40-4e2a-843c-261788673e53,15777000,Prediabetes,2016-10-27
CND-3455,1ef238e5-3233-42a4-8f2d-c2d9581ec15d,59621000,Essential hypertension,2012-09-07
CND-3456,cedd21ea-9d53-4890-ab98-e4fc0eb69d6a,59621000,Essential hypertension,2013-08-12
CND-3457,cedd21ea-9d53-4890-ab98-e4fc0eb69d6a,195967001,Asthma,2009-08-05
CND-3458,cedd21ea-9d53-4890-ab98-e4fc0eb69d6a,13645005,Chronic obstructive pulmonary disease,2021-04-14
CND-3459,b9dddf57-41f3-4533-b342-3cc30d8f732f,709044004,Chronic kidney disease stage 2/3,2013-09-28
CND-3460,b950625b-288b-445d-b55e-4680cfe75550,195967001,Asthma,2011-07-01
CND-3461,8befb584-83b1-4154-a849-0c33053ff4fc,59621000,Essential hypertension,2013-08-28
CND-3462,8befb584-83b1-4154-a849-0c33053ff4fc,195967001,Asthma,2018-09-21
CND-3463,c22d67df-9f03-44bf-8966-8d86d6e618fb,59621000,Essential hypertension,2018-09-16
CND-3464,c22d67df-9f03-44bf-8966-8d86d6e618fb,44054006,Type 2 diabetes mellitus,2020-04-26
CND-3465,c22d67df-9f03-44bf-8966-8d86d6e618fb,13645005,Chronic obstructive pulmonary disease,2022-05-25
CND-3466,3ed40a0f-d753-4cb9-96ae-5470dfd484ca,195967001,Asthma,2013-05-02
CND-3467,8f541850-4148-4ce5-b58f-d4148262fd9c,59621000,Essential hypertension,2013-04-29
CND-3468,8f541850-4148-4ce5-b58f-d4148262fd9c,44054006,Type 2 diabetes mellitus,2012-03-21
CND-3469,8f541850-4148-4ce5-b58f-d4148262fd9c,238131007,Overweight,2011-11-14
CND-3470,64040443-c33c-40a4-a9ef-eda4f0e669cd,195967001,Asthma,2022-04-18
CND-3471,a294618b-1c37-40a3-a0ad-304fa7d950c7,59621000,Essential hypertension,2010-07-07
CND-3472,a294618b-1c37-40a3-a0ad-304fa7d950c7,238131007,Overweight,2019-12-26
CND-3473,0a921dce-f325-473f-97a1-db658d1ba08b,59621000,Essential hypertension,2013-03-26
CND-3474,0a921dce-f325-473f-97a1-db658d1ba08b,44054006,Type 2 diabetes mellitus,2013-09-24
CND-3475,0a921dce-f325-473f-97a1-db658d1ba08b,195967001,Asthma,2018-05-26
CND-3476,eccea1b0-f617-4d57-bb60-5623a9155e41,59621000,Essential hypertension,2020-03-11
CND-3477,eccea1b0-f617-4d57-bb60-5623a9155e41,195967001,Asthma,2012-11-07
CND-3478,eccea1b0-f617-4d57-bb60-5623a9155e41,238131007,Overweight,2019-06-10
CND-3479,60cd1c2c-218b-40aa-987c-eadc1139c8df,44054006,Type 2 diabetes mellitus,2011-12-25
CND-3480,60cd1c2c-218b-40aa-987c-eadc1139c8df,709044004,Chronic kidney disease stage 2/3,2020-08-11
CND-3481,8514b8ed-aa54-46ce-a404-9c54acee989e,709044004,Chronic kidney disease stage 2/3,2012-04-15
CND-3482,0ae83188-2578-43f7-9abc-f3a3f7064b64,59621000,Essential hypertension,2009-06-07
CND-3483,0ae83188-2578-43f7-9abc-f3a3f7064b64,44054006,Type 2 diabetes mellitus,2022-06-06
CND-3484,0ae83188-2578-43f7-9abc-f3a3f7064b64,13645005,Chronic obstructive pulmonary disease,2015-09-14
CND-3485,0ae83188-2578-43f7-9abc-f3a3f7064b64,238131007,Overweight,2015-04-30
CND-3486,9a0260be-f253-4da1-b862-dbca8f006280,59621000,Essential hypertension,2011-08-14
CND-3487,9a0260be-f253-4da1-b862-dbca8f006280,195967001,Asthma,2017-05-18
CND-3488,9a0260be-f253-4da1-b862-dbca8f006280,13645005,Chronic obstructive pulmonary disease,2015-06-19
CND-3489,9a0260be-f253-4da1-b862-dbca8f006280,238131007,Overweight,2011-10-17
CND-3490,c8955c98-57ef-4947-8637-0f72145941d4,59621000,Essential hypertension,2011-07-15
CND-3491,c8955c98-57ef-4947-8637-0f72145941d4,44054006,Type 2 diabetes mellitus,2016-05-17
CND-3492,c8955c98-57ef-4947-8637-0f72145941d4,195967001,Asthma,2016-11-20
CND-3493,c8955c98-57ef-4947-8637-0f72145941d4,13645005,Chronic obstructive pulmonary disease,2015-03-21
CND-3494,86c2817e-0b33-45d1-ba39-4239d6cbbdd2,59621000,Essential hypertension,2019-06-28
CND-3495,6f69a3c9-9b0f-43bf-9bde-02dff35fee33,59621000,Essential hypertension,2011-12-27
CND-3496,6f69a3c9-9b0f-43bf-9bde-02dff35fee33,44054006,Type 2 diabetes mellitus,2011-04-08
CND-3497,6f69a3c9-9b0f-43bf-9bde-02dff35fee33,195967001,Asthma,2022-08-20
CND-3498,ee02fde8-c9f7-4e8d-91b7-7c52eb4e6b99,195967001,Asthma,2009-08-16
CND-3499,ee02fde8-c9f7-4e8d-91b7-7c52eb4e6b99,709044004,Chronic kidney disease stage 2/3,2013-08-25
CND-3500,72b50f0e-5e22-43f1-81f4-715d163cbe64,59621000,Essential hypertension,2021-08-19
CND-3501,72b50f0e-5e22-43f1-81f4-715d163cbe64,238131007,Overweight,2017-06-02
CND-3502,72b50f0e-5e22-43f1-81f4-715d163cbe64,15777000,Prediabetes,2013-08-16
CND-3503,d6916178-d802-4672-ad44-e724a0a04aaf,15777000,Prediabetes,2018-12-26
CND-3504,df8a9dc6-214c-47d1-9334-93cac2e8d923,44054006,Type 2 diabetes mellitus,2010-05-09
CND-3505,df8a9dc6-214c-47d1-9334-93cac2e8d923,195967001,Asthma,2017-05-14
CND-3506,3ae4dd5d-595b-49b7-acf7-4e13c344f533,59621000,Essential hypertension,2020-09-30
CND-3507,3ae4dd5d-595b-49b7-acf7-4e13c344f533,238131007,Overweight,2015-09-04
CND-3508,f7029e77-343b-4307-9b7c-fbc16af2fe59,59621000,Essential hypertension,2016-06-08
CND-3509,f7029e77-343b-4307-9b7c-fbc16af2fe59,195967001,Asthma,2013-08-23
CND-3510,f7029e77-343b-4307-9b7c-fbc16af2fe59,13645005,Chronic obstructive pulmonary disease,2013-12-31
CND-3511,a92ce763-420a-4bfe-8f96-6229ed8660c6,59621000,Essential hypertension,2014-03-21
CND-3512,a92ce763-420a-4bfe-8f96-6229ed8660c6,238131007,Overweight,2009-03-25
CND-3513,47024d5d-2af1-49d1-b926-000bb6c99dd7,59621000,Essential hypertension,2011-06-30
CND-3514,4c3af1ef-9c77-42d2-a8a1-8e214f5484df,238131007,Overweight,2016-11-01
CND-3515,56a91bd9-6f98-4497-a39f-387412321bb6,709044004,Chronic kidney disease stage 2/3,2010-09-24
CND-3516,56a91bd9-6f98-4497-a39f-387412321bb6,13645005,Chronic obstructive pulmonary disease,2020-10-19
CND-3517,56a91bd9-6f98-4497-a39f-387412321bb6,238131007,Overweight,2018-07-25
CND-3518,d1a0f5d7-e572-4772-8863-5d613d9ad1fe,59621000,Essential hypertension,2020-11-04
CND-3519,d1a0f5d7-e572-4772-8863-5d613d9ad1fe,44054006,Type 2 diabetes mellitus,2012-03-16
CND-3520,d1a0f5d7-e572-4772-8863-5d613d9ad1fe,709044004,Chronic kidney disease stage 2/3,2018-08-30
CND-3521,62c7cc03-62ae-4765-8bc3-d03317dee1f6,195967001,Asthma,2011-10-14
CND-3522,d5356553-bfae-4610-b874-8d7748a21b92,59621000,Essential hypertension,2013-12-29
CND-3523,d5356553-bfae-4610-b874-8d7748a21b92,195967001,Asthma,2011-03-28
CND-3524,650900e2-fc70-4d6d-a2b7-3f8694b0220b,59621000,Essential hypertension,2014-08-09
CND-3525,650900e2-fc70-4d6d-a2b7-3f8694b0220b,709044004,Chronic kidney disease stage 2/3,2012-08-27
CND-3526,9c1dedf2-aa94-49e0-8a18-ab5615af0c13,195967001,Asthma,2010-06-14
CND-3527,85fa088f-f753-4317-b885-aa45c573f385,59621000,Essential hypertension,2013-03-27
CND-3528,85fa088f-f753-4317-b885-aa45c573f385,13645005,Chronic obstructive pulmonary disease,2014-12-15
CND-3529,85fa088f-f753-4317-b885-aa45c573f385,238131007,Overweight,2021-05-16
CND-3530,ad22a29a-32ce-4a95-a0e1-7c771dcdfe25,238131007,Overweight,2011-07-21
CND-3531,3fe57acc-db0b-48d8-8282-61b8d7f2ddf2,59621000,Essential hypertension,2017-10-15
CND-3532,212aef0e-0851-4d0b-a95c-88802c7c016f,238131007,Overweight,2021-09-25
CND-3533,1638b74a-914c-4df8-867d-0df2a1f2edb5,59621000,Essential hypertension,2022-06-23
CND-3534,1638b74a-914c-4df8-867d-0df2a1f2edb5,238131007,Overweight,2021-09-09
CND-3535,c2a363dc-3d4e-44c2-a7cc-ea2760d64a18,44054006,Type 2 diabetes mellitus,2022-09-28
CND-3536,bbc4c687-55b6-4cc8-a027-25651696e5a5,59621000,Essential hypertension,2015-10-01
CND-3537,c3132ebe-7353-4319-a99d-ce5aef5e0c0a,13645005,Chronic obstructive pulmonary disease,2010-12-21
CND-3538,0052289f-9064-4e49-b751-de200554f933,59621000,Essential hypertension,2011-05-31
CND-3539,7d557150-f3a1-4ede-ab3d-0916f4802ac8,59621000,Essential hypertension,2021-06-10
CND-3540,7d557150-f3a1-4ede-ab3d-0916f4802ac8,44054006,Type 2 diabetes mellitus,2009-09-08
CND-3541,7d557150-f3a1-4ede-ab3d-0916f4802ac8,709044004,Chronic kidney disease stage 2/3,2018-09-19
CND-3542,7d557150-f3a1-4ede-ab3d-0916f4802ac8,238131007,Overweight,2021-04-07
CND-3543,4e6c747c-64af-4341-968b-fb7c2220d388,59621000,Essential hypertension,2019-05-14
CND-3544,4e6c747c-64af-4341-968b-fb7c2220d388,15777000,Prediabetes,2009-03-14
CND-3545,d8a484ed-8f08-4852-b43c-b0d01fce7d29,195967001,Asthma,2020-03-22
CND-3546,e8df3f9e-e250-4bf2-867c-126e6338dee1,59621000,Essential hypertension,2013-09-26
CND-3547,e8df3f9e-e250-4bf2-867c-126e6338dee1,44054006,Type 2 diabetes mellitus,2009-11-15
CND-3548,e8df3f9e-e250-4bf2-867c-126e6338dee1,195967001,Asthma,2011-05-08
CND-3549,e8df3f9e-e250-4bf2-867c-126e6338dee1,238131007,Overweight,2013-03-25
CND-3550,e8df3f9e-e250-4bf2-867c-126e6338dee1,15777000,Prediabetes,2011-03-30
CND-3551,793d2ff7-8b3d-4826-a9b9-4202d65d28f0,59621000,Essential hypertension,2019-11-27
CND-3552,c7dd1952-5deb-4bb1-ac85-6d39174604f0,59621000,Essential hypertension,2012-11-29
CND-3553,c7dd1952-5deb-4bb1-ac85-6d39174604f0,709044004,Chronic kidney disease stage 2/3,2016-10-11
CND-3554,c7dd1952-5deb-4bb1-ac85-6d39174604f0,238131007,Overweight,2017-06-19
CND-3555,6d7f3b1f-499a-4ce1-83a9-55fea95949f0,59621000,Essential hypertension,2015-04-30
CND-3556,6d7f3b1f-499a-4ce1-83a9-55fea95949f0,44054006,Type 2 diabetes mellitus,2019-05-04
CND-3557,6d7f3b1f-499a-4ce1-83a9-55fea95949f0,709044004,Chronic kidney disease stage 2/3,2015-09-01
CND-3558,6d7f3b1f-499a-4ce1-83a9-55fea95949f0,238131007,Overweight,2022-12-17
CND-3559,bd599328-34d7-4a24-862b-efe5ef898b49,709044004,Chronic kidney disease stage 2/3,2021-08-12
CND-3560,bd599328-34d7-4a24-862b-efe5ef898b49,15777000,Prediabetes,2010-11-19
CND-3561,30fe27e2-07e8-432f-a396-1813ec6ef561,59621000,Essential hypertension,2013-01-01
CND-3562,30fe27e2-07e8-432f-a396-1813ec6ef561,44054006,Type 2 diabetes mellitus,2018-04-07
CND-3563,30fe27e2-07e8-432f-a396-1813ec6ef561,13645005,Chronic obstructive pulmonary disease,2013-08-18
CND-3564,f73b810d-c948-495d-995e-32031611add6,44054006,Type 2 diabetes mellitus,2009-12-02
CND-3565,f73b810d-c948-495d-995e-32031611add6,709044004,Chronic kidney disease stage 2/3,2012-11-07
CND-3566,f73b810d-c948-495d-995e-32031611add6,13645005,Chronic obstructive pulmonary disease,2010-08-24
CND-3567,f73b810d-c948-495d-995e-32031611add6,238131007,Overweight,2022-06-16
CND-3568,f73b810d-c948-495d-995e-32031611add6,15777000,Prediabetes,2021-11-07
CND-3569,b6ec696e-0900-4716-9a77-c35305fb04b4,59621000,Essential hypertension,2021-10-07
CND-3570,b6ec696e-0900-4716-9a77-c35305fb04b4,44054006,Type 2 diabetes mellitus,2013-05-08
CND-3571,15e730bf-4d71-4b3e-85e7-e81e30babb12,44054006,Type 2 diabetes mellitus,2018-07-12
CND-3572,dd89d718-5960-45f7-a179-2ffb8a6c6773,44054006,Type 2 diabetes mellitus,2017-11-21
CND-3573,dd89d718-5960-45f7-a179-2ffb8a6c6773,195967001,Asthma,2009-04-14
CND-3574,dedc63e0-43eb-4650-b308-8cc639faa1dc,238131007,Overweight,2017-10-04
CND-3575,9631746e-6bad-49d2-aff7-a1550d1fe5bc,44054006,Type 2 diabetes mellitus,2019-08-30
CND-3576,ae960281-4f37-4b95-b80e-2148bca45508,59621000,Essential hypertension,2019-08-15
CND-3577,ae960281-4f37-4b95-b80e-2148bca45508,238131007,Overweight,2021-09-28
CND-3578,efdd76ce-b4b0-4184-8cc7-1dc8c5a1bcc8,59621000,Essential hypertension,2013-07-04
CND-3579,efdd76ce-b4b0-4184-8cc7-1dc8c5a1bcc8,13645005,Chronic obstructive pulmonary disease,2015-12-29
CND-3580,1a1df8a2-24ae-47ea-aa30-70ff448ff1ab,195967001,Asthma,2018-06-07
CND-3581,d828cd96-1ab5-4bf1-a818-fe79aa499288,59621000,Essential hypertension,2016-07-25
CND-3582,207816f0-b4ff-4cba-b1d1-67c0be34ec9f,59621000,Essential hypertension,2022-04-08
CND-3583,207816f0-b4ff-4cba-b1d1-67c0be34ec9f,238131007,Overweight,2015-06-01
CND-3584,e888ef84-20dd-4fda-ac3a-bdf5190c6787,59621000,Essential hypertension,2016-06-20
CND-3585,1957df55-f3c4-41b8-9271-c2461405390f,44054006,Type 2 diabetes mellitus,2020-06-30
CND-3586,1957df55-f3c4-41b8-9271-c2461405390f,238131007,Overweight,2020-05-26
CND-3587,c775d295-581f-4816-b674-fd6dc766e6d1,238131007,Overweight,2009-04-16
CND-3588,0d5fb8ff-0006-4adb-a40e-5bc984470e62,59621000,Essential hypertension,2010-12-09
CND-3589,0d5fb8ff-0006-4adb-a40e-5bc984470e62,44054006,Type 2 diabetes mellitus,2021-05-23
CND-3590,0d5fb8ff-0006-4adb-a40e-5bc984470e62,195967001,Asthma,2018-07-22
CND-3591,0d5fb8ff-0006-4adb-a40e-5bc984470e62,238131007,Overweight,2021-03-10
CND-3592,fbaa2bc1-fef6-45de-bda1-3985876b6f81,709044004,Chronic kidney disease stage 2/3,2022-12-09
CND-3593,49e6b19b-ddc0-48e3-94be-dc888733a996,15777000,Prediabetes,2021-09-02
CND-3594,ee86a989-3286-4fb5-9c2b-3ac6784ffd46,15777000,Prediabetes,2022-11-03
CND-3595,c48ceac7-9270-4375-ad85-8ea7af4da7f9,59621000,Essential hypertension,2015-06-26
CND-3596,c48ceac7-9270-4375-ad85-8ea7af4da7f9,44054006,Type 2 diabetes mellitus,2015-06-21
CND-3597,c48ceac7-9270-4375-ad85-8ea7af4da7f9,195967001,Asthma,2014-09-15
CND-3598,c48ceac7-9270-4375-ad85-8ea7af4da7f9,238131007,Overweight,2011-07-04
CND-3599,b7063e30-8e17-4ac0-8135-90f9cec508ae,709044004,Chronic kidney disease stage 2/3,2014-03-25
CND-3600,90c69161-3487-4291-abf6-ef46ef15c8c5,59621000,Essential hypertension,2011-06-05
CND-3601,60bd2366-78f4-4e43-a718-5b0cad3836da,709044004,Chronic kidney disease stage 2/3,2022-11-02
CND-3602,77c22b52-e420-43f4-ba96-f288dc73835f,59621000,Essential hypertension,2018-08-17
CND-3603,77c22b52-e420-43f4-ba96-f288dc73835f,238131007,Overweight,2013-05-21
CND-3604,fea22ada-2052-4c78-85db-fcfa9a3e93fc,238131007,Overweight,2022-09-12
CND-3605,87dbee87-061c-4210-9b6e-fe1b6a697711,59621000,Essential hypertension,2012-04-07
CND-3606,c5152505-b340-4428-b65f-d17324bfdb53,59621000,Essential hypertension,2012-09-26
CND-3607,c5152505-b340-4428-b65f-d17324bfdb53,238131007,Overweight,2009-06-25
CND-3608,ecf0b83b-8c90-4f98-a61c-13f04f76fee1,44054006,Type 2 diabetes mellitus,2016-04-06
CND-3609,ecf0b83b-8c90-4f98-a61c-13f04f76fee1,195967001,Asthma,2009-12-28
CND-3610,a8f666bf-8cb0-4e56-af4c-3c9f77135722,195967001,Asthma,2017-09-18
CND-3611,6a904425-9486-4347-9a46-fe3fdd753c2c,59621000,Essential hypertension,2020-08-25
CND-3612,6a904425-9486-4347-9a46-fe3fdd753c2c,195967001,Asthma,2014-04-25
CND-3613,6a904425-9486-4347-9a46-fe3fdd753c2c,238131007,Overweight,2018-11-13
CND-3614,3c4bfcb9-79c7-4f10-978a-485a0c31cbfd,195967001,Asthma,2022-05-20
CND-3615,236ee12c-5577-4498-a4ba-c53bbabc357c,44054006,Type 2 diabetes mellitus,2012-12-31
CND-3616,236ee12c-5577-4498-a4ba-c53bbabc357c,238131007,Overweight,2016-06-27
CND-3617,236ee12c-5577-4498-a4ba-c53bbabc357c,15777000,Prediabetes,2009-04-01
CND-3618,229bced5-e15b-4510-a15f-938d928a831a,238131007,Overweight,2018-03-10
CND-3619,149172ab-ca1a-4b2f-b9ca-38be07e03ab2,59621000,Essential hypertension,2016-09-21
CND-3620,149172ab-ca1a-4b2f-b9ca-38be07e03ab2,44054006,Type 2 diabetes mellitus,2009-06-19
CND-3621,7058b0b9-f3b3-4cdd-a1e8-bc9a6abde4b1,59621000,Essential hypertension,2016-05-23
CND-3622,361eb835-b2b6-48e4-8238-3e616ce16b8c,59621000,Essential hypertension,2015-10-19
CND-3623,361eb835-b2b6-48e4-8238-3e616ce16b8c,709044004,Chronic kidney disease stage 2/3,2022-12-23
CND-3624,9a1c4df2-c4c3-47aa-a237-304790671042,59621000,Essential hypertension,2013-04-20
CND-3625,0d3632b5-dae3-4335-93a5-b571532b9fcb,59621000,Essential hypertension,2014-11-29
CND-3626,0d3632b5-dae3-4335-93a5-b571532b9fcb,238131007,Overweight,2016-06-06
CND-3627,13a1c004-da40-4ad1-84b2-d13911e9f4d7,59621000,Essential hypertension,2022-06-21
CND-3628,13a1c004-da40-4ad1-84b2-d13911e9f4d7,44054006,Type 2 diabetes mellitus,2022-11-17
CND-3629,318fa1ea-8179-4932-9d2b-7af317131178,195967001,Asthma,2022-07-19
CND-3630,318fa1ea-8179-4932-9d2b-7af317131178,238131007,Overweight,2012-05-01
CND-3631,78b37541-09c5-4fb1-85c8-2bc174fd5e03,59621000,Essential hypertension,2018-07-09
CND-3632,78b37541-09c5-4fb1-85c8-2bc174fd5e03,238131007,Overweight,2009-06-14
CND-3633,66de20a6-ef04-4ccf-b362-b414facb33db,59621000,Essential hypertension,2010-10-17
CND-3634,66de20a6-ef04-4ccf-b362-b414facb33db,238131007,Overweight,2010-07-09
CND-3635,8f04bca0-d303-4329-9260-0f44db1b6afa,59621000,Essential hypertension,2017-08-06
CND-3636,8f04bca0-d303-4329-9260-0f44db1b6afa,44054006,Type 2 diabetes mellitus,2022-08-28
CND-3637,8f04bca0-d303-4329-9260-0f44db1b6afa,238131007,Overweight,2009-11-09
CND-3638,8f04bca0-d303-4329-9260-0f44db1b6afa,15777000,Prediabetes,2020-08-31
CND-3639,bd5d4ede-8feb-41a1-9619-d72abbc6fc51,59621000,Essential hypertension,2020-03-19
CND-3640,bd5d4ede-8feb-41a1-9619-d72abbc6fc51,44054006,Type 2 diabetes mellitus,2021-06-01
CND-3641,bd5d4ede-8feb-41a1-9619-d72abbc6fc51,709044004,Chronic kidney disease stage 2/3,2011-06-04
CND-3642,bd5d4ede-8feb-41a1-9619-d72abbc6fc51,238131007,Overweight,2020-08-07
CND-3643,03b4a3f8-9b94-4a6e-ae48-6314f321e50b,59621000,Essential hypertension,2021-07-08
CND-3644,86de3996-3381-4752-8900-6939e41e1b42,59621000,Essential hypertension,2019-09-17
CND-3645,86de3996-3381-4752-8900-6939e41e1b42,195967001,Asthma,2016-09-06
CND-3646,86de3996-3381-4752-8900-6939e41e1b42,238131007,Overweight,2021-09-06
CND-3647,86de3996-3381-4752-8900-6939e41e1b42,15777000,Prediabetes,2021-07-29
CND-3648,0c5ec99e-860b-4d29-a096-2d3e3a06199c,13645005,Chronic obstructive pulmonary disease,2011-04-28
CND-3649,0c5ec99e-860b-4d29-a096-2d3e3a06199c,238131007,Overweight,2011-07-04
CND-3650,31096579-c2bb-47e8-8232-3dd29fcae3a3,59621000,Essential hypertension,2022-04-22
CND-3651,31096579-c2bb-47e8-8232-3dd29fcae3a3,44054006,Type 2 diabetes mellitus,2009-09-22
CND-3652,31096579-c2bb-47e8-8232-3dd29fcae3a3,195967001,Asthma,2021-07-01
CND-3653,31096579-c2bb-47e8-8232-3dd29fcae3a3,709044004,Chronic kidney disease stage 2/3,2012-05-22
CND-3654,31096579-c2bb-47e8-8232-3dd29fcae3a3,238131007,Overweight,2013-04-17
CND-3655,31096579-c2bb-47e8-8232-3dd29fcae3a3,15777000,Prediabetes,2011-04-19
CND-3656,6fa85207-4464-4933-b6cd-8c89cb4e7fb0,59621000,Essential hypertension,2011-11-21
CND-3657,6fa85207-4464-4933-b6cd-8c89cb4e7fb0,44054006,Type 2 diabetes mellitus,2021-06-15
CND-3658,6fa85207-4464-4933-b6cd-8c89cb4e7fb0,709044004,Chronic kidney disease stage 2/3,2011-07-03
CND-3659,1025de7b-f209-4d1c-b5a4-e910e8c425f2,15777000,Prediabetes,2011-04-10
CND-3660,1fa8e7bd-b77b-435f-af9f-d82dbeb17327,44054006,Type 2 diabetes mellitus,2022-05-01
CND-3661,462d8a0b-3890-437b-befe-0d4ce6f44fd0,195967001,Asthma,2014-11-17
CND-3662,d7a73ec5-1f06-4fe0-b617-a6d24e47e00d,44054006,Type 2 diabetes mellitus,2022-11-18
CND-3663,d7a73ec5-1f06-4fe0-b617-a6d24e47e00d,195967001,Asthma,2021-10-24
CND-3664,d7a73ec5-1f06-4fe0-b617-a6d24e47e00d,238131007,Overweight,2017-04-22
CND-3665,d2148e44-aeed-4803-a9ca-749529266dd7,195967001,Asthma,2022-11-08
CND-3666,d53ec08d-78fa-48d4-a7cc-ed34b97573dc,59621000,Essential hypertension,2013-04-27
CND-3667,a578e83f-0133-4e3e-86e7-41abe90f9162,238131007,Overweight,2015-08-02
CND-3668,dbc57e6d-a3c9-46e6-9e19-20add75ead85,59621000,Essential hypertension,2022-03-23
CND-3669,dbc57e6d-a3c9-46e6-9e19-20add75ead85,709044004,Chronic kidney disease stage 2/3,2022-07-27
CND-3670,7bad729d-4485-4803-a45b-a6d15ae9e362,709044004,Chronic kidney disease stage 2/3,2017-12-23
CND-3671,7bad729d-4485-4803-a45b-a6d15ae9e362,13645005,Chronic obstructive pulmonary disease,2012-08-26
CND-3672,a7b50a01-919e-438a-b6f5-204b373555b4,195967001,Asthma,2013-10-31
CND-3673,a7b50a01-919e-438a-b6f5-204b373555b4,238131007,Overweight,2022-08-02
CND-3674,cb291587-439e-4219-9f5f-247d4b50e4f0,59621000,Essential hypertension,2015-12-23
CND-3675,cb291587-439e-4219-9f5f-247d4b50e4f0,238131007,Overweight,2020-11-28
CND-3676,b0e62fd9-05cc-4ffd-b40a-430c00145a8e,44054006,Type 2 diabetes mellitus,2019-08-27
CND-3677,b0e62fd9-05cc-4ffd-b40a-430c00145a8e,15777000,Prediabetes,2012-03-13
CND-3678,0fab4a90-9cd5-4abc-bb0e-f33f8dee35de,44054006,Type 2 diabetes mellitus,2013-09-17
CND-3679,0fab4a90-9cd5-4abc-bb0e-f33f8dee35de,13645005,Chronic obstructive pulmonary disease,2010-12-25
CND-3680,0fab4a90-9cd5-4abc-bb0e-f33f8dee35de,238131007,Overweight,2011-10-04
CND-3681,09bdd01b-88a6-4c62-bf96-1cea189540ed,59621000,Essential hypertension,2020-03-13
CND-3682,a8b0e111-fa4c-4400-a5b8-434c12cc363b,195967001,Asthma,2022-03-17
CND-3683,48d77287-e6a6-4e77-a999-61502b2d9589,195967001,Asthma,2012-10-27
CND-3684,bbb182ca-f762-4b7b-ab95-dd1c4ab59932,59621000,Essential hypertension,2009-12-22
CND-3685,bbb182ca-f762-4b7b-ab95-dd1c4ab59932,709044004,Chronic kidney disease stage 2/3,2016-11-24
CND-3686,bbb182ca-f762-4b7b-ab95-dd1c4ab59932,238131007,Overweight,2013-07-01
CND-3687,ad01e7ee-4d59-4bac-b4ff-4c2f00bf21ef,59621000,Essential hypertension,2022-05-20
CND-3688,ad01e7ee-4d59-4bac-b4ff-4c2f00bf21ef,13645005,Chronic obstructive pulmonary disease,2009-05-28
CND-3689,c74ff0ad-d53e-464d-906a-efe8c1990960,59621000,Essential hypertension,2017-12-02
CND-3690,b77369f8-fc05-4d1d-a485-899725ebdb82,238131007,Overweight,2017-10-12
CND-3691,aaeeeb52-51ee-4989-a1f4-9b4859afa0d7,44054006,Type 2 diabetes mellitus,2011-06-16
CND-3692,7db0d80d-1170-416f-9a28-9f996f35a873,59621000,Essential hypertension,2015-11-15
CND-3693,78c3ee8e-4603-42c1-94b2-f03bbfc3c1b0,59621000,Essential hypertension,2020-08-12
CND-3694,78c3ee8e-4603-42c1-94b2-f03bbfc3c1b0,238131007,Overweight,2020-05-23
CND-3695,d07e898a-aeb0-4e53-99d6-f9569cb3d133,59621000,Essential hypertension,2019-04-28
CND-3696,d07e898a-aeb0-4e53-99d6-f9569cb3d133,195967001,Asthma,2011-05-25
CND-3697,d07e898a-aeb0-4e53-99d6-f9569cb3d133,709044004,Chronic kidney disease stage 2/3,2017-05-06
CND-3698,d07e898a-aeb0-4e53-99d6-f9569cb3d133,238131007,Overweight,2015-03-13
CND-3699,ceecf898-c949-4601-93c6-07b39f4d6ab2,59621000,Essential hypertension,2021-04-30
CND-3700,d4536790-bf4e-4a1c-8ece-6991965b83f1,59621000,Essential hypertension,2016-12-16
CND-3701,d4536790-bf4e-4a1c-8ece-6991965b83f1,238131007,Overweight,2014-05-03
CND-3702,4f7cfafa-e33e-4ae9-9e03-2dd7d5adb665,59621000,Essential hypertension,2013-09-03
CND-3703,bea9526b-70b6-4e06-8a74-7983eea812c4,238131007,Overweight,2010-03-29
CND-3704,bea9526b-70b6-4e06-8a74-7983eea812c4,15777000,Prediabetes,2019-12-04
CND-3705,25508f63-2b8b-44c3-8df3-86e1268ddfc2,59621000,Essential hypertension,2018-04-16
CND-3706,25508f63-2b8b-44c3-8df3-86e1268ddfc2,238131007,Overweight,2015-08-25
CND-3707,30471ea3-1712-4b59-8c58-54f6b747c4c5,44054006,Type 2 diabetes mellitus,2013-06-28
CND-3708,80d46cf2-c90e-4187-9269-2f26dbdf39ce,44054006,Type 2 diabetes mellitus,2020-09-10
CND-3709,80d46cf2-c90e-4187-9269-2f26dbdf39ce,195967001,Asthma,2014-03-16
CND-3710,80d46cf2-c90e-4187-9269-2f26dbdf39ce,709044004,Chronic kidney disease stage 2/3,2020-04-01
CND-3711,e61fe7a3-bae6-4f1e-a2fd-efc2599d151b,44054006,Type 2 diabetes mellitus,2020-03-27
CND-3712,e61fe7a3-bae6-4f1e-a2fd-efc2599d151b,195967001,Asthma,2014-06-03
CND-3713,ecff6f5e-e102-46cf-a725-3ab96d92497d,44054006,Type 2 diabetes mellitus,2022-04-12
CND-3714,2f9bcd85-e4e7-4474-8232-b446092ec0ae,59621000,Essential hypertension,2022-08-09
CND-3715,2f9bcd85-e4e7-4474-8232-b446092ec0ae,195967001,Asthma,2019-04-18
CND-3716,2f9bcd85-e4e7-4474-8232-b446092ec0ae,238131007,Overweight,2018-07-04
CND-3717,2f9bcd85-e4e7-4474-8232-b446092ec0ae,15777000,Prediabetes,2010-09-11
CND-3718,7c45b14f-26a0-4a35-b6b0-4127cfec56ab,59621000,Essential hypertension,2021-10-15
CND-3719,caa2dfb4-b940-4724-b0fa-1d1dc2850139,59621000,Essential hypertension,2022-09-22
CND-3720,b078c986-a5c8-4ca1-b5ea-37f9d95e3558,59621000,Essential hypertension,2021-10-13
CND-3721,b078c986-a5c8-4ca1-b5ea-37f9d95e3558,13645005,Chronic obstructive pulmonary disease,2012-07-09
CND-3722,b078c986-a5c8-4ca1-b5ea-37f9d95e3558,238131007,Overweight,2022-04-12
CND-3723,a2fd42ec-72fa-4678-ada3-501338eee16a,59621000,Essential hypertension,2017-08-20
CND-3724,a2fd42ec-72fa-4678-ada3-501338eee16a,44054006,Type 2 diabetes mellitus,2009-10-30
CND-3725,a2fd42ec-72fa-4678-ada3-501338eee16a,709044004,Chronic kidney disease stage 2/3,2011-06-02
CND-3726,778e501b-4f08-4fc8-b7f0-a3cd5c672d05,238131007,Overweight,2012-05-17
CND-3727,c0450900-5899-498b-8959-3ec6e3a896a0,59621000,Essential hypertension,2015-08-05
CND-3728,0cd48527-4f79-4878-9760-8bf0911dc6c7,59621000,Essential hypertension,2013-12-10
CND-3729,0cd48527-4f79-4878-9760-8bf0911dc6c7,44054006,Type 2 diabetes mellitus,2021-07-13
CND-3730,0cd48527-4f79-4878-9760-8bf0911dc6c7,238131007,Overweight,2009-05-09
CND-3731,e0e97c07-b0e8-4a4c-9cf1-d289eba44e08,44054006,Type 2 diabetes mellitus,2010-04-03
CND-3732,e0e97c07-b0e8-4a4c-9cf1-d289eba44e08,195967001,Asthma,2012-08-12
CND-3733,3129f2c9-f8ae-424f-a08e-63827daa24f6,13645005,Chronic obstructive pulmonary disease,2019-05-15
CND-3734,356f0527-1847-47af-961e-9f8483951b9e,195967001,Asthma,2015-06-29
CND-3735,356f0527-1847-47af-961e-9f8483951b9e,238131007,Overweight,2011-10-11
CND-3736,3ef3b234-6718-43aa-ae63-4e7ebc76a1be,44054006,Type 2 diabetes mellitus,2013-08-02
CND-3737,3ef3b234-6718-43aa-ae63-4e7ebc76a1be,709044004,Chronic kidney disease stage 2/3,2014-04-13
CND-3738,3ef3b234-6718-43aa-ae63-4e7ebc76a1be,238131007,Overweight,2014-04-20
CND-3739,d5f3aa80-41a8-4a7c-8733-1fea348b39b6,59621000,Essential hypertension,2020-07-29
CND-3740,d5f3aa80-41a8-4a7c-8733-1fea348b39b6,13645005,Chronic obstructive pulmonary disease,2019-05-30
CND-3741,b5c12a36-0ed8-420c-874e-db2097905169,59621000,Essential hypertension,2010-10-23
CND-3742,49d16ebf-cc2b-4bff-b7e5-d61d636165c3,195967001,Asthma,2022-09-08
CND-3743,f2072642-bafb-48eb-ad8e-4504049644fa,59621000,Essential hypertension,2014-09-03
CND-3744,f2072642-bafb-48eb-ad8e-4504049644fa,238131007,Overweight,2014-06-14
CND-3745,a324ae62-395c-4655-ada8-89d76e42764e,59621000,Essential hypertension,2021-05-13
CND-3746,a324ae62-395c-4655-ada8-89d76e42764e,44054006,Type 2 diabetes mellitus,2011-04-18
CND-3747,a324ae62-395c-4655-ada8-89d76e42764e,238131007,Overweight,2013-06-16
CND-3748,a324ae62-395c-4655-ada8-89d76e42764e,15777000,Prediabetes,2019-09-03
CND-3749,2465aa38-1ca1-4ff5-8eec-56ad25d55197,59621000,Essential hypertension,2009-07-22
CND-3750,2465aa38-1ca1-4ff5-8eec-56ad25d55197,195967001,Asthma,2020-06-28
CND-3751,2465aa38-1ca1-4ff5-8eec-56ad25d55197,238131007,Overweight,2019-11-22
CND-3752,2465aa38-1ca1-4ff5-8eec-56ad25d55197,15777000,Prediabetes,2016-08-16
CND-3753,81eb99fb-23ff-4fd7-8b01-9fc7a9d691e4,59621000,Essential hypertension,2018-05-12
CND-3754,848f35b1-8973-45a7-b308-f4b669a0ecfb,195967001,Asthma,2022-11-13
CND-3755,298c8280-5f2e-420e-ae50-65647c960623,59621000,Essential hypertension,2014-08-20
CND-3756,fc044330-762c-4c8e-9e06-16b4874ee178,59621000,Essential hypertension,2019-05-01
CND-3757,fc044330-762c-4c8e-9e06-16b4874ee178,44054006,Type 2 diabetes mellitus,2020-06-21
CND-3758,fc044330-762c-4c8e-9e06-16b4874ee178,195967001,Asthma,2016-05-02
CND-3759,5eabba9c-d903-4d6f-85f1-6fd43c452546,59621000,Essential hypertension,2019-10-07
CND-3760,5eabba9c-d903-4d6f-85f1-6fd43c452546,195967001,Asthma,2016-12-29
CND-3761,d42d169d-f410-4cc2-ac65-680472829bde,59621000,Essential hypertension,2013-07-10
CND-3762,d42d169d-f410-4cc2-ac65-680472829bde,195967001,Asthma,2022-03-18
CND-3763,d42d169d-f410-4cc2-ac65-680472829bde,238131007,Overweight,2019-09-25
CND-3764,572358e2-cdb3-47a9-9daf-45e5540df2ba,238131007,Overweight,2022-04-23
CND-3765,c63f5c88-7576-47fd-9b31-1e83a0bcfd55,59621000,Essential hypertension,2011-11-02
CND-3766,c63f5c88-7576-47fd-9b31-1e83a0bcfd55,709044004,Chronic kidney disease stage 2/3,2013-10-19
CND-3767,4bd80e45-1a9f-4ec6-b3f8-eb847dd51595,238131007,Overweight,2011-09-27
CND-3768,6505ff45-b409-463c-9d73-8083ec6cb9f0,44054006,Type 2 diabetes mellitus,2010-06-30
CND-3769,6505ff45-b409-463c-9d73-8083ec6cb9f0,238131007,Overweight,2013-12-10
CND-3770,bdcbba75-504f-4c1d-930b-e23aa5e4857d,59621000,Essential hypertension,2022-06-03
CND-3771,bdcbba75-504f-4c1d-930b-e23aa5e4857d,238131007,Overweight,2022-09-23
CND-3772,fba772f6-3ed8-4d2e-8cc2-ec318a3aa266,59621000,Essential hypertension,2010-11-03
CND-3773,d3135265-6681-454e-9314-27a5d2aca0af,59621000,Essential hypertension,2011-07-30
CND-3774,d3135265-6681-454e-9314-27a5d2aca0af,44054006,Type 2 diabetes mellitus,2013-09-18
CND-3775,d3135265-6681-454e-9314-27a5d2aca0af,195967001,Asthma,2012-04-14
CND-3776,d3135265-6681-454e-9314-27a5d2aca0af,238131007,Overweight,2017-12-23
CND-3777,97337a6d-13c0-4508-ab6c-b43c3a311ec6,13645005,Chronic obstructive pulmonary disease,2022-06-10
CND-3778,97337a6d-13c0-4508-ab6c-b43c3a311ec6,15777000,Prediabetes,2022-07-09
CND-3779,0fdde81c-1750-44f0-9577-6359feeadaa3,44054006,Type 2 diabetes mellitus,2016-09-16
CND-3780,32d75c85-2a54-4472-897b-9dab7a0394e2,15777000,Prediabetes,2021-11-05
CND-3781,468b33da-c35d-4e6b-8095-440822cf8d82,238131007,Overweight,2009-10-27
CND-3782,9314a295-a6f1-4385-94f5-3cf2ce55a73f,59621000,Essential hypertension,2019-09-17
CND-3783,2e6d52ff-0f02-44a0-bcb4-2a68a9207c1c,59621000,Essential hypertension,2010-08-13
CND-3784,a0b7ee8e-b82a-4abd-9c0d-2cce93e09bbc,238131007,Overweight,2014-05-18
CND-3785,a0b7ee8e-b82a-4abd-9c0d-2cce93e09bbc,15777000,Prediabetes,2016-11-23
CND-3786,8a9caf38-c3d2-4fdb-8713-900f82941522,59621000,Essential hypertension,2011-04-02
CND-3787,8a9caf38-c3d2-4fdb-8713-900f82941522,13645005,Chronic obstructive pulmonary disease,2009-09-04
CND-3788,fb50f54e-211e-40ee-a90d-4b88157f9f64,59621000,Essential hypertension,2013-10-29
CND-3789,dccc9507-67c5-4c37-9d0e-dace6d6e2165,59621000,Essential hypertension,2016-11-18
CND-3790,dccc9507-67c5-4c37-9d0e-dace6d6e2165,44054006,Type 2 diabetes mellitus,2020-04-24
CND-3791,dccc9507-67c5-4c37-9d0e-dace6d6e2165,13645005,Chronic obstructive pulmonary disease,2018-05-25
CND-3792,dccc9507-67c5-4c37-9d0e-dace6d6e2165,238131007,Overweight,2015-05-03
CND-3793,618a749a-9b2d-4262-9247-772c94b2b26c,59621000,Essential hypertension,2020-08-31
CND-3794,618a749a-9b2d-4262-9247-772c94b2b26c,238131007,Overweight,2022-09-10
CND-3795,d41a00be-2b2e-41c6-bb82-12a20518744e,59621000,Essential hypertension,2020-10-07
CND-3796,9362717d-5013-45c6-97ed-b7041a2b2d5c,59621000,Essential hypertension,2010-03-16
CND-3797,9362717d-5013-45c6-97ed-b7041a2b2d5c,238131007,Overweight,2022-07-28
CND-3798,ee2b3aa1-73cb-43bd-acbe-6878e8b741e4,59621000,Essential hypertension,2013-09-28
CND-3799,ee2b3aa1-73cb-43bd-acbe-6878e8b741e4,44054006,Type 2 diabetes mellitus,2011-05-07
CND-3800,7d02789a-3b6e-462f-881d-543eda9ea37c,709044004,Chronic kidney disease stage 2/3,2010-04-08
CND-3801,1940c30a-baa4-4e95-adc5-800858e7d2ad,59621000,Essential hypertension,2010-05-18
CND-3802,1940c30a-baa4-4e95-adc5-800858e7d2ad,195967001,Asthma,2009-11-08
CND-3803,ce2475f7-9cfa-4deb-848b-de7c6976d0e3,59621000,Essential hypertension,2011-05-19
CND-3804,ce2475f7-9cfa-4deb-848b-de7c6976d0e3,238131007,Overweight,2015-04-09
CND-3805,74120fdf-de10-4dc7-bc7b-0e84de9060f5,238131007,Overweight,2018-11-11
CND-3806,fd231c10-f386-4c2c-b8ae-c341d074ba1c,59621000,Essential hypertension,2020-07-29
CND-3807,fd231c10-f386-4c2c-b8ae-c341d074ba1c,44054006,Type 2 diabetes mellitus,2011-08-13
CND-3808,8fd7c0a9-da0a-4833-875a-291b3f61c66d,195967001,Asthma,2018-05-23
CND-3809,5dc26e38-2948-4bb5-9880-33fc0c1d40c7,709044004,Chronic kidney disease stage 2/3,2012-08-20
CND-3810,5dc26e38-2948-4bb5-9880-33fc0c1d40c7,238131007,Overweight,2014-07-27
CND-3811,b83742df-02a0-4239-88b4-7b0b74259e47,195967001,Asthma,2017-12-07
CND-3812,b83742df-02a0-4239-88b4-7b0b74259e47,238131007,Overweight,2018-07-23
CND-3813,88800c55-3475-46ec-97a4-6ac79a7ef803,44054006,Type 2 diabetes mellitus,2014-06-10
CND-3814,0ba5b942-eeaf-43a0-85b6-04efa4d0dc2c,195967001,Asthma,2019-07-17
CND-3815,bdfe0cb1-38ad-4506-99c2-ae16e32ab158,44054006,Type 2 diabetes mellitus,2009-09-06
CND-3816,7f36e4b1-6e51-4024-a5b7-eafbaeb9a4f7,59621000,Essential hypertension,2022-05-01
CND-3817,7f36e4b1-6e51-4024-a5b7-eafbaeb9a4f7,238131007,Overweight,2013-01-02
CND-3818,deca103f-c55e-4d76-a7f9-a4ea45f6dd2d,59621000,Essential hypertension,2012-09-21
CND-3819,deca103f-c55e-4d76-a7f9-a4ea45f6dd2d,44054006,Type 2 diabetes mellitus,2016-03-22
CND-3820,deca103f-c55e-4d76-a7f9-a4ea45f6dd2d,238131007,Overweight,2021-04-24
CND-3821,deca103f-c55e-4d76-a7f9-a4ea45f6dd2d,15777000,Prediabetes,2021-04-12
CND-3822,c5f434f6-3e83-4948-aab3-1f0470490d6a,59621000,Essential hypertension,2019-06-10
CND-3823,c5f434f6-3e83-4948-aab3-1f0470490d6a,44054006,Type 2 diabetes mellitus,2018-09-17
CND-3824,c5f434f6-3e83-4948-aab3-1f0470490d6a,195967001,Asthma,2019-11-29
CND-3825,c5f434f6-3e83-4948-aab3-1f0470490d6a,709044004,Chronic kidney disease stage 2/3,2021-12-02
CND-3826,c5f434f6-3e83-4948-aab3-1f0470490d6a,15777000,Prediabetes,2013-12-05
CND-3827,2123b54d-4cf5-49df-a991-ff80d846a8a4,15777000,Prediabetes,2020-05-13
CND-3828,1e23ea0c-e1cc-4b8a-b5fa-3f6280ed687f,59621000,Essential hypertension,2014-03-17
CND-3829,1e23ea0c-e1cc-4b8a-b5fa-3f6280ed687f,709044004,Chronic kidney disease stage 2/3,2015-04-15
CND-3830,1e23ea0c-e1cc-4b8a-b5fa-3f6280ed687f,13645005,Chronic obstructive pulmonary disease,2014-07-09
CND-3831,851fdb72-6ee4-4f18-aaca-f998607beb99,15777000,Prediabetes,2013-09-14
CND-3832,5ac4aade-77cd-421c-ad4b-b514229e23f4,195967001,Asthma,2022-05-02
CND-3833,ff8d1fe5-fe6b-4de4-9dcc-9a488a2497b8,59621000,Essential hypertension,2014-12-26
CND-3834,ff8d1fe5-fe6b-4de4-9dcc-9a488a2497b8,44054006,Type 2 diabetes mellitus,2018-10-14
CND-3835,ff8d1fe5-fe6b-4de4-9dcc-9a488a2497b8,709044004,Chronic kidney disease stage 2/3,2018-09-20
CND-3836,ff8d1fe5-fe6b-4de4-9dcc-9a488a2497b8,13645005,Chronic obstructive pulmonary disease,2009-06-24
CND-3837,902a67c1-9eb3-462a-9721-dcc11349c7a9,59621000,Essential hypertension,2019-06-29
CND-3838,902a67c1-9eb3-462a-9721-dcc11349c7a9,195967001,Asthma,2019-08-11
CND-3839,10bde2b0-0a88-4372-8ae7-35de5321cb14,59621000,Essential hypertension,2019-05-10
CND-3840,9685a94b-12b5-466c-96f2-1181d012cab5,44054006,Type 2 diabetes mellitus,2014-09-27
CND-3841,9685a94b-12b5-466c-96f2-1181d012cab5,238131007,Overweight,2022-05-07
CND-3842,e639620b-6ef1-4a30-a303-1627f86a6e8e,59621000,Essential hypertension,2013-07-18
CND-3843,e639620b-6ef1-4a30-a303-1627f86a6e8e,44054006,Type 2 diabetes mellitus,2020-11-27
CND-3844,e639620b-6ef1-4a30-a303-1627f86a6e8e,13645005,Chronic obstructive pulmonary disease,2010-05-28
CND-3845,cc399d44-2588-4d9d-bd43-fa98089c59d9,59621000,Essential hypertension,2018-09-19
CND-3846,cc399d44-2588-4d9d-bd43-fa98089c59d9,238131007,Overweight,2022-03-24
CND-3847,3b225259-5c59-453d-80fe-5647271d06e0,59621000,Essential hypertension,2013-08-13
CND-3848,3b225259-5c59-453d-80fe-5647271d06e0,195967001,Asthma,2018-08-06
CND-3849,3b225259-5c59-453d-80fe-5647271d06e0,709044004,Chronic kidney disease stage 2/3,2010-04-13
CND-3850,e808dba2-08ee-4b09-a2f4-1627bc418db0,59621000,Essential hypertension,2012-03-31
CND-3851,e808dba2-08ee-4b09-a2f4-1627bc418db0,44054006,Type 2 diabetes mellitus,2014-11-06
CND-3852,d49cea85-68d7-4304-bd7c-3c9c915446ea,709044004,Chronic kidney disease stage 2/3,2015-06-29
CND-3853,458e1e3f-3c30-42a2-bf15-d9388afd8244,44054006,Type 2 diabetes mellitus,2014-06-14
CND-3854,458e1e3f-3c30-42a2-bf15-d9388afd8244,195967001,Asthma,2018-05-01
CND-3855,71de07b6-6f99-41c1-be00-9ffe8284cde2,195967001,Asthma,2022-04-28
CND-3856,71de07b6-6f99-41c1-be00-9ffe8284cde2,13645005,Chronic obstructive pulmonary disease,2022-05-05
CND-3857,c883945a-8c60-43d8-931e-d6074242c694,709044004,Chronic kidney disease stage 2/3,2022-06-17
CND-3858,c883945a-8c60-43d8-931e-d6074242c694,15777000,Prediabetes,2021-10-12
CND-3859,815201ba-5261-4c87-8a4f-6480c09e0839,59621000,Essential hypertension,2020-06-25
CND-3860,815201ba-5261-4c87-8a4f-6480c09e0839,44054006,Type 2 diabetes mellitus,2015-08-01
CND-3861,2562d80f-5b9f-4ad7-941f-c146ca78be3f,59621000,Essential hypertension,2020-05-11
CND-3862,2562d80f-5b9f-4ad7-941f-c146ca78be3f,195967001,Asthma,2017-07-02
CND-3863,2562d80f-5b9f-4ad7-941f-c146ca78be3f,238131007,Overweight,2017-08-18
CND-3864,dd063ae7-6853-45e5-9b8e-384bd9b0a283,238131007,Overweight,2009-10-07
CND-3865,dd063ae7-6853-45e5-9b8e-384bd9b0a283,15777000,Prediabetes,2021-08-02
CND-3866,551037a8-84db-470f-bc29-bd356bdffde7,59621000,Essential hypertension,2012-08-11
CND-3867,551037a8-84db-470f-bc29-bd356bdffde7,44054006,Type 2 diabetes mellitus,2016-03-23
CND-3868,551037a8-84db-470f-bc29-bd356bdffde7,238131007,Overweight,2013-09-19
CND-3869,5ba809ff-15dc-4274-8103-9dfc00cd7602,195967001,Asthma,2011-09-06
CND-3870,63667dc5-9bbb-4887-a12a-a62ecfa98b9b,59621000,Essential hypertension,2011-04-20
CND-3871,63667dc5-9bbb-4887-a12a-a62ecfa98b9b,44054006,Type 2 diabetes mellitus,2010-04-16
CND-3872,63667dc5-9bbb-4887-a12a-a62ecfa98b9b,195967001,Asthma,2020-08-25
CND-3873,63667dc5-9bbb-4887-a12a-a62ecfa98b9b,15777000,Prediabetes,2015-06-11
CND-3874,a67180c1-dde2-452c-9487-f9b0df903912,59621000,Essential hypertension,2020-08-31
CND-3875,a67180c1-dde2-452c-9487-f9b0df903912,238131007,Overweight,2018-08-24
CND-3876,66c9b52d-3673-4b2b-91d9-dc8116edcc48,59621000,Essential hypertension,2015-04-29
CND-3877,a1a15f8c-17ea-4c30-b930-877fe1916764,13645005,Chronic obstructive pulmonary disease,2016-12-16
CND-3878,18bf0b6b-cf0c-4cc4-a83b-aa6465cc51e7,709044004,Chronic kidney disease stage 2/3,2018-12-22
CND-3879,18bf0b6b-cf0c-4cc4-a83b-aa6465cc51e7,238131007,Overweight,2019-11-29
CND-3880,0ce39230-a13f-4ae5-8e0c-fe5997af7165,238131007,Overweight,2014-10-12
CND-3881,5f90e11d-1176-42ad-9716-03ebc641c8c6,709044004,Chronic kidney disease stage 2/3,2021-05-27
CND-3882,1c6e714c-77df-49f4-bdad-c6f4da4ba1af,59621000,Essential hypertension,2013-04-28
CND-3883,1c6e714c-77df-49f4-bdad-c6f4da4ba1af,195967001,Asthma,2011-06-01
CND-3884,1c6e714c-77df-49f4-bdad-c6f4da4ba1af,709044004,Chronic kidney disease stage 2/3,2019-06-20
CND-3885,1c6e714c-77df-49f4-bdad-c6f4da4ba1af,238131007,Overweight,2021-12-09
CND-3886,1c6e714c-77df-49f4-bdad-c6f4da4ba1af,15777000,Prediabetes,2020-05-02
CND-3887,d218b4fa-63ff-4f80-bf3f-6ebb6bc0460b,195967001,Asthma,2013-08-10
CND-3888,d218b4fa-63ff-4f80-bf3f-6ebb6bc0460b,709044004,Chronic kidney disease stage 2/3,2010-09-09
CND-3889,3bf6f694-1e36-4fa0-b0a8-8d46cfc86870,44054006,Type 2 diabetes mellitus,2015-06-03
CND-3890,a97b8275-451f-41e6-9a2d-44c5ee111b9d,195967001,Asthma,2016-10-29
CND-3891,67ae89d5-2e92-435e-a0ed-93e3392ec621,59621000,Essential hypertension,2015-09-22
CND-3892,67ae89d5-2e92-435e-a0ed-93e3392ec621,44054006,Type 2 diabetes mellitus,2011-06-20
CND-3893,67ae89d5-2e92-435e-a0ed-93e3392ec621,238131007,Overweight,2014-12-25
CND-3894,4c6007a0-f37f-4a28-9a34-d2104d8c4db5,59621000,Essential hypertension,2022-08-19
CND-3895,608eaf1d-3995-4095-beec-3e304b7ae6ca,238131007,Overweight,2017-12-02
CND-3896,06db2ca1-ae53-4766-85ee-5861e4fd787f,59621000,Essential hypertension,2012-09-10
CND-3897,06db2ca1-ae53-4766-85ee-5861e4fd787f,238131007,Overweight,2012-08-26
CND-3898,06db2ca1-ae53-4766-85ee-5861e4fd787f,15777000,Prediabetes,2016-11-20
CND-3899,5466e0d9-8d55-4706-a4e8-da4564779f37,195967001,Asthma,2021-05-07
CND-3900,5466e0d9-8d55-4706-a4e8-da4564779f37,15777000,Prediabetes,2021-04-01
CND-3901,2206db5f-16ec-4c4d-9959-e6b951e00997,44054006,Type 2 diabetes mellitus,2021-09-19
CND-3902,286380b0-ae28-4578-9b0f-173cd79fd9ed,44054006,Type 2 diabetes mellitus,2018-09-20
CND-3903,3ea0acd9-5c75-46f1-8b35-bf287e1dc846,195967001,Asthma,2020-05-12
CND-3904,acf06e85-3a9e-4253-ba58-8841b62b79b6,59621000,Essential hypertension,2018-10-31
CND-3905,a80d4423-1bd6-48c0-a92e-bb1c6e2acf5e,59621000,Essential hypertension,2018-08-03
CND-3906,a80d4423-1bd6-48c0-a92e-bb1c6e2acf5e,13645005,Chronic obstructive pulmonary disease,2020-10-18
CND-3907,cea3b51c-458a-48d0-88a4-91b9dc7b3548,44054006,Type 2 diabetes mellitus,2014-07-20
CND-3908,cea3b51c-458a-48d0-88a4-91b9dc7b3548,709044004,Chronic kidney disease stage 2/3,2022-08-20
CND-3909,cea3b51c-458a-48d0-88a4-91b9dc7b3548,238131007,Overweight,2015-07-20
CND-3910,cea3b51c-458a-48d0-88a4-91b9dc7b3548,15777000,Prediabetes,2022-05-04
CND-3911,2664c545-68fd-4daf-9ef8-daa307deef03,59621000,Essential hypertension,2020-06-12
CND-3912,2664c545-68fd-4daf-9ef8-daa307deef03,238131007,Overweight,2018-11-08
CND-3913,c0222422-7d78-4f4f-b1b7-9b7994e5cbea,44054006,Type 2 diabetes mellitus,2014-07-13
CND-3914,74ec0705-5945-483f-97bc-4f360ed6cebd,59621000,Essential hypertension,2012-04-22
CND-3915,16a34ea6-ba55-478c-9f78-378433e4b5b7,59621000,Essential hypertension,2014-08-27
CND-3916,16a34ea6-ba55-478c-9f78-378433e4b5b7,238131007,Overweight,2015-03-25
CND-3917,6230e0c4-3065-4801-8d11-c02c78f607c3,59621000,Essential hypertension,2009-08-08
CND-3918,6230e0c4-3065-4801-8d11-c02c78f607c3,44054006,Type 2 diabetes mellitus,2019-07-25
CND-3919,6230e0c4-3065-4801-8d11-c02c78f607c3,238131007,Overweight,2013-10-12
CND-3920,482c8e7e-4e72-4595-bd62-9534d8f0f116,59621000,Essential hypertension,2009-10-12
CND-3921,482c8e7e-4e72-4595-bd62-9534d8f0f116,195967001,Asthma,2017-10-19
CND-3922,482c8e7e-4e72-4595-bd62-9534d8f0f116,15777000,Prediabetes,2020-10-11
CND-3923,34d7b310-72c5-4fc9-b1eb-10373199792e,59621000,Essential hypertension,2013-12-22
CND-3924,34d7b310-72c5-4fc9-b1eb-10373199792e,195967001,Asthma,2013-06-20
CND-3925,34d7b310-72c5-4fc9-b1eb-10373199792e,13645005,Chronic obstructive pulmonary disease,2019-10-20
CND-3926,36b71d84-77e3-4d68-b85b-e79790763a88,59621000,Essential hypertension,2019-07-09
CND-3927,36b71d84-77e3-4d68-b85b-e79790763a88,44054006,Type 2 diabetes mellitus,2022-07-12
CND-3928,36b71d84-77e3-4d68-b85b-e79790763a88,15777000,Prediabetes,2020-05-10
CND-3929,43561a76-f9f8-469b-aa07-ba53998b9317,59621000,Essential hypertension,2015-03-11
CND-3930,ed065fa3-efba-4b59-86f3-8cc2b6bbc2f2,59621000,Essential hypertension,2009-03-31
CND-3931,ed065fa3-efba-4b59-86f3-8cc2b6bbc2f2,44054006,Type 2 diabetes mellitus,2020-11-11
CND-3932,98cd1ccf-63d0-4d87-9161-94fa90221258,59621000,Essential hypertension,2022-07-06
CND-3933,98cd1ccf-63d0-4d87-9161-94fa90221258,238131007,Overweight,2018-12-18
CND-3934,98cd1ccf-63d0-4d87-9161-94fa90221258,15777000,Prediabetes,2020-12-27
CND-3935,0f7e70ca-8470-498a-a1c7-509944272734,238131007,Overweight,2019-12-13
CND-3936,d7c87cd2-2d5f-4ae7-8ff1-ab87194ff7fa,59621000,Essential hypertension,2012-11-15
CND-3937,7917e978-934b-4e1c-b148-bce7edd7cdbe,59621000,Essential hypertension,2020-05-02
CND-3938,7917e978-934b-4e1c-b148-bce7edd7cdbe,44054006,Type 2 diabetes mellitus,2022-11-28
CND-3939,7917e978-934b-4e1c-b148-bce7edd7cdbe,195967001,Asthma,2021-04-07
CND-3940,7917e978-934b-4e1c-b148-bce7edd7cdbe,238131007,Overweight,2017-06-09
CND-3941,40311707-48eb-4132-8458-58739a86adb5,44054006,Type 2 diabetes mellitus,2015-04-21
CND-3942,40311707-48eb-4132-8458-58739a86adb5,195967001,Asthma,2019-09-29
CND-3943,ba738a2b-4a7d-4c76-bca2-51dfccc43297,15777000,Prediabetes,2020-01-01
CND-3944,fac7bf36-53a4-469d-a4ab-9cdab0d3eaf8,709044004,Chronic kidney disease stage 2/3,2022-08-06
CND-3945,fac7bf36-53a4-469d-a4ab-9cdab0d3eaf8,15777000,Prediabetes,2012-09-11
CND-3946,9655c922-a287-45a0-ba65-b252b695c6dd,59621000,Essential hypertension,2010-04-06
CND-3947,9655c922-a287-45a0-ba65-b252b695c6dd,44054006,Type 2 diabetes mellitus,2015-03-18
CND-3948,9655c922-a287-45a0-ba65-b252b695c6dd,238131007,Overweight,2013-12-19
CND-3949,1b5d5022-c6ad-4c7f-bb31-6eef2ca36b40,44054006,Type 2 diabetes mellitus,2018-07-27
CND-3950,1b5d5022-c6ad-4c7f-bb31-6eef2ca36b40,238131007,Overweight,2012-08-30
CND-3951,4a496af5-627a-46da-a697-8fdf43dd4637,44054006,Type 2 diabetes mellitus,2013-05-30
CND-3952,4a496af5-627a-46da-a697-8fdf43dd4637,195967001,Asthma,2016-03-26
CND-3953,4a496af5-627a-46da-a697-8fdf43dd4637,709044004,Chronic kidney disease stage 2/3,2014-08-17
CND-3954,dd80c126-e370-4727-b26d-9b747a2ccdf6,238131007,Overweight,2010-07-25
CND-3955,2c5692c2-28a1-48d4-8b04-f6a387fea95c,44054006,Type 2 diabetes mellitus,2019-11-01
CND-3956,590424ce-18ae-49ba-95f7-523febd6d472,59621000,Essential hypertension,2010-05-30
CND-3957,590424ce-18ae-49ba-95f7-523febd6d472,44054006,Type 2 diabetes mellitus,2011-11-15
CND-3958,590424ce-18ae-49ba-95f7-523febd6d472,238131007,Overweight,2009-04-04
CND-3959,7b4048cf-ed9f-4918-a302-cdff368e3145,59621000,Essential hypertension,2012-10-26
CND-3960,7b4048cf-ed9f-4918-a302-cdff368e3145,195967001,Asthma,2012-08-16
CND-3961,554f8c88-ee66-4ec7-a13d-56bdf6ef73be,59621000,Essential hypertension,2015-07-09
CND-3962,554f8c88-ee66-4ec7-a13d-56bdf6ef73be,13645005,Chronic obstructive pulmonary disease,2013-09-09
CND-3963,554f8c88-ee66-4ec7-a13d-56bdf6ef73be,238131007,Overweight,2014-09-20
CND-3964,58fc32d6-0f10-4c1e-8b01-d3f12189aa6f,59621000,Essential hypertension,2011-11-09
CND-3965,58fc32d6-0f10-4c1e-8b01-d3f12189aa6f,13645005,Chronic obstructive pulmonary disease,2015-06-19
CND-3966,b2f5ec83-2741-4588-b658-0ca8487e2140,238131007,Overweight,2020-05-31
CND-3967,de455f8f-5c2f-46c6-80c1-cdac2fa4e595,195967001,Asthma,2020-04-23
CND-3968,de455f8f-5c2f-46c6-80c1-cdac2fa4e595,13645005,Chronic obstructive pulmonary disease,2021-09-19
CND-3969,de455f8f-5c2f-46c6-80c1-cdac2fa4e595,238131007,Overweight,2011-12-16
CND-3970,de455f8f-5c2f-46c6-80c1-cdac2fa4e595,15777000,Prediabetes,2015-09-09
CND-3971,f2ff7815-a419-46e5-ad6e-576f44de974d,709044004,Chronic kidney disease stage 2/3,2017-05-17
CND-3972,f2ff7815-a419-46e5-ad6e-576f44de974d,15777000,Prediabetes,2017-05-02
CND-3973,b3b452ae-8c03-4d67-be93-0a94c6773bb8,59621000,Essential hypertension,2020-05-17
CND-3974,2fdd0aeb-5043-4577-812f-a7357f170fdd,238131007,Overweight,2018-07-17
CND-3975,2fdd0aeb-5043-4577-812f-a7357f170fdd,15777000,Prediabetes,2010-12-22
CND-3976,99083791-d3a4-4217-9a81-41ed1419c54b,709044004,Chronic kidney disease stage 2/3,2020-12-25
CND-3977,691b91c1-7c6f-4d88-a5c9-7dd4a9eba9b4,709044004,Chronic kidney disease stage 2/3,2021-11-14
CND-3978,890afe8c-83ad-4206-bbf5-c6f6a5203ce9,59621000,Essential hypertension,2012-05-21
CND-3979,890afe8c-83ad-4206-bbf5-c6f6a5203ce9,195967001,Asthma,2015-04-19
CND-3980,890afe8c-83ad-4206-bbf5-c6f6a5203ce9,238131007,Overweight,2016-08-15
CND-3981,890afe8c-83ad-4206-bbf5-c6f6a5203ce9,15777000,Prediabetes,2013-06-25
CND-3982,bded8c27-4111-461a-bcb5-c2a3ed36b18e,59621000,Essential hypertension,2010-04-23
CND-3983,bded8c27-4111-461a-bcb5-c2a3ed36b18e,238131007,Overweight,2017-07-02
CND-3984,bded8c27-4111-461a-bcb5-c2a3ed36b18e,15777000,Prediabetes,2020-12-03
CND-3985,fbc780fb-d108-4532-b191-ed94df7a31d2,15777000,Prediabetes,2019-12-29
CND-3986,8930f603-13b8-4548-97e4-6f00355bf96c,709044004,Chronic kidney disease stage 2/3,2022-03-29
CND-3987,8930f603-13b8-4548-97e4-6f00355bf96c,15777000,Prediabetes,2018-12-27
CND-3988,7411275a-542e-4ee9-a4ff-89540c9525dc,44054006,Type 2 diabetes mellitus,2013-08-03
CND-3989,7411275a-542e-4ee9-a4ff-89540c9525dc,709044004,Chronic kidney disease stage 2/3,2020-08-23
CND-3990,7411275a-542e-4ee9-a4ff-89540c9525dc,238131007,Overweight,2010-08-20
CND-3991,7411275a-542e-4ee9-a4ff-89540c9525dc,15777000,Prediabetes,2019-11-18
CND-3992,806dcf1a-3003-4859-ad9c-418d359c13af,59621000,Essential hypertension,2011-10-27
CND-3993,806dcf1a-3003-4859-ad9c-418d359c13af,44054006,Type 2 diabetes mellitus,2015-01-01
CND-3994,806dcf1a-3003-4859-ad9c-418d359c13af,238131007,Overweight,2017-09-11
CND-3995,806dcf1a-3003-4859-ad9c-418d359c13af,15777000,Prediabetes,2009-05-03
CND-3996,eb79d2f2-5755-4f41-94ab-fbdda421f395,59621000,Essential hypertension,2015-04-06
CND-3997,eb79d2f2-5755-4f41-94ab-fbdda421f395,44054006,Type 2 diabetes mellitus,2018-09-14
CND-3998,eb79d2f2-5755-4f41-94ab-fbdda421f395,195967001,Asthma,2013-06-03
CND-3999,eb79d2f2-5755-4f41-94ab-fbdda421f395,238131007,Overweight,2014-07-13
CND-4000,1d63ab88-0e8a-4070-b35f-ac85e32c534d,709044004,Chronic kidney disease stage 2/3,2016-06-29
CND-4001,b923919a-99ab-4c39-8d0c-89a2704acc97,238131007,Overweight,2014-09-12
CND-4002,b25b8db7-e898-498e-8116-87a0214e014a,59621000,Essential hypertension,2017-04-28
CND-4003,b25b8db7-e898-498e-8116-87a0214e014a,15777000,Prediabetes,2010-08-09
CND-4004,4520a39c-25a2-400b-b6df-1de531854595,59621000,Essential hypertension,2021-08-15
CND-4005,4520a39c-25a2-400b-b6df-1de531854595,709044004,Chronic kidney disease stage 2/3,2015-07-22
CND-4006,4520a39c-25a2-400b-b6df-1de531854595,13645005,Chronic obstructive pulmonary disease,2020-05-02
CND-4007,4520a39c-25a2-400b-b6df-1de531854595,238131007,Overweight,2019-07-31
CND-4008,9c25e37d-b913-4b33-9ba7-093c05258b80,59621000,Essential hypertension,2020-10-17
CND-4009,9c25e37d-b913-4b33-9ba7-093c05258b80,15777000,Prediabetes,2012-09-06
CND-4010,611fae3c-b108-4d4b-af70-1f105c744107,44054006,Type 2 diabetes mellitus,2009-04-04
CND-4011,611fae3c-b108-4d4b-af70-1f105c744107,195967001,Asthma,2017-06-12
CND-4012,611fae3c-b108-4d4b-af70-1f105c744107,238131007,Overweight,2018-07-18
CND-4013,95a905e7-54b1-40cb-a74f-d6ef11944e96,195967001,Asthma,2016-05-17
CND-4014,95a905e7-54b1-40cb-a74f-d6ef11944e96,709044004,Chronic kidney disease stage 2/3,2017-06-24
CND-4015,95a905e7-54b1-40cb-a74f-d6ef11944e96,13645005,Chronic obstructive pulmonary disease,2009-11-12
CND-4016,be580728-429f-4f37-80c0-8fb96c0cb894,238131007,Overweight,2018-09-23
CND-4017,92fe9357-96e1-4c02-9670-a83227c98216,238131007,Overweight,2014-10-15
CND-4018,fe9be9d0-9816-477c-b7a1-8ab9b5852a07,195967001,Asthma,2014-05-21
CND-4019,fd193408-1143-4d04-ab69-5203ca8422dc,44054006,Type 2 diabetes mellitus,2015-08-07
CND-4020,7938fb5a-6d91-42d7-b3f6-1f6e7f59cf60,59621000,Essential hypertension,2015-09-10
CND-4021,24b6777a-a49d-4939-87c8-c70ed1f09fe4,59621000,Essential hypertension,2022-07-01
CND-4022,24b6777a-a49d-4939-87c8-c70ed1f09fe4,44054006,Type 2 diabetes mellitus,2019-12-17
CND-4023,24b6777a-a49d-4939-87c8-c70ed1f09fe4,195967001,Asthma,2018-11-14
CND-4024,24b6777a-a49d-4939-87c8-c70ed1f09fe4,709044004,Chronic kidney disease stage 2/3,2015-11-21
CND-4025,74e5628b-4151-4924-b0de-61a59eb6907f,709044004,Chronic kidney disease stage 2/3,2017-11-08
CND-4026,560748df-ec53-4442-bbfa-0f44a17a6571,195967001,Asthma,2022-08-18
CND-4027,d8fb300c-74b9-44b9-8169-c72317eef8bf,59621000,Essential hypertension,2009-05-18
CND-4028,d8fb300c-74b9-44b9-8169-c72317eef8bf,44054006,Type 2 diabetes mellitus,2013-08-02
CND-4029,9686b162-b793-43cc-a387-3454dd54d511,44054006,Type 2 diabetes mellitus,2017-12-06
CND-4030,9686b162-b793-43cc-a387-3454dd54d511,15777000,Prediabetes,2016-05-08
CND-4031,c2128ca3-8ab5-4de7-aa98-1b0a1a08c76d,238131007,Overweight,2015-09-08
CND-4032,eebe6057-ad4e-49ef-9430-556c802557cf,238131007,Overweight,2022-03-23
CND-4033,eebe6057-ad4e-49ef-9430-556c802557cf,15777000,Prediabetes,2021-04-19
CND-4034,b1661e9d-5995-462d-9ef4-15276558ffb3,238131007,Overweight,2014-12-25
CND-4035,f77224ff-4d97-48ae-b8c6-3206ff70676d,59621000,Essential hypertension,2021-05-14
CND-4036,f77224ff-4d97-48ae-b8c6-3206ff70676d,44054006,Type 2 diabetes mellitus,2011-07-20
CND-4037,16f127f7-9f7b-41d6-87a5-3ad3218524f3,59621000,Essential hypertension,2016-12-26
CND-4038,16f127f7-9f7b-41d6-87a5-3ad3218524f3,44054006,Type 2 diabetes mellitus,2021-03-11
CND-4039,7734da00-d529-4722-9bbe-d25da70b8a71,59621000,Essential hypertension,2011-05-30
CND-4040,7734da00-d529-4722-9bbe-d25da70b8a71,195967001,Asthma,2014-12-22
CND-4041,643cb5c0-7438-4b92-ade1-ddd8c7cb1779,59621000,Essential hypertension,2020-05-10
CND-4042,c85ddd7d-b069-4585-a04a-fdbb13442ebb,15777000,Prediabetes,2013-04-19
CND-4043,62fdf98b-60b3-4ef6-abac-34b316f88e38,238131007,Overweight,2017-11-25
CND-4044,cad60580-fc37-4236-9e6f-40346d6dec3e,59621000,Essential hypertension,2019-04-06
CND-4045,6e322e90-26a2-41c9-b760-34375cd53f39,59621000,Essential hypertension,2016-04-07
CND-4046,6e322e90-26a2-41c9-b760-34375cd53f39,44054006,Type 2 diabetes mellitus,2013-08-22
CND-4047,6e322e90-26a2-41c9-b760-34375cd53f39,709044004,Chronic kidney disease stage 2/3,2019-06-30
CND-4048,6e322e90-26a2-41c9-b760-34375cd53f39,238131007,Overweight,2019-10-28
CND-4049,463309de-2c94-41ca-b8d6-d64dba9b3ab3,59621000,Essential hypertension,2020-08-25
CND-4050,463309de-2c94-41ca-b8d6-d64dba9b3ab3,195967001,Asthma,2015-07-29
CND-4051,463309de-2c94-41ca-b8d6-d64dba9b3ab3,238131007,Overweight,2010-12-18
CND-4052,44edffeb-bf77-484c-8e0e-1f2aad6d7c38,709044004,Chronic kidney disease stage 2/3,2012-12-18
CND-4053,ea97739b-0e83-4e21-b924-d31056ba1688,59621000,Essential hypertension,2015-04-12
CND-4054,ea97739b-0e83-4e21-b924-d31056ba1688,195967001,Asthma,2012-10-05
CND-4055,ea97739b-0e83-4e21-b924-d31056ba1688,238131007,Overweight,2010-12-10
CND-4056,3e6c790b-b7f0-458d-ba7f-ece0e145df44,195967001,Asthma,2014-08-08
CND-4057,ef2d238a-2695-4ca5-9bba-d2afefe711d1,59621000,Essential hypertension,2010-04-23
CND-4058,ef2d238a-2695-4ca5-9bba-d2afefe711d1,44054006,Type 2 diabetes mellitus,2020-06-09
CND-4059,9ccfc32e-b89b-46ee-b69d-ecebf8839d06,59621000,Essential hypertension,2017-09-03
CND-4060,9ccfc32e-b89b-46ee-b69d-ecebf8839d06,44054006,Type 2 diabetes mellitus,2021-06-03
CND-4061,9ccfc32e-b89b-46ee-b69d-ecebf8839d06,238131007,Overweight,2021-09-06
CND-4062,726ad8bd-6935-4fb7-bf8c-ff0e3b564d3a,59621000,Essential hypertension,2021-09-09
CND-4063,726ad8bd-6935-4fb7-bf8c-ff0e3b564d3a,238131007,Overweight,2018-06-20
CND-4064,b803360d-b839-42a2-9027-fc128a3657de,59621000,Essential hypertension,2016-07-20
CND-4065,b803360d-b839-42a2-9027-fc128a3657de,238131007,Overweight,2019-06-22
CND-4066,759c8823-1f58-406c-a037-61e32166afac,15777000,Prediabetes,2016-04-17
CND-4067,fdc31f50-acac-43a1-b60b-146bc1d0c649,59621000,Essential hypertension,2019-03-26
CND-4068,90549130-291d-457b-a97d-c54d62bc0ca7,59621000,Essential hypertension,2017-05-14
CND-4069,a0d33a07-cb90-4a63-a124-57f5b9210482,59621000,Essential hypertension,2017-06-08
CND-4070,a0d33a07-cb90-4a63-a124-57f5b9210482,195967001,Asthma,2022-04-05
CND-4071,a0d33a07-cb90-4a63-a124-57f5b9210482,238131007,Overweight,2009-04-16
CND-4072,a0d33a07-cb90-4a63-a124-57f5b9210482,15777000,Prediabetes,2009-05-11
CND-4073,01e0fdc6-c9b9-4aff-8b74-e90c518e99f8,44054006,Type 2 diabetes mellitus,2015-12-14
CND-4074,0ce3a0ee-05f6-4d0b-a096-d7ded9dbfd20,238131007,Overweight,2011-05-12
CND-4075,2c6b3db8-92e3-4b2b-af57-65329a62a61e,59621000,Essential hypertension,2009-04-30
CND-4076,2c6b3db8-92e3-4b2b-af57-65329a62a61e,195967001,Asthma,2015-12-21
CND-4077,2c6b3db8-92e3-4b2b-af57-65329a62a61e,238131007,Overweight,2018-09-19
CND-4078,3ca5edf8-5aac-4cf7-9e80-b69ebfcf6050,44054006,Type 2 diabetes mellitus,2011-12-29
CND-4079,3ca5edf8-5aac-4cf7-9e80-b69ebfcf6050,195967001,Asthma,2009-03-26
CND-4080,3ca5edf8-5aac-4cf7-9e80-b69ebfcf6050,13645005,Chronic obstructive pulmonary disease,2022-05-14
CND-4081,3ca5edf8-5aac-4cf7-9e80-b69ebfcf6050,238131007,Overweight,2016-11-01
CND-4082,af24a5bf-3b8d-4d88-86a9-c76b29b4f871,238131007,Overweight,2015-11-09
CND-4083,f9a22aee-ffba-4ca6-ba09-6bd9ebc7182c,59621000,Essential hypertension,2015-09-05
CND-4084,f9a22aee-ffba-4ca6-ba09-6bd9ebc7182c,195967001,Asthma,2022-08-25
CND-4085,f9a22aee-ffba-4ca6-ba09-6bd9ebc7182c,709044004,Chronic kidney disease stage 2/3,2013-05-15
CND-4086,9cea1fa1-2b83-4aba-984c-0ab4a494ff2d,59621000,Essential hypertension,2012-06-20
CND-4087,9cea1fa1-2b83-4aba-984c-0ab4a494ff2d,195967001,Asthma,2013-03-11
CND-4088,aff6b5d9-f0a2-4eb2-a0a4-0b664da344ac,59621000,Essential hypertension,2020-05-14
CND-4089,aff6b5d9-f0a2-4eb2-a0a4-0b664da344ac,15777000,Prediabetes,2011-08-19
CND-4090,59381d02-9694-49a5-b1c7-c6ad519ced88,59621000,Essential hypertension,2016-11-13
CND-4091,59381d02-9694-49a5-b1c7-c6ad519ced88,709044004,Chronic kidney disease stage 2/3,2020-08-06
CND-4092,65eeb9ff-cf9a-43dd-95b7-4eb0817b1ac1,59621000,Essential hypertension,2012-03-19
CND-4093,65eeb9ff-cf9a-43dd-95b7-4eb0817b1ac1,44054006,Type 2 diabetes mellitus,2013-07-29
CND-4094,65eeb9ff-cf9a-43dd-95b7-4eb0817b1ac1,195967001,Asthma,2017-10-15
CND-4095,65eeb9ff-cf9a-43dd-95b7-4eb0817b1ac1,238131007,Overweight,2018-09-12
CND-4096,65eeb9ff-cf9a-43dd-95b7-4eb0817b1ac1,15777000,Prediabetes,2021-06-08
CND-4097,e14880d0-97c0-415b-be93-259404fd2ff5,238131007,Overweight,2021-06-02
CND-4098,e14880d0-97c0-415b-be93-259404fd2ff5,15777000,Prediabetes,2014-12-07
CND-4099,f7516085-bac5-4f15-b963-ca84dea62ba7,59621000,Essential hypertension,2013-09-06
CND-4100,f7516085-bac5-4f15-b963-ca84dea62ba7,44054006,Type 2 diabetes mellitus,2018-12-19
CND-4101,f7516085-bac5-4f15-b963-ca84dea62ba7,238131007,Overweight,2020-12-19
CND-4102,fb5b9954-3b45-492e-b0a1-7c64b1d72237,59621000,Essential hypertension,2019-08-04
CND-4103,fb5b9954-3b45-492e-b0a1-7c64b1d72237,238131007,Overweight,2012-12-18
CND-4104,ec8bb5b1-72e2-4033-8501-39614214e939,59621000,Essential hypertension,2011-05-23
CND-4105,4fb50095-3ad9-4a72-b341-b094992a1286,238131007,Overweight,2018-05-30
CND-4106,4fb50095-3ad9-4a72-b341-b094992a1286,15777000,Prediabetes,2015-05-13
CND-4107,6942893d-6d47-4d5a-8f62-fce69d8f887b,195967001,Asthma,2022-09-05
CND-4108,3eb4af34-e7d3-43b6-8f56-716a007bc6cd,195967001,Asthma,2019-04-14
CND-4109,81c22be9-12c4-4058-8ee2-2101bf9947a8,59621000,Essential hypertension,2019-07-22
CND-4110,81c22be9-12c4-4058-8ee2-2101bf9947a8,44054006,Type 2 diabetes mellitus,2012-04-30
CND-4111,81c22be9-12c4-4058-8ee2-2101bf9947a8,13645005,Chronic obstructive pulmonary disease,2017-05-30
CND-4112,81c22be9-12c4-4058-8ee2-2101bf9947a8,238131007,Overweight,2013-07-11
CND-4113,3e2f1878-553f-483a-8410-a5fc4086c66c,238131007,Overweight,2012-09-09
CND-4114,ba0e2754-b179-4105-bbd8-2aedfa640f64,59621000,Essential hypertension,2011-06-26
CND-4115,ba0e2754-b179-4105-bbd8-2aedfa640f64,195967001,Asthma,2011-06-30
CND-4116,ba0e2754-b179-4105-bbd8-2aedfa640f64,238131007,Overweight,2009-05-25
CND-4117,19f258da-3118-4ec7-8033-5548decd9610,59621000,Essential hypertension,2011-03-31
CND-4118,19f258da-3118-4ec7-8033-5548decd9610,709044004,Chronic kidney disease stage 2/3,2011-03-15
CND-4119,19f258da-3118-4ec7-8033-5548decd9610,13645005,Chronic obstructive pulmonary disease,2014-09-17
CND-4120,19f258da-3118-4ec7-8033-5548decd9610,238131007,Overweight,2016-03-20
CND-4121,f09207d5-0eba-4cc5-b26b-cdc2462b7b27,195967001,Asthma,2022-07-16
CND-4122,01b74e9f-2780-4455-83a1-3ce29558eb95,59621000,Essential hypertension,2013-10-14
CND-4123,01b74e9f-2780-4455-83a1-3ce29558eb95,238131007,Overweight,2021-06-11
CND-4124,b2dc04b1-6d44-4f20-8e13-f7a065d58d01,44054006,Type 2 diabetes mellitus,2021-04-19
CND-4125,b2dc04b1-6d44-4f20-8e13-f7a065d58d01,13645005,Chronic obstructive pulmonary disease,2021-01-01
CND-4126,de85dd7c-487b-41e4-9ce0-6b2de29eb1e1,59621000,Essential hypertension,2009-12-15
CND-4127,de85dd7c-487b-41e4-9ce0-6b2de29eb1e1,238131007,Overweight,2022-05-13
CND-4128,de85dd7c-487b-41e4-9ce0-6b2de29eb1e1,15777000,Prediabetes,2013-05-31
CND-4129,29668354-ab1b-4bc9-9552-56c80b714244,44054006,Type 2 diabetes mellitus,2014-04-26
CND-4130,29668354-ab1b-4bc9-9552-56c80b714244,195967001,Asthma,2017-10-07
CND-4131,b24e29ff-f86b-4dff-b883-3cb427831874,59621000,Essential hypertension,2022-10-11
CND-4132,b24e29ff-f86b-4dff-b883-3cb427831874,44054006,Type 2 diabetes mellitus,2018-12-10
CND-4133,b24e29ff-f86b-4dff-b883-3cb427831874,195967001,Asthma,2011-05-26
CND-4134,df7c2e37-a68d-46b7-af2b-2453e88f462f,59621000,Essential hypertension,2012-04-15
CND-4135,df7c2e37-a68d-46b7-af2b-2453e88f462f,195967001,Asthma,2016-06-27
CND-4136,df7c2e37-a68d-46b7-af2b-2453e88f462f,13645005,Chronic obstructive pulmonary disease,2012-12-12
CND-4137,df7c2e37-a68d-46b7-af2b-2453e88f462f,238131007,Overweight,2019-05-17
CND-4138,74430ebf-a487-4ceb-805a-cbdd4064a2ad,195967001,Asthma,2009-12-19
CND-4139,74430ebf-a487-4ceb-805a-cbdd4064a2ad,709044004,Chronic kidney disease stage 2/3,2010-08-13
CND-4140,74430ebf-a487-4ceb-805a-cbdd4064a2ad,238131007,Overweight,2013-10-28
CND-4141,0851282c-b8fa-458b-963a-fcaed8fd5f15,59621000,Essential hypertension,2020-04-20
CND-4142,0851282c-b8fa-458b-963a-fcaed8fd5f15,13645005,Chronic obstructive pulmonary disease,2009-12-12
CND-4143,7b6febb4-1ade-4cbb-8905-aec934176bda,15777000,Prediabetes,2022-10-13
CND-4144,70d90d1a-7f94-4511-91cd-a963811da1ed,195967001,Asthma,2011-08-25
CND-4145,70d90d1a-7f94-4511-91cd-a963811da1ed,238131007,Overweight,2014-04-17
CND-4146,8049edd5-86af-414e-adc8-fcd5dcab194e,709044004,Chronic kidney disease stage 2/3,2016-07-15
CND-4147,f751d331-d544-4b82-83d4-f4a22999a1e8,44054006,Type 2 diabetes mellitus,2018-12-21
CND-4148,f751d331-d544-4b82-83d4-f4a22999a1e8,238131007,Overweight,2021-10-05
CND-4149,a9778b00-680b-4ae1-b7f7-d5b0f8e55003,59621000,Essential hypertension,2018-04-07
CND-4150,61d17f1a-d69f-4e83-b16a-b57d0dafda0b,59621000,Essential hypertension,2012-09-10
CND-4151,61d17f1a-d69f-4e83-b16a-b57d0dafda0b,195967001,Asthma,2019-06-11
CND-4152,0e244a17-ae38-4543-acd1-7c4f121b397c,59621000,Essential hypertension,2013-08-29
CND-4153,c74e2bf4-1034-4ce2-81c7-6bb3048dd90b,59621000,Essential hypertension,2013-12-21
CND-4154,c74e2bf4-1034-4ce2-81c7-6bb3048dd90b,44054006,Type 2 diabetes mellitus,2017-10-20
CND-4155,1c176c99-2477-4d4c-95ad-18d4c5ae5c25,59621000,Essential hypertension,2009-04-20
CND-4156,1c176c99-2477-4d4c-95ad-18d4c5ae5c25,709044004,Chronic kidney disease stage 2/3,2012-09-16
CND-4157,87061ffe-32c0-4055-a18d-9e000bb2a68e,238131007,Overweight,2016-10-18
CND-4158,005b1acb-9a63-4bac-be1e-76043d85cd80,44054006,Type 2 diabetes mellitus,2019-04-04
CND-4159,005b1acb-9a63-4bac-be1e-76043d85cd80,238131007,Overweight,2020-12-26
CND-4160,3b56ffac-8530-4fa2-9366-78c9d81600f1,59621000,Essential hypertension,2011-07-05
CND-4161,afa33ada-40c5-4c6f-83a1-84be8c8f7496,59621000,Essential hypertension,2018-04-28
CND-4162,afa33ada-40c5-4c6f-83a1-84be8c8f7496,15777000,Prediabetes,2012-12-13
CND-4163,8af94a6d-61dc-4231-9cee-3ecbb573596a,195967001,Asthma,2021-06-28
CND-4164,22d6a05b-2027-473a-a30a-cb62062f21a9,59621000,Essential hypertension,2021-05-22
CND-4165,22d6a05b-2027-473a-a30a-cb62062f21a9,238131007,Overweight,2015-04-10
CND-4166,22d6a05b-2027-473a-a30a-cb62062f21a9,15777000,Prediabetes,2018-01-01
CND-4167,e392fb77-2c13-42ae-9622-501e4f01fc9a,15777000,Prediabetes,2012-07-14
CND-4168,d8ba116a-051f-4566-bdf1-9d832d40e601,44054006,Type 2 diabetes mellitus,2013-06-10
CND-4169,d8ba116a-051f-4566-bdf1-9d832d40e601,15777000,Prediabetes,2018-12-16
CND-4170,9eb12a24-d477-43f1-a507-9d9941aa11ec,59621000,Essential hypertension,2019-01-01
CND-4171,9eb12a24-d477-43f1-a507-9d9941aa11ec,195967001,Asthma,2017-08-13
CND-4172,9eb12a24-d477-43f1-a507-9d9941aa11ec,238131007,Overweight,2016-08-20
CND-4173,b2bd3a70-b81e-4614-b9d8-ff2bf669f4bf,59621000,Essential hypertension,2019-04-27
CND-4174,b2bd3a70-b81e-4614-b9d8-ff2bf669f4bf,44054006,Type 2 diabetes mellitus,2016-03-29
CND-4175,b2bd3a70-b81e-4614-b9d8-ff2bf669f4bf,15777000,Prediabetes,2018-09-11
CND-4176,1abf3b32-a52b-4759-b604-06f353549975,59621000,Essential hypertension,2017-11-10
CND-4177,1abf3b32-a52b-4759-b604-06f353549975,238131007,Overweight,2016-06-28
CND-4178,6d18daea-69ef-418a-8662-f4dd90aca9cb,709044004,Chronic kidney disease stage 2/3,2017-11-12
CND-4179,6d18daea-69ef-418a-8662-f4dd90aca9cb,238131007,Overweight,2011-06-18
CND-4180,ec1acde8-2d94-4669-aa9f-62ae13d668c2,44054006,Type 2 diabetes mellitus,2022-12-05
CND-4181,ec1acde8-2d94-4669-aa9f-62ae13d668c2,709044004,Chronic kidney disease stage 2/3,2018-12-02
CND-4182,0970f448-6b34-48cc-888b-9922230d45f5,15777000,Prediabetes,2022-08-10
CND-4183,62e9c17a-a88d-42af-b663-69d49bd918a1,59621000,Essential hypertension,2009-04-18
CND-4184,759eda53-de7d-4f63-9fc9-af2581d4454d,59621000,Essential hypertension,2021-03-15
CND-4185,759eda53-de7d-4f63-9fc9-af2581d4454d,44054006,Type 2 diabetes mellitus,2019-04-23
CND-4186,759eda53-de7d-4f63-9fc9-af2581d4454d,13645005,Chronic obstructive pulmonary disease,2011-11-28
CND-4187,bcae7347-a529-402c-a99e-951245831dcb,59621000,Essential hypertension,2012-10-11
CND-4188,bcae7347-a529-402c-a99e-951245831dcb,44054006,Type 2 diabetes mellitus,2020-09-10
CND-4189,bcae7347-a529-402c-a99e-951245831dcb,238131007,Overweight,2013-12-30
CND-4190,f07c5d69-c707-46a9-b874-fa95163d8fb3,59621000,Essential hypertension,2013-05-25
CND-4191,f07c5d69-c707-46a9-b874-fa95163d8fb3,15777000,Prediabetes,2013-04-06
CND-4192,0f6d9b28-ba29-4831-bdb5-6204be7bcea9,59621000,Essential hypertension,2014-09-11
CND-4193,f4d98539-f509-491e-b631-92a84a140381,238131007,Overweight,2022-12-24
CND-4194,ffd9ed05-2be8-4130-8b70-2fc00850ed56,59621000,Essential hypertension,2018-09-30
CND-4195,ffd9ed05-2be8-4130-8b70-2fc00850ed56,709044004,Chronic kidney disease stage 2/3,2010-07-03
CND-4196,ffd9ed05-2be8-4130-8b70-2fc00850ed56,238131007,Overweight,2012-08-01
CND-4197,ece30cab-84ec-4f03-a4bb-2b96183790bb,59621000,Essential hypertension,2021-04-02
CND-4198,ece30cab-84ec-4f03-a4bb-2b96183790bb,15777000,Prediabetes,2022-08-31
CND-4199,b4420b46-e10f-4ede-8fef-078b01555790,44054006,Type 2 diabetes mellitus,2010-06-03
CND-4200,b4420b46-e10f-4ede-8fef-078b01555790,709044004,Chronic kidney disease stage 2/3,2010-07-20
CND-4201,b4420b46-e10f-4ede-8fef-078b01555790,13645005,Chronic obstructive pulmonary disease,2016-03-17
CND-4202,63ca0527-8b54-4ead-a897-20f165d940ca,44054006,Type 2 diabetes mellitus,2022-09-26
CND-4203,63ca0527-8b54-4ead-a897-20f165d940ca,15777000,Prediabetes,2020-08-15
CND-4204,5802901a-ea96-41f0-8c32-e2c0f189bdb5,709044004,Chronic kidney disease stage 2/3,2022-03-29
CND-4205,5802901a-ea96-41f0-8c32-e2c0f189bdb5,238131007,Overweight,2011-12-09
CND-4206,5802901a-ea96-41f0-8c32-e2c0f189bdb5,15777000,Prediabetes,2009-08-12
CND-4207,d3ccd778-3dc6-4d60-9679-7c8ed43cdfab,59621000,Essential hypertension,2010-03-25
CND-4208,d3ccd778-3dc6-4d60-9679-7c8ed43cdfab,44054006,Type 2 diabetes mellitus,2017-07-17
CND-4209,d3ccd778-3dc6-4d60-9679-7c8ed43cdfab,13645005,Chronic obstructive pulmonary disease,2021-04-07
CND-4210,d3ccd778-3dc6-4d60-9679-7c8ed43cdfab,238131007,Overweight,2018-08-17
CND-4211,54dad7de-61bb-4568-a244-5eb70e7fee0c,195967001,Asthma,2022-12-14
CND-4212,cd3cc9a7-4873-49c8-892d-cc230fcaf53d,59621000,Essential hypertension,2019-10-17
CND-4213,cd3cc9a7-4873-49c8-892d-cc230fcaf53d,44054006,Type 2 diabetes mellitus,2009-07-07
CND-4214,825a90c3-b5ee-4039-963e-b8831f7de0b5,44054006,Type 2 diabetes mellitus,2013-11-21
CND-4215,825a90c3-b5ee-4039-963e-b8831f7de0b5,238131007,Overweight,2019-07-04
CND-4216,825a90c3-b5ee-4039-963e-b8831f7de0b5,15777000,Prediabetes,2012-06-08
CND-4217,0f444e7c-d446-4af3-853b-5be1708da23c,59621000,Essential hypertension,2015-05-29
CND-4218,0f444e7c-d446-4af3-853b-5be1708da23c,44054006,Type 2 diabetes mellitus,2015-07-16
CND-4219,0f444e7c-d446-4af3-853b-5be1708da23c,195967001,Asthma,2021-12-01
CND-4220,0f444e7c-d446-4af3-853b-5be1708da23c,709044004,Chronic kidney disease stage 2/3,2017-07-01
CND-4221,0f444e7c-d446-4af3-853b-5be1708da23c,238131007,Overweight,2009-09-27
CND-4222,c126c1dc-23f2-4e22-aa31-71afef90abaf,59621000,Essential hypertension,2018-08-06
CND-4223,c126c1dc-23f2-4e22-aa31-71afef90abaf,238131007,Overweight,2020-12-21
CND-4224,a3975f92-0668-42f5-ba85-878621840a7b,13645005,Chronic obstructive pulmonary disease,2018-07-25
CND-4225,a3975f92-0668-42f5-ba85-878621840a7b,15777000,Prediabetes,2019-06-09
CND-4226,b779e190-66e3-4dac-9939-222dd1b904e3,59621000,Essential hypertension,2014-07-19
CND-4227,249694f9-1987-4dc6-ba98-05710e4576a3,59621000,Essential hypertension,2013-05-23
CND-4228,249694f9-1987-4dc6-ba98-05710e4576a3,13645005,Chronic obstructive pulmonary disease,2016-03-27
CND-4229,249694f9-1987-4dc6-ba98-05710e4576a3,238131007,Overweight,2016-11-07
CND-4230,7bd82997-6bc2-4634-8a68-cd7d5bbd82c7,709044004,Chronic kidney disease stage 2/3,2021-07-15
CND-4231,7bd82997-6bc2-4634-8a68-cd7d5bbd82c7,238131007,Overweight,2012-09-04
CND-4232,27b6b18a-cfa1-4aa9-a226-355a6970bdbc,59621000,Essential hypertension,2011-06-07
CND-4233,27b6b18a-cfa1-4aa9-a226-355a6970bdbc,709044004,Chronic kidney disease stage 2/3,2017-05-11
CND-4234,b15d71af-e87f-4f3a-88c4-aec7dec99b82,59621000,Essential hypertension,2011-05-01
CND-4235,b15d71af-e87f-4f3a-88c4-aec7dec99b82,238131007,Overweight,2022-03-24
CND-4236,71b8ec43-8a31-4c0d-9bab-cfd82740d6c4,44054006,Type 2 diabetes mellitus,2020-08-01
CND-4237,d2eac352-2cca-4213-8fc1-65c9cd0db91d,44054006,Type 2 diabetes mellitus,2022-06-26
CND-4238,17206daf-f0c8-495c-8f60-63df63f740c7,59621000,Essential hypertension,2012-12-27
CND-4239,40dc5aed-315a-4b09-8218-871b76a4250b,59621000,Essential hypertension,2009-07-22
CND-4240,f3ecdfa4-a478-40d3-971c-d2b031488a1a,59621000,Essential hypertension,2016-11-05
CND-4241,34f8a589-c10d-4f3a-a39b-987fbe955260,59621000,Essential hypertension,2017-07-04
CND-4242,188222ce-6b0e-47de-bdaa-88a7625e1560,59621000,Essential hypertension,2017-05-05
CND-4243,188222ce-6b0e-47de-bdaa-88a7625e1560,709044004,Chronic kidney disease stage 2/3,2010-11-14
CND-4244,188222ce-6b0e-47de-bdaa-88a7625e1560,238131007,Overweight,2021-04-02
CND-4245,da584600-618b-4a3a-a863-c1d0776cac69,59621000,Essential hypertension,2016-06-22
CND-4246,0e18439f-a214-4551-a341-c717095a0b3f,13645005,Chronic obstructive pulmonary disease,2011-06-30
CND-4247,34c132e9-c22c-4036-8114-13448a78aeac,59621000,Essential hypertension,2010-05-10
CND-4248,34c132e9-c22c-4036-8114-13448a78aeac,44054006,Type 2 diabetes mellitus,2019-09-27
CND-4249,34c132e9-c22c-4036-8114-13448a78aeac,238131007,Overweight,2014-08-17
CND-4250,71f096c8-386c-4b1a-9ab3-029ee6bb1c32,15777000,Prediabetes,2011-09-08
CND-4251,701b909e-e78a-46b7-ac98-7c42fd7b5770,195967001,Asthma,2012-04-07
CND-4252,701b909e-e78a-46b7-ac98-7c42fd7b5770,15777000,Prediabetes,2017-09-05
CND-4253,0105c280-e36f-49f2-b2d6-4ef2297bb03c,13645005,Chronic obstructive pulmonary disease,2020-07-17
CND-4254,0105c280-e36f-49f2-b2d6-4ef2297bb03c,238131007,Overweight,2019-06-05
CND-4255,aebc1440-3572-417d-97eb-da6f043c176c,59621000,Essential hypertension,2018-12-13
CND-4256,aebc1440-3572-417d-97eb-da6f043c176c,13645005,Chronic obstructive pulmonary disease,2015-08-21
CND-4257,aebc1440-3572-417d-97eb-da6f043c176c,238131007,Overweight,2017-03-17
CND-4258,72e4cacb-2a5c-4ae1-979f-ba7121a1d2c5,59621000,Essential hypertension,2019-03-31
CND-4259,46d6dbed-6374-457b-9790-c35e8231a9e4,13645005,Chronic obstructive pulmonary disease,2022-06-28
CND-4260,46d6dbed-6374-457b-9790-c35e8231a9e4,238131007,Overweight,2014-07-08
CND-4261,6f5bb9c3-91f7-42c0-b311-2b5382951acd,59621000,Essential hypertension,2009-09-11
CND-4262,6f5bb9c3-91f7-42c0-b311-2b5382951acd,195967001,Asthma,2015-07-22
CND-4263,6f5bb9c3-91f7-42c0-b311-2b5382951acd,238131007,Overweight,2019-03-21
CND-4264,b9affd57-0853-41d1-bf92-74c53a702b03,59621000,Essential hypertension,2018-03-23
CND-4265,b9affd57-0853-41d1-bf92-74c53a702b03,44054006,Type 2 diabetes mellitus,2022-08-25
CND-4266,b9affd57-0853-41d1-bf92-74c53a702b03,195967001,Asthma,2010-07-31
CND-4267,b9affd57-0853-41d1-bf92-74c53a702b03,15777000,Prediabetes,2015-04-05
CND-4268,43eebb69-5a23-4c25-b811-f40a8cac98a0,59621000,Essential hypertension,2021-03-29
CND-4269,43eebb69-5a23-4c25-b811-f40a8cac98a0,44054006,Type 2 diabetes mellitus,2015-06-22
CND-4270,43eebb69-5a23-4c25-b811-f40a8cac98a0,238131007,Overweight,2019-03-09
CND-4271,3b348529-76a5-467e-9314-3f91847ef0b6,59621000,Essential hypertension,2013-12-18
CND-4272,3b348529-76a5-467e-9314-3f91847ef0b6,15777000,Prediabetes,2011-08-17
CND-4273,d7317f34-c276-4d32-bfc5-307909f7241d,59621000,Essential hypertension,2011-11-09
CND-4274,d7317f34-c276-4d32-bfc5-307909f7241d,44054006,Type 2 diabetes mellitus,2016-08-13
CND-4275,d7317f34-c276-4d32-bfc5-307909f7241d,15777000,Prediabetes,2019-12-22
CND-4276,8f576a92-2aea-4acb-9874-1aa3e0f75c3f,44054006,Type 2 diabetes mellitus,2019-09-03
CND-4277,8f576a92-2aea-4acb-9874-1aa3e0f75c3f,238131007,Overweight,2020-07-26
CND-4278,077171ab-c6fc-47bd-865f-5f4ac144d801,59621000,Essential hypertension,2014-11-25
CND-4279,077171ab-c6fc-47bd-865f-5f4ac144d801,44054006,Type 2 diabetes mellitus,2015-08-03
CND-4280,077171ab-c6fc-47bd-865f-5f4ac144d801,195967001,Asthma,2018-07-21
CND-4281,077171ab-c6fc-47bd-865f-5f4ac144d801,15777000,Prediabetes,2019-05-22
CND-4282,76a3d309-3477-4074-b4a8-790186dfeb23,59621000,Essential hypertension,2020-04-13
CND-4283,76a3d309-3477-4074-b4a8-790186dfeb23,44054006,Type 2 diabetes mellitus,2021-07-05
CND-4284,bc4bec43-661d-4dfc-ae07-33645a43fc13,59621000,Essential hypertension,2010-09-27
CND-4285,bc4bec43-661d-4dfc-ae07-33645a43fc13,13645005,Chronic obstructive pulmonary disease,2016-08-27
CND-4286,bc4bec43-661d-4dfc-ae07-33645a43fc13,238131007,Overweight,2014-08-09
CND-4287,93096ec4-554a-4d3d-862e-5ef69c9e753b,59621000,Essential hypertension,2019-11-29
CND-4288,93096ec4-554a-4d3d-862e-5ef69c9e753b,15777000,Prediabetes,2017-06-27
CND-4289,3ebff112-d231-40b3-89b0-cdd545532d9b,59621000,Essential hypertension,2012-09-01
CND-4290,0254371d-cea2-424c-a5f1-d4bfff5be4ac,44054006,Type 2 diabetes mellitus,2017-11-02
CND-4291,0254371d-cea2-424c-a5f1-d4bfff5be4ac,238131007,Overweight,2010-09-20
CND-4292,5705b621-fa3d-4f5c-b9c7-e423910efa4b,59621000,Essential hypertension,2011-10-05
CND-4293,5705b621-fa3d-4f5c-b9c7-e423910efa4b,709044004,Chronic kidney disease stage 2/3,2019-10-12
CND-4294,5705b621-fa3d-4f5c-b9c7-e423910efa4b,238131007,Overweight,2010-07-08
CND-4295,5d5bc4f2-c5a5-40cf-af07-f60a72301be4,44054006,Type 2 diabetes mellitus,2014-12-05
CND-4296,66541676-e7b6-4a41-adaf-37c2b49f80e6,238131007,Overweight,2019-09-25
CND-4297,30adede3-d29b-49ee-a9cc-d43355137a01,59621000,Essential hypertension,2015-10-10
CND-4298,30adede3-d29b-49ee-a9cc-d43355137a01,195967001,Asthma,2021-10-01
CND-4299,30adede3-d29b-49ee-a9cc-d43355137a01,238131007,Overweight,2021-04-11
CND-4300,7f3d0bec-6669-4d6c-a713-666ba4ef11ef,15777000,Prediabetes,2010-10-18
CND-4301,df003b03-578f-476a-9e00-18cee0b15250,59621000,Essential hypertension,2021-03-24
CND-4302,df003b03-578f-476a-9e00-18cee0b15250,44054006,Type 2 diabetes mellitus,2012-05-24
CND-4303,df003b03-578f-476a-9e00-18cee0b15250,15777000,Prediabetes,2013-06-04
CND-4304,e185026d-c15b-4ee4-ba69-92614313e60d,44054006,Type 2 diabetes mellitus,2014-05-08
CND-4305,5e96a2ba-0c1f-4047-83d3-20581bbcb3ee,195967001,Asthma,2021-06-19
CND-4306,5e96a2ba-0c1f-4047-83d3-20581bbcb3ee,238131007,Overweight,2013-06-06
CND-4307,6d77b348-9ebe-4879-9c9a-e34b1dafbd72,59621000,Essential hypertension,2021-09-06
CND-4308,a9705dd7-b18b-4419-905b-cd94276ab45c,59621000,Essential hypertension,2022-12-06
CND-4309,a9705dd7-b18b-4419-905b-cd94276ab45c,238131007,Overweight,2016-10-29
CND-4310,d26b384f-8584-4dba-8079-f4b2c716f1cb,59621000,Essential hypertension,2020-12-05
CND-4311,d26b384f-8584-4dba-8079-f4b2c716f1cb,195967001,Asthma,2014-12-26
CND-4312,56ae9a60-8bea-4928-a854-90906ed40696,44054006,Type 2 diabetes mellitus,2010-09-16
CND-4313,aa059e43-0d8a-41e4-9fa7-ca131a122866,15777000,Prediabetes,2018-11-10
CND-4314,6742258c-bcd5-4dcc-a257-b620ef73cd2b,709044004,Chronic kidney disease stage 2/3,2019-08-07
CND-4315,76f9dca0-3b20-432c-9537-b58fd6160da9,59621000,Essential hypertension,2022-06-13
CND-4316,76f9dca0-3b20-432c-9537-b58fd6160da9,195967001,Asthma,2022-04-13
CND-4317,76f9dca0-3b20-432c-9537-b58fd6160da9,238131007,Overweight,2009-09-04
CND-4318,76f9dca0-3b20-432c-9537-b58fd6160da9,15777000,Prediabetes,2014-05-27
CND-4319,856e1a62-f6f7-47a4-9d8b-6b0a421fc3a1,59621000,Essential hypertension,2022-12-22
CND-4320,856e1a62-f6f7-47a4-9d8b-6b0a421fc3a1,44054006,Type 2 diabetes mellitus,2022-05-22
CND-4321,96c9c219-cba4-4bf5-98c3-e5c2aa5a8dae,59621000,Essential hypertension,2022-11-05
CND-4322,48b37a8f-6171-4f5c-850e-0a94a0fd7b86,59621000,Essential hypertension,2019-03-19
CND-4323,48b37a8f-6171-4f5c-850e-0a94a0fd7b86,44054006,Type 2 diabetes mellitus,2022-04-28
CND-4324,48b37a8f-6171-4f5c-850e-0a94a0fd7b86,238131007,Overweight,2019-10-31
CND-4325,48b37a8f-6171-4f5c-850e-0a94a0fd7b86,15777000,Prediabetes,2020-07-19
CND-4326,4706473a-dbba-4ef2-be6d-5cd260bb1f70,44054006,Type 2 diabetes mellitus,2012-08-19
CND-4327,4706473a-dbba-4ef2-be6d-5cd260bb1f70,238131007,Overweight,2012-06-17
CND-4328,153eeda9-6c16-4351-8e20-09f5387e369f,59621000,Essential hypertension,2018-09-05
CND-4329,153eeda9-6c16-4351-8e20-09f5387e369f,44054006,Type 2 diabetes mellitus,2013-12-07
CND-4330,153eeda9-6c16-4351-8e20-09f5387e369f,238131007,Overweight,2015-07-11
CND-4331,e8c8314c-a165-4ca5-8cf9-f636de258b69,195967001,Asthma,2022-12-22
CND-4332,fce51ef3-4adb-4b14-a501-1d7115a22bab,59621000,Essential hypertension,2021-09-11
CND-4333,2bdbf051-4813-4578-bf51-08a0ee700d8d,59621000,Essential hypertension,2018-07-01
CND-4334,2bdbf051-4813-4578-bf51-08a0ee700d8d,238131007,Overweight,2020-04-20
CND-4335,af2d431b-045f-41f9-9654-f89940612e0b,44054006,Type 2 diabetes mellitus,2018-08-01
CND-4336,91284341-219b-4a25-9e4a-4f049f4fb56f,709044004,Chronic kidney disease stage 2/3,2011-06-17
CND-4337,91284341-219b-4a25-9e4a-4f049f4fb56f,238131007,Overweight,2011-08-23
CND-4338,91284341-219b-4a25-9e4a-4f049f4fb56f,15777000,Prediabetes,2020-10-24
CND-4339,e85a7abf-eace-4750-84d6-de9da7488356,15777000,Prediabetes,2018-04-13
CND-4340,fda0e675-7cae-4de5-baea-622d4f35e068,59621000,Essential hypertension,2018-12-13
CND-4341,fda0e675-7cae-4de5-baea-622d4f35e068,13645005,Chronic obstructive pulmonary disease,2012-12-14
CND-4342,0706ab3d-233a-4132-9a26-7792de80c6b6,59621000,Essential hypertension,2009-09-22
CND-4343,0706ab3d-233a-4132-9a26-7792de80c6b6,238131007,Overweight,2013-12-09
CND-4344,9677fccb-7924-43e5-9903-0bfb3c17db3e,59621000,Essential hypertension,2019-10-25
CND-4345,9677fccb-7924-43e5-9903-0bfb3c17db3e,195967001,Asthma,2021-12-05
CND-4346,096299c3-381b-49c7-a2f2-8ae6398cb1a6,59621000,Essential hypertension,2015-04-12
CND-4347,8d6469a9-e8d4-4d5f-a031-91d83c0e99dd,59621000,Essential hypertension,2018-09-24
CND-4348,8d6469a9-e8d4-4d5f-a031-91d83c0e99dd,238131007,Overweight,2013-08-02
CND-4349,63516fba-da9a-410b-8129-1573b8852531,195967001,Asthma,2022-05-31
CND-4350,f9df7d55-46da-4ef7-b2d8-3d52f75147cf,195967001,Asthma,2017-03-17
CND-4351,f9df7d55-46da-4ef7-b2d8-3d52f75147cf,238131007,Overweight,2012-05-01
CND-4352,f9df7d55-46da-4ef7-b2d8-3d52f75147cf,15777000,Prediabetes,2018-09-19
CND-4353,d0d225ca-ddae-4a7b-af09-453d414d750a,13645005,Chronic obstructive pulmonary disease,2021-10-05
CND-4354,31c4c345-6049-4d0c-825f-d3963e94a19d,59621000,Essential hypertension,2022-05-07
CND-4355,31c4c345-6049-4d0c-825f-d3963e94a19d,44054006,Type 2 diabetes mellitus,2010-04-13
CND-4356,becbc904-206d-44a1-8e2b-c5e4ae5472be,709044004,Chronic kidney disease stage 2/3,2013-06-03
CND-4357,becbc904-206d-44a1-8e2b-c5e4ae5472be,238131007,Overweight,2017-05-31
CND-4358,210afae6-19d2-4874-a753-ce24114d7c23,59621000,Essential hypertension,2018-09-05
CND-4359,210afae6-19d2-4874-a753-ce24114d7c23,15777000,Prediabetes,2015-08-29
CND-4360,7f2cb9b1-9862-462f-a874-a10b86066874,44054006,Type 2 diabetes mellitus,2012-05-19
CND-4361,7f2cb9b1-9862-462f-a874-a10b86066874,238131007,Overweight,2012-03-28
CND-4362,169541a2-d9b4-4375-91d1-9e3ccc09f739,59621000,Essential hypertension,2016-03-09
CND-4363,3fa0d647-2cf7-4274-a4ee-b38673fc3131,195967001,Asthma,2016-03-27
CND-4364,cd7e7fc2-5d69-4c6c-b4f2-e0e5b85a21a8,238131007,Overweight,2015-03-29
CND-4365,cd7e7fc2-5d69-4c6c-b4f2-e0e5b85a21a8,15777000,Prediabetes,2014-07-06
CND-4366,104363ad-00d2-4ce5-949a-9e63ba6e9e7f,59621000,Essential hypertension,2014-03-30
CND-4367,508f501f-2a85-4441-a050-93d242de7ba7,44054006,Type 2 diabetes mellitus,2016-04-19
CND-4368,508f501f-2a85-4441-a050-93d242de7ba7,195967001,Asthma,2011-07-19
CND-4369,d4cfdf69-3d59-40c8-988f-1b6cb8ded365,44054006,Type 2 diabetes mellitus,2018-07-23
CND-4370,d4cfdf69-3d59-40c8-988f-1b6cb8ded365,238131007,Overweight,2011-04-03
CND-4371,d9133298-a3b7-4431-8909-06c3fac38a18,59621000,Essential hypertension,2017-04-20
CND-4372,d9133298-a3b7-4431-8909-06c3fac38a18,44054006,Type 2 diabetes mellitus,2016-12-20
CND-4373,d9133298-a3b7-4431-8909-06c3fac38a18,238131007,Overweight,2013-04-05
CND-4374,51c6e772-10fc-4296-a4fd-ed60ae47a376,709044004,Chronic kidney disease stage 2/3,2017-06-08
CND-4375,7e636404-43f4-4f81-8a1c-71e94baf4626,195967001,Asthma,2013-09-08
CND-4376,7e636404-43f4-4f81-8a1c-71e94baf4626,238131007,Overweight,2022-03-09
CND-4377,297802d2-2b4f-4485-ae39-7b60f8937cd6,59621000,Essential hypertension,2019-11-27
CND-4378,297802d2-2b4f-4485-ae39-7b60f8937cd6,238131007,Overweight,2022-07-04
CND-4379,297802d2-2b4f-4485-ae39-7b60f8937cd6,15777000,Prediabetes,2020-05-31
CND-4380,d5c07cf8-2fb8-4c0c-a19a-0cd67b703c9f,59621000,Essential hypertension,2016-06-29
CND-4381,8412d619-84af-4d71-9a3e-846553cb8a6d,44054006,Type 2 diabetes mellitus,2010-10-23
CND-4382,8412d619-84af-4d71-9a3e-846553cb8a6d,15777000,Prediabetes,2020-01-02
CND-4383,b5a73f8a-b598-426b-9f35-25d928149046,59621000,Essential hypertension,2022-06-27
CND-4384,b5a73f8a-b598-426b-9f35-25d928149046,44054006,Type 2 diabetes mellitus,2022-07-12
CND-4385,b5a73f8a-b598-426b-9f35-25d928149046,709044004,Chronic kidney disease stage 2/3,2017-04-20
CND-4386,d03dd551-5028-4b64-a3af-93f24c336dc0,59621000,Essential hypertension,2009-12-13
CND-4387,d03dd551-5028-4b64-a3af-93f24c336dc0,13645005,Chronic obstructive pulmonary disease,2011-07-31
CND-4388,d03dd551-5028-4b64-a3af-93f24c336dc0,238131007,Overweight,2019-06-05
CND-4389,03c8084e-9936-4b22-9117-8db8948495bf,59621000,Essential hypertension,2019-09-20
CND-4390,03c8084e-9936-4b22-9117-8db8948495bf,44054006,Type 2 diabetes mellitus,2019-11-19
CND-4391,03c8084e-9936-4b22-9117-8db8948495bf,195967001,Asthma,2022-11-05
CND-4392,03c8084e-9936-4b22-9117-8db8948495bf,13645005,Chronic obstructive pulmonary disease,2021-09-20
CND-4393,7dbfa8b7-e7ac-413b-88ac-db17fa3e1b91,238131007,Overweight,2009-08-23
CND-4394,8674c23b-c336-42e0-8178-ad1d39494076,59621000,Essential hypertension,2022-03-29
CND-4395,00b0e87c-ca50-4a7c-8e13-605c869de90c,59621000,Essential hypertension,2016-08-03
CND-4396,00b0e87c-ca50-4a7c-8e13-605c869de90c,44054006,Type 2 diabetes mellitus,2014-09-29
CND-4397,00b0e87c-ca50-4a7c-8e13-605c869de90c,15777000,Prediabetes,2014-11-28
CND-4398,5f21725d-401d-48e1-9d3b-2fcd591c0257,44054006,Type 2 diabetes mellitus,2015-10-24
CND-4399,5f21725d-401d-48e1-9d3b-2fcd591c0257,238131007,Overweight,2016-03-26
CND-4400,5684f134-9d15-44ad-99b6-0b0dbf237d96,13645005,Chronic obstructive pulmonary disease,2009-05-16
CND-4401,5684f134-9d15-44ad-99b6-0b0dbf237d96,238131007,Overweight,2017-06-16
CND-4402,c38f1fa3-9be5-4bed-8676-a4cf028df499,15777000,Prediabetes,2020-12-27
CND-4403,9a4a8466-7c62-4518-a129-db236a911feb,59621000,Essential hypertension,2012-12-13
CND-4404,9a4a8466-7c62-4518-a129-db236a911feb,44054006,Type 2 diabetes mellitus,2016-05-26
CND-4405,35524e98-e5b9-48e8-bc41-239409b248b6,195967001,Asthma,2014-12-29
CND-4406,35524e98-e5b9-48e8-bc41-239409b248b6,238131007,Overweight,2010-07-03
CND-4407,22ba8738-e496-4d93-af7b-ec14bc4745cb,59621000,Essential hypertension,2010-11-21
CND-4408,22ba8738-e496-4d93-af7b-ec14bc4745cb,15777000,Prediabetes,2016-06-27
CND-4409,651cc8fc-5e8a-4b26-96b3-b2ac0e0c9a68,709044004,Chronic kidney disease stage 2/3,2019-11-26
CND-4410,651cc8fc-5e8a-4b26-96b3-b2ac0e0c9a68,15777000,Prediabetes,2014-04-14
CND-4411,abf086c4-f97b-41f0-80dc-949bf773c614,13645005,Chronic obstructive pulmonary disease,2011-10-08
CND-4412,db5fd3d3-c103-4005-a2c0-0b19e4b04578,238131007,Overweight,2017-12-19
CND-4413,d30afaa4-db4d-4b69-9241-4ef8b0275de4,238131007,Overweight,2016-03-25
CND-4414,3606fd93-80cb-4c1c-ac5d-13bc66d925fe,59621000,Essential hypertension,2015-04-06
CND-4415,f95a3347-2837-40f2-95bb-d3b791b8575c,59621000,Essential hypertension,2013-12-10
CND-4416,f95a3347-2837-40f2-95bb-d3b791b8575c,195967001,Asthma,2022-03-28
CND-4417,87ede702-bfce-4a72-8a2a-e6d8302b9137,238131007,Overweight,2020-06-12
CND-4418,8d0d0948-6529-455a-a512-da069fbe3971,15777000,Prediabetes,2018-04-10
CND-4419,b83e5acc-0a66-44d5-8bd4-24937ecfcebc,59621000,Essential hypertension,2022-06-23
CND-4420,0a3562b7-3c90-4bc5-b581-b72edc092294,59621000,Essential hypertension,2021-08-23
CND-4421,0a3562b7-3c90-4bc5-b581-b72edc092294,44054006,Type 2 diabetes mellitus,2020-08-29
CND-4422,0a3562b7-3c90-4bc5-b581-b72edc092294,15777000,Prediabetes,2014-11-02
CND-4423,8996da4a-7bf9-4ae0-9d8b-8f1fa47f257b,59621000,Essential hypertension,2018-12-08
CND-4424,8996da4a-7bf9-4ae0-9d8b-8f1fa47f257b,15777000,Prediabetes,2022-10-27
CND-4425,944ecd3d-6e76-4c12-b39f-6601e5514b26,59621000,Essential hypertension,2021-09-13
CND-4426,944ecd3d-6e76-4c12-b39f-6601e5514b26,709044004,Chronic kidney disease stage 2/3,2011-05-12
CND-4427,944ecd3d-6e76-4c12-b39f-6601e5514b26,238131007,Overweight,2019-04-27
CND-4428,41e2710d-41be-4924-83cb-b8583d45b322,59621000,Essential hypertension,2016-07-25
CND-4429,e9d8c9e5-111e-42ab-943e-3a8ee8d9e4b7,195967001,Asthma,2016-01-01
CND-4430,b15e4b86-a10b-48f6-8f78-59993aaf7532,13645005,Chronic obstructive pulmonary disease,2016-08-21
CND-4431,b15e4b86-a10b-48f6-8f78-59993aaf7532,238131007,Overweight,2011-10-14
CND-4432,9b1fca40-7a34-482c-8574-bbc7d6a148d9,59621000,Essential hypertension,2022-11-12
CND-4433,9b1fca40-7a34-482c-8574-bbc7d6a148d9,195967001,Asthma,2017-11-15
CND-4434,e4d65dcb-1439-431f-987f-fe9c5b69da5d,44054006,Type 2 diabetes mellitus,2016-05-01
CND-4435,e4d65dcb-1439-431f-987f-fe9c5b69da5d,13645005,Chronic obstructive pulmonary disease,2011-03-20
CND-4436,e4d65dcb-1439-431f-987f-fe9c5b69da5d,238131007,Overweight,2018-03-30
CND-4437,6663980b-2dbc-422d-83a8-8403f51310a4,195967001,Asthma,2019-09-03
CND-4438,49fb6d2b-0763-4892-b3a8-cc14a863f0a6,59621000,Essential hypertension,2021-08-23
CND-4439,0b993a4d-d9ad-42bf-a47b-718613b3f738,709044004,Chronic kidney disease stage 2/3,2021-10-18
CND-4440,0b993a4d-d9ad-42bf-a47b-718613b3f738,238131007,Overweight,2012-12-02
CND-4441,a95b2e7a-a9e3-44a8-b5fc-476ffcab1f21,59621000,Essential hypertension,2012-08-02
CND-4442,a95b2e7a-a9e3-44a8-b5fc-476ffcab1f21,44054006,Type 2 diabetes mellitus,2022-08-28
CND-4443,a95b2e7a-a9e3-44a8-b5fc-476ffcab1f21,238131007,Overweight,2013-07-20
CND-4444,7bde43fc-8dce-40ec-b418-8e539e3d2754,238131007,Overweight,2013-09-17
CND-4445,3bef876e-9bd9-4320-af2d-24642d0d70c6,59621000,Essential hypertension,2019-07-17
CND-4446,3bef876e-9bd9-4320-af2d-24642d0d70c6,44054006,Type 2 diabetes mellitus,2013-05-09
CND-4447,8b0d38e0-84f9-427a-82ee-396b8b93be00,59621000,Essential hypertension,2019-10-31
CND-4448,8b0d38e0-84f9-427a-82ee-396b8b93be00,195967001,Asthma,2014-11-29
CND-4449,8b0d38e0-84f9-427a-82ee-396b8b93be00,238131007,Overweight,2016-09-12
CND-4450,7578b583-18eb-4959-a962-9a1309bd2dc1,59621000,Essential hypertension,2013-04-30
CND-4451,7578b583-18eb-4959-a962-9a1309bd2dc1,44054006,Type 2 diabetes mellitus,2017-03-18
CND-4452,7578b583-18eb-4959-a962-9a1309bd2dc1,195967001,Asthma,2016-10-15
CND-4453,ad7def64-6d95-4204-b1c3-b895612b5ba1,59621000,Essential hypertension,2015-03-21
CND-4454,e085b46d-2e11-4724-846b-f3bb86cccf0a,44054006,Type 2 diabetes mellitus,2016-05-09
CND-4455,e085b46d-2e11-4724-846b-f3bb86cccf0a,238131007,Overweight,2015-03-25
CND-4456,f478363e-83f2-42dc-af36-f4e2f8411458,59621000,Essential hypertension,2018-04-21
CND-4457,f478363e-83f2-42dc-af36-f4e2f8411458,44054006,Type 2 diabetes mellitus,2018-07-11
CND-4458,f478363e-83f2-42dc-af36-f4e2f8411458,15777000,Prediabetes,2013-04-20
CND-4459,08b2ed4b-195a-42d2-9da4-8ebfb7303e95,44054006,Type 2 diabetes mellitus,2013-04-09
CND-4460,08b2ed4b-195a-42d2-9da4-8ebfb7303e95,238131007,Overweight,2018-05-17
CND-4461,6956acdb-78df-4339-a0b6-2f25e10ef651,238131007,Overweight,2021-10-21
CND-4462,235665c1-54a1-4a50-95a3-8dc9f02d1ad6,59621000,Essential hypertension,2015-07-26
CND-4463,235665c1-54a1-4a50-95a3-8dc9f02d1ad6,238131007,Overweight,2022-03-13
CND-4464,235665c1-54a1-4a50-95a3-8dc9f02d1ad6,15777000,Prediabetes,2013-11-20
CND-4465,0b0b97ea-7d8c-450f-8fe9-ce9d2782c486,59621000,Essential hypertension,2009-12-19
CND-4466,0b0b97ea-7d8c-450f-8fe9-ce9d2782c486,44054006,Type 2 diabetes mellitus,2016-08-24
CND-4467,5ec1a5c6-1ccf-478c-a971-d3d9ea983669,59621000,Essential hypertension,2021-11-12
CND-4468,5ec1a5c6-1ccf-478c-a971-d3d9ea983669,195967001,Asthma,2018-04-13
CND-4469,93737f03-0774-47bc-a79c-eca2d5ae2d0d,13645005,Chronic obstructive pulmonary disease,2016-08-03
CND-4470,9ca25fbd-2971-4ab6-b3d3-6aa77f4f7dd6,59621000,Essential hypertension,2017-09-24
CND-4471,9ca25fbd-2971-4ab6-b3d3-6aa77f4f7dd6,44054006,Type 2 diabetes mellitus,2019-08-15
CND-4472,9ca25fbd-2971-4ab6-b3d3-6aa77f4f7dd6,195967001,Asthma,2021-06-23
CND-4473,9ca25fbd-2971-4ab6-b3d3-6aa77f4f7dd6,709044004,Chronic kidney disease stage 2/3,2011-03-17
CND-4474,9ca25fbd-2971-4ab6-b3d3-6aa77f4f7dd6,13645005,Chronic obstructive pulmonary disease,2010-11-29
CND-4475,72f104be-f541-4c40-83c6-4f52d786d4b3,59621000,Essential hypertension,2022-10-10
CND-4476,72f104be-f541-4c40-83c6-4f52d786d4b3,238131007,Overweight,2014-05-23
CND-4477,92e65bf0-e5aa-438e-8db5-6d3491c26e18,44054006,Type 2 diabetes mellitus,2018-01-01
CND-4478,2fd2596f-4b13-40d4-aaaa-626927ccbed6,59621000,Essential hypertension,2009-09-25
CND-4479,2fd2596f-4b13-40d4-aaaa-626927ccbed6,195967001,Asthma,2019-06-20
CND-4480,2fd2596f-4b13-40d4-aaaa-626927ccbed6,13645005,Chronic obstructive pulmonary disease,2012-03-11
CND-4481,0ab57b54-c9fe-457b-b9b7-de432c1e6139,44054006,Type 2 diabetes mellitus,2021-08-03
CND-4482,0ab57b54-c9fe-457b-b9b7-de432c1e6139,238131007,Overweight,2017-07-14
CND-4483,0ab57b54-c9fe-457b-b9b7-de432c1e6139,15777000,Prediabetes,2011-08-30
CND-4484,d7b2f027-afc0-47b3-afd9-3ad8190c05da,44054006,Type 2 diabetes mellitus,2010-04-09
CND-4485,d7b2f027-afc0-47b3-afd9-3ad8190c05da,195967001,Asthma,2014-05-03
CND-4486,d7b2f027-afc0-47b3-afd9-3ad8190c05da,13645005,Chronic obstructive pulmonary disease,2015-10-30
CND-4487,ac620294-df81-4f56-98a6-3a91b44bd473,59621000,Essential hypertension,2020-08-17
CND-4488,ac620294-df81-4f56-98a6-3a91b44bd473,195967001,Asthma,2010-10-18
CND-4489,ac620294-df81-4f56-98a6-3a91b44bd473,709044004,Chronic kidney disease stage 2/3,2015-07-25
CND-4490,885680f7-0f08-47b4-b3cd-2be9824f8706,195967001,Asthma,2022-06-14
CND-4491,f3ddae2e-d9d3-4cb0-a699-ce2cf91cb109,59621000,Essential hypertension,2016-08-16
CND-4492,f3ddae2e-d9d3-4cb0-a699-ce2cf91cb109,195967001,Asthma,2011-06-24
CND-4493,f3ddae2e-d9d3-4cb0-a699-ce2cf91cb109,238131007,Overweight,2009-03-15
CND-4494,ad889900-756a-417b-990b-6d6e94fe6896,195967001,Asthma,2014-10-14
CND-4495,ad889900-756a-417b-990b-6d6e94fe6896,13645005,Chronic obstructive pulmonary disease,2015-09-14
CND-4496,ad889900-756a-417b-990b-6d6e94fe6896,15777000,Prediabetes,2010-09-01
CND-4497,c29f5573-2f5c-4ec9-942c-39bf4509feff,238131007,Overweight,2016-04-14
CND-4498,c29f5573-2f5c-4ec9-942c-39bf4509feff,15777000,Prediabetes,2017-04-01
CND-4499,5eadb9e2-fc66-4377-bad2-b5b5b28c7f87,59621000,Essential hypertension,2019-08-09
CND-4500,5eadb9e2-fc66-4377-bad2-b5b5b28c7f87,238131007,Overweight,2019-12-08
CND-4501,b9d148eb-63ac-41ca-8d7f-3904040392d5,709044004,Chronic kidney disease stage 2/3,2022-11-06
CND-4502,5d4d3649-c15e-479d-adf2-6480ea14d172,59621000,Essential hypertension,2017-04-05
CND-4503,b63d4b00-54eb-48ab-a38c-9b1e0bca348c,59621000,Essential hypertension,2013-05-24
CND-4504,b63d4b00-54eb-48ab-a38c-9b1e0bca348c,238131007,Overweight,2020-10-04
CND-4505,b63d4b00-54eb-48ab-a38c-9b1e0bca348c,15777000,Prediabetes,2021-05-10
CND-4506,8b22a4ba-c923-425e-864f-380201113eee,238131007,Overweight,2009-09-11
CND-4507,0b52ab28-0aa3-4a78-af25-78b32a0ce9eb,59621000,Essential hypertension,2020-09-08
CND-4508,0b52ab28-0aa3-4a78-af25-78b32a0ce9eb,15777000,Prediabetes,2019-04-22
CND-4509,2e946168-86b8-47d6-966b-6494001e1146,238131007,Overweight,2017-10-16
CND-4510,3ab7a393-33ff-4029-8965-3dfd5a63409c,44054006,Type 2 diabetes mellitus,2016-10-06
CND-4511,0c521050-3aeb-470b-a3c5-c6eea842bb2d,195967001,Asthma,2015-07-04
CND-4512,212e5766-1a1c-46ba-be8a-07d247d5ff08,44054006,Type 2 diabetes mellitus,2022-04-29
CND-4513,41bcb6b7-1d66-42b6-b975-deea4fcb450b,59621000,Essential hypertension,2014-05-10
CND-4514,41bcb6b7-1d66-42b6-b975-deea4fcb450b,238131007,Overweight,2022-05-26
CND-4515,41bcb6b7-1d66-42b6-b975-deea4fcb450b,15777000,Prediabetes,2020-11-03
CND-4516,e9912782-2c1f-42ed-beeb-1171cd2efe73,44054006,Type 2 diabetes mellitus,2018-12-20
CND-4517,e9912782-2c1f-42ed-beeb-1171cd2efe73,238131007,Overweight,2019-12-02
CND-4518,f47e0bd1-c2e6-492c-b18f-c7e802cff2f1,44054006,Type 2 diabetes mellitus,2018-06-25
CND-4519,f47e0bd1-c2e6-492c-b18f-c7e802cff2f1,195967001,Asthma,2014-09-15
CND-4520,f47e0bd1-c2e6-492c-b18f-c7e802cff2f1,238131007,Overweight,2010-10-28
CND-4521,6fa80f84-5420-4446-b8df-1db0c87e5193,238131007,Overweight,2020-03-20
CND-4522,88c79cf2-0676-4a38-b8a5-270e76965847,15777000,Prediabetes,2015-12-11
CND-4523,279eef1b-8259-419b-a8ba-8852c27c0af0,59621000,Essential hypertension,2016-11-09
CND-4524,279eef1b-8259-419b-a8ba-8852c27c0af0,13645005,Chronic obstructive pulmonary disease,2016-09-03
CND-4525,f4d3b202-db30-4368-bd55-7434ae6068d6,44054006,Type 2 diabetes mellitus,2020-08-14
CND-4526,f4d3b202-db30-4368-bd55-7434ae6068d6,238131007,Overweight,2010-04-23
CND-4527,fc8b8aba-094b-49b9-9da6-27b5c25235f0,195967001,Asthma,2018-08-22
CND-4528,fc8b8aba-094b-49b9-9da6-27b5c25235f0,238131007,Overweight,2014-04-09
CND-4529,c3573aa3-6070-4bc2-a6bb-10f5e3ade600,44054006,Type 2 diabetes mellitus,2015-10-31
CND-4530,c3573aa3-6070-4bc2-a6bb-10f5e3ade600,709044004,Chronic kidney disease stage 2/3,2014-03-21
CND-4531,c3573aa3-6070-4bc2-a6bb-10f5e3ade600,238131007,Overweight,2015-12-24
CND-4532,9ac04271-a180-446c-b382-9cb89b5815a5,44054006,Type 2 diabetes mellitus,2010-05-31
CND-4533,9ac04271-a180-446c-b382-9cb89b5815a5,238131007,Overweight,2012-09-29
CND-4534,eb370567-55e9-4351-b65b-7b62fdd1b912,44054006,Type 2 diabetes mellitus,2016-08-02
CND-4535,eb370567-55e9-4351-b65b-7b62fdd1b912,238131007,Overweight,2015-03-20
CND-4536,9af44ef8-f728-4cbd-8c31-e5146a747b68,59621000,Essential hypertension,2017-08-28
CND-4537,d7ded894-c28f-43c2-a126-d3914e6903f8,59621000,Essential hypertension,2019-05-05
CND-4538,d7ded894-c28f-43c2-a126-d3914e6903f8,195967001,Asthma,2020-12-17
CND-4539,d7ded894-c28f-43c2-a126-d3914e6903f8,238131007,Overweight,2019-03-21
CND-4540,1cb66ec2-0ccb-4c46-80d2-060dccc394d7,195967001,Asthma,2022-04-11
CND-4541,7e74377d-d112-4484-8621-a5bcabe99ae9,59621000,Essential hypertension,2014-12-10
CND-4542,f092a41a-772c-4c4a-91c7-5da3857985e1,59621000,Essential hypertension,2021-08-31
CND-4543,f092a41a-772c-4c4a-91c7-5da3857985e1,13645005,Chronic obstructive pulmonary disease,2021-05-03
CND-4544,0de1a8e8-8ff3-4de2-98a7-b181e8f9b6ee,195967001,Asthma,2022-12-01
CND-4545,0de1a8e8-8ff3-4de2-98a7-b181e8f9b6ee,15777000,Prediabetes,2022-08-27
CND-4546,aa2b44b3-845e-4d27-b23b-42a4f46c4bb4,44054006,Type 2 diabetes mellitus,2018-08-05
CND-4547,77c08812-4144-4e84-8ad5-7e6e33a697f2,59621000,Essential hypertension,2016-06-05
CND-4548,77c08812-4144-4e84-8ad5-7e6e33a697f2,44054006,Type 2 diabetes mellitus,2019-10-18
CND-4549,9f7e9dc2-d8e3-45ac-98fe-2e5ab7350aeb,59621000,Essential hypertension,2011-06-25
CND-4550,8ab7dc1f-50ed-45bd-a4b1-7e3000174eef,44054006,Type 2 diabetes mellitus,2020-09-25
CND-4551,8ab7dc1f-50ed-45bd-a4b1-7e3000174eef,709044004,Chronic kidney disease stage 2/3,2014-09-05
CND-4552,04368b02-e4c0-4e61-9021-6154e080c1fc,59621000,Essential hypertension,2015-04-22
CND-4553,04368b02-e4c0-4e61-9021-6154e080c1fc,15777000,Prediabetes,2021-03-08
CND-4554,b2e51778-82a2-4b0c-b251-700aa2ce8f4a,238131007,Overweight,2010-10-01
CND-4555,b2e51778-82a2-4b0c-b251-700aa2ce8f4a,15777000,Prediabetes,2013-07-22
CND-4556,86df1dab-44d3-4318-a416-241c6397df56,59621000,Essential hypertension,2019-05-17
CND-4557,86df1dab-44d3-4318-a416-241c6397df56,15777000,Prediabetes,2018-10-14
CND-4558,d9742ae4-850d-48b6-863b-57013edb9991,238131007,Overweight,2016-04-29
CND-4559,de016452-a7f8-405b-b895-7b4f29a2079d,59621000,Essential hypertension,2013-12-30
CND-4560,de016452-a7f8-405b-b895-7b4f29a2079d,15777000,Prediabetes,2013-08-27
CND-4561,c26a28c1-f503-4098-b131-77b42694cb17,59621000,Essential hypertension,2014-12-04
CND-4562,c26a28c1-f503-4098-b131-77b42694cb17,44054006,Type 2 diabetes mellitus,2019-08-16
CND-4563,c26a28c1-f503-4098-b131-77b42694cb17,709044004,Chronic kidney disease stage 2/3,2019-09-21
CND-4564,c26a28c1-f503-4098-b131-77b42694cb17,13645005,Chronic obstructive pulmonary disease,2009-07-10
CND-4565,8f78c37f-67b6-449c-96fe-5f1da8b3bb8d,59621000,Essential hypertension,2014-05-23
CND-4566,6c0570fb-66b6-47d3-afd7-ed829c45e70c,195967001,Asthma,2014-07-12
CND-4567,6c0570fb-66b6-47d3-afd7-ed829c45e70c,238131007,Overweight,2013-10-26
CND-4568,ab2d91c4-4309-491a-a349-9362649d4166,59621000,Essential hypertension,2010-08-29
CND-4569,ab2d91c4-4309-491a-a349-9362649d4166,44054006,Type 2 diabetes mellitus,2012-12-08
CND-4570,ab2d91c4-4309-491a-a349-9362649d4166,195967001,Asthma,2022-10-02
CND-4571,ab2d91c4-4309-491a-a349-9362649d4166,709044004,Chronic kidney disease stage 2/3,2019-05-27
CND-4572,ab2d91c4-4309-491a-a349-9362649d4166,238131007,Overweight,2010-05-14
CND-4573,91e0ebec-85d0-4bd0-9f93-8fdf0c8180b3,59621000,Essential hypertension,2021-08-17
CND-4574,91e0ebec-85d0-4bd0-9f93-8fdf0c8180b3,13645005,Chronic obstructive pulmonary disease,2016-06-08
CND-4575,91e0ebec-85d0-4bd0-9f93-8fdf0c8180b3,238131007,Overweight,2013-04-21
CND-4576,91e0ebec-85d0-4bd0-9f93-8fdf0c8180b3,15777000,Prediabetes,2015-10-25
CND-4577,54925aed-8430-4065-87e3-3d021eb66753,59621000,Essential hypertension,2022-03-16
CND-4578,8c7c4066-eae1-43da-8df0-0871ed0ea45b,59621000,Essential hypertension,2019-04-21
CND-4579,8c7c4066-eae1-43da-8df0-0871ed0ea45b,238131007,Overweight,2009-06-04
CND-4580,8c7c4066-eae1-43da-8df0-0871ed0ea45b,15777000,Prediabetes,2013-07-08
CND-4581,f5d38f03-6f4c-4737-a783-09ea50640a5e,238131007,Overweight,2015-05-15
CND-4582,e7b8bb96-d8ad-49d7-af0b-965638def3e3,709044004,Chronic kidney disease stage 2/3,2021-08-06
CND-4583,e7b8bb96-d8ad-49d7-af0b-965638def3e3,13645005,Chronic obstructive pulmonary disease,2015-07-18
CND-4584,e7b8bb96-d8ad-49d7-af0b-965638def3e3,15777000,Prediabetes,2014-10-19
CND-4585,314e8199-3937-492a-99f6-597caee0a8bf,59621000,Essential hypertension,2019-04-27
CND-4586,16afbef1-d30e-4961-a622-c3c46813bfa4,59621000,Essential hypertension,2019-05-15
CND-4587,ef9a2fdb-b59e-4f93-95dd-411eca6496fa,195967001,Asthma,2019-04-03
CND-4588,ef9a2fdb-b59e-4f93-95dd-411eca6496fa,15777000,Prediabetes,2019-08-04
CND-4589,6ea405be-0637-402e-8dc5-36d8502d3bc1,59621000,Essential hypertension,2015-08-03
CND-4590,56b6ef2c-bb20-448b-b1b5-517af1e54f73,238131007,Overweight,2019-07-18
CND-4591,4658d87a-cf15-4f76-a3f0-d020bd7a109d,44054006,Type 2 diabetes mellitus,2015-11-09
CND-4592,4658d87a-cf15-4f76-a3f0-d020bd7a109d,15777000,Prediabetes,2022-12-09
CND-4593,e715609a-4a2a-49f5-bcce-c95639876047,59621000,Essential hypertension,2019-05-10
CND-4594,e715609a-4a2a-49f5-bcce-c95639876047,709044004,Chronic kidney disease stage 2/3,2022-03-10
CND-4595,b907c471-4b6e-4fa3-85f7-42be28b2c6ee,59621000,Essential hypertension,2013-09-06
CND-4596,b907c471-4b6e-4fa3-85f7-42be28b2c6ee,44054006,Type 2 diabetes mellitus,2015-07-27
CND-4597,b907c471-4b6e-4fa3-85f7-42be28b2c6ee,15777000,Prediabetes,2014-08-22
CND-4598,8f3bbe64-286a-4fdd-aa49-d9be29fac293,59621000,Essential hypertension,2015-09-02
CND-4599,8f3bbe64-286a-4fdd-aa49-d9be29fac293,44054006,Type 2 diabetes mellitus,2016-08-31
CND-4600,8f3bbe64-286a-4fdd-aa49-d9be29fac293,709044004,Chronic kidney disease stage 2/3,2021-06-01
CND-4601,8f3bbe64-286a-4fdd-aa49-d9be29fac293,238131007,Overweight,2014-06-12
CND-4602,10031ee3-8c99-44f6-9b53-5bdf48f10afb,59621000,Essential hypertension,2019-12-21
CND-4603,10031ee3-8c99-44f6-9b53-5bdf48f10afb,44054006,Type 2 diabetes mellitus,2014-04-25
CND-4604,10031ee3-8c99-44f6-9b53-5bdf48f10afb,238131007,Overweight,2017-10-05
CND-4605,10031ee3-8c99-44f6-9b53-5bdf48f10afb,15777000,Prediabetes,2015-05-29
CND-4606,b80f5728-61a0-4f07-88b0-2acfde0db777,59621000,Essential hypertension,2021-12-23
CND-4607,df8d247a-80cd-4b0c-b87b-0753ccdcdcfe,195967001,Asthma,2015-09-27
CND-4608,543797cf-bce8-4655-9c0a-4ba61954c07e,59621000,Essential hypertension,2021-04-08
CND-4609,543797cf-bce8-4655-9c0a-4ba61954c07e,13645005,Chronic obstructive pulmonary disease,2017-08-12
CND-4610,543797cf-bce8-4655-9c0a-4ba61954c07e,238131007,Overweight,2010-12-31
CND-4611,e68e9816-fec7-4c4a-8dcd-b79d9dd6af4a,195967001,Asthma,2014-05-31
CND-4612,efb1fc27-af8d-47c0-b829-d65bc26b6d0c,44054006,Type 2 diabetes mellitus,2019-10-28
CND-4613,efb1fc27-af8d-47c0-b829-d65bc26b6d0c,195967001,Asthma,2019-07-02
CND-4614,13175803-2899-40fd-9775-c3590f120689,44054006,Type 2 diabetes mellitus,2011-07-09
CND-4615,13175803-2899-40fd-9775-c3590f120689,238131007,Overweight,2009-04-25
CND-4616,bd80834c-7bfc-471d-a8fc-2564b6de7608,59621000,Essential hypertension,2022-12-16
CND-4617,bd80834c-7bfc-471d-a8fc-2564b6de7608,238131007,Overweight,2019-09-11
CND-4618,cc7fbc0a-a098-47cd-b1fa-77a2c6f13727,59621000,Essential hypertension,2013-07-18
CND-4619,cc7fbc0a-a098-47cd-b1fa-77a2c6f13727,44054006,Type 2 diabetes mellitus,2022-08-31
CND-4620,cc7fbc0a-a098-47cd-b1fa-77a2c6f13727,195967001,Asthma,2009-09-28
CND-4621,95e62e24-d23a-4722-a688-37ee6f273c77,238131007,Overweight,2022-06-23
CND-4622,95e62e24-d23a-4722-a688-37ee6f273c77,15777000,Prediabetes,2020-05-11
CND-4623,072c71ed-209e-4ccc-a9f2-bd25c5e48876,238131007,Overweight,2019-04-11
CND-4624,072c71ed-209e-4ccc-a9f2-bd25c5e48876,15777000,Prediabetes,2019-07-31
CND-4625,e828e9b7-4697-4c91-8951-f7dd06a1eceb,59621000,Essential hypertension,2021-09-20
CND-4626,e828e9b7-4697-4c91-8951-f7dd06a1eceb,238131007,Overweight,2018-03-19
CND-4627,9efcdd6d-97b0-4b61-915a-a32ae770b21c,15777000,Prediabetes,2021-05-25
CND-4628,812201a1-2e7e-4ca2-ac28-7c5a0d734695,44054006,Type 2 diabetes mellitus,2015-05-07
CND-4629,812201a1-2e7e-4ca2-ac28-7c5a0d734695,195967001,Asthma,2020-06-21
CND-4630,812201a1-2e7e-4ca2-ac28-7c5a0d734695,238131007,Overweight,2010-10-08
CND-4631,6357fa40-ec0f-40b9-83c6-efc3aacb3734,13645005,Chronic obstructive pulmonary disease,2015-03-26
CND-4632,e01df596-6e9e-4f18-8a56-1d93387ec372,59621000,Essential hypertension,2022-11-06
CND-4633,d826a46f-6536-4913-aba5-5d7f21663f15,195967001,Asthma,2016-12-10
CND-4634,d826a46f-6536-4913-aba5-5d7f21663f15,709044004,Chronic kidney disease stage 2/3,2015-06-16
CND-4635,d826a46f-6536-4913-aba5-5d7f21663f15,238131007,Overweight,2018-07-01
CND-4636,07deac9a-4c6d-465d-a11f-b7a6a30b6f07,59621000,Essential hypertension,2013-12-20
CND-4637,07deac9a-4c6d-465d-a11f-b7a6a30b6f07,195967001,Asthma,2020-10-26
CND-4638,07deac9a-4c6d-465d-a11f-b7a6a30b6f07,15777000,Prediabetes,2009-09-23
CND-4639,75842d3f-6e4c-4bd2-aa56-3f6bb3e5bff6,59621000,Essential hypertension,2010-11-02
CND-4640,75842d3f-6e4c-4bd2-aa56-3f6bb3e5bff6,238131007,Overweight,2016-08-24
CND-4641,c8e6666c-31ec-425a-b7be-89bfd9d4b81b,59621000,Essential hypertension,2017-08-30
CND-4642,c8e6666c-31ec-425a-b7be-89bfd9d4b81b,238131007,Overweight,2018-07-23
CND-4643,fbbcc632-55ea-4cdb-a9cf-a57259623b37,59621000,Essential hypertension,2011-04-09
CND-4644,fbbcc632-55ea-4cdb-a9cf-a57259623b37,238131007,Overweight,2013-04-14
CND-4645,332cbf47-91bf-47a4-a58e-1ee982df5eae,13645005,Chronic obstructive pulmonary disease,2010-11-13
CND-4646,b4a4ecd9-5f94-4012-b40c-b8d474e0181f,59621000,Essential hypertension,2016-12-09
CND-4647,8f1e71eb-2ae1-4116-8bbe-f5c1ce952456,195967001,Asthma,2010-05-22
CND-4648,4460143a-6026-4b8d-a1a1-51c50bdbac3d,59621000,Essential hypertension,2015-08-24
CND-4649,4460143a-6026-4b8d-a1a1-51c50bdbac3d,15777000,Prediabetes,2018-08-16
CND-4650,2fc0b5b0-d4b8-4afe-9703-578e31222df0,59621000,Essential hypertension,2013-11-18
CND-4651,db0a8ae4-5fe6-4972-a1a0-3eb36b87fd9d,59621000,Essential hypertension,2018-05-16
CND-4652,db0a8ae4-5fe6-4972-a1a0-3eb36b87fd9d,195967001,Asthma,2013-10-18
CND-4653,db0a8ae4-5fe6-4972-a1a0-3eb36b87fd9d,238131007,Overweight,2019-03-29
CND-4654,1c56e37d-fb77-49ce-a023-7f083261e365,15777000,Prediabetes,2015-12-24
CND-4655,e756ba36-8ad4-48a8-ab39-3bb6a968f5b1,59621000,Essential hypertension,2009-08-05
CND-4656,e756ba36-8ad4-48a8-ab39-3bb6a968f5b1,238131007,Overweight,2019-12-15
CND-4657,e9569239-9c79-4343-9479-4f140bf16416,59621000,Essential hypertension,2014-09-25
CND-4658,e219f717-84f8-4918-ba28-49eed1aa0a07,709044004,Chronic kidney disease stage 2/3,2012-07-15
CND-4659,748b83ab-d373-4176-9110-d3480b05f21b,44054006,Type 2 diabetes mellitus,2021-12-13
CND-4660,748b83ab-d373-4176-9110-d3480b05f21b,709044004,Chronic kidney disease stage 2/3,2019-05-01
CND-4661,748b83ab-d373-4176-9110-d3480b05f21b,238131007,Overweight,2014-03-21
CND-4662,748b83ab-d373-4176-9110-d3480b05f21b,15777000,Prediabetes,2016-10-16
CND-4663,a0214276-e465-471e-b7f7-46717d53dd96,59621000,Essential hypertension,2018-11-05
CND-4664,a0214276-e465-471e-b7f7-46717d53dd96,44054006,Type 2 diabetes mellitus,2020-12-01
CND-4665,a0214276-e465-471e-b7f7-46717d53dd96,195967001,Asthma,2012-09-26
CND-4666,a0214276-e465-471e-b7f7-46717d53dd96,238131007,Overweight,2020-09-05
CND-4667,c8ee50b9-86b1-45d1-bdf3-45e209a51cb7,59621000,Essential hypertension,2013-03-29
CND-4668,c8ee50b9-86b1-45d1-bdf3-45e209a51cb7,709044004,Chronic kidney disease stage 2/3,2021-12-01
CND-4669,f17b9e56-28e7-47ae-85f5-9e25dbc65fe9,238131007,Overweight,2013-09-10
CND-4670,f17b9e56-28e7-47ae-85f5-9e25dbc65fe9,15777000,Prediabetes,2010-08-29
CND-4671,13e27c8a-7d66-4b60-9cc7-5a71c26f4dde,59621000,Essential hypertension,2016-10-17
CND-4672,13e27c8a-7d66-4b60-9cc7-5a71c26f4dde,44054006,Type 2 diabetes mellitus,2019-04-20
CND-4673,13e27c8a-7d66-4b60-9cc7-5a71c26f4dde,195967001,Asthma,2016-04-30
CND-4674,13e27c8a-7d66-4b60-9cc7-5a71c26f4dde,238131007,Overweight,2018-06-03
CND-4675,f734a6d6-01e9-4e9d-87aa-5c9052369322,238131007,Overweight,2016-09-18
CND-4676,d00cab9d-e901-4da2-8b2f-af8b7ced9356,195967001,Asthma,2022-07-04
CND-4677,d00cab9d-e901-4da2-8b2f-af8b7ced9356,238131007,Overweight,2020-07-20
CND-4678,d9278022-fb41-482f-9cbd-913e997cdbd5,59621000,Essential hypertension,2018-11-19
CND-4679,d9278022-fb41-482f-9cbd-913e997cdbd5,709044004,Chronic kidney disease stage 2/3,2022-11-20
CND-4680,abd31ee2-eaa1-4355-9890-4e106de463ff,15777000,Prediabetes,2022-06-04
CND-4681,16055e1c-1c3f-415b-8ed0-3c3daa1446ae,195967001,Asthma,2013-03-28
CND-4682,16055e1c-1c3f-415b-8ed0-3c3daa1446ae,238131007,Overweight,2012-05-06
CND-4683,d43278fe-04e1-4bc2-98c4-598bf281f1c8,13645005,Chronic obstructive pulmonary disease,2015-04-29
CND-4684,d43278fe-04e1-4bc2-98c4-598bf281f1c8,238131007,Overweight,2014-08-21
CND-4685,3c4f4a8d-01a2-4b5a-999f-1fbb0707e916,59621000,Essential hypertension,2013-03-31
CND-4686,3c4f4a8d-01a2-4b5a-999f-1fbb0707e916,44054006,Type 2 diabetes mellitus,2016-10-30
CND-4687,e82e4cc5-15ad-489b-846c-09ff0bc85b6f,44054006,Type 2 diabetes mellitus,2014-07-07
CND-4688,9d190453-f4de-422f-9261-3469beead9ef,195967001,Asthma,2021-05-27
CND-4689,9d190453-f4de-422f-9261-3469beead9ef,709044004,Chronic kidney disease stage 2/3,2009-04-18
CND-4690,9d190453-f4de-422f-9261-3469beead9ef,13645005,Chronic obstructive pulmonary disease,2022-03-30
CND-4691,9d190453-f4de-422f-9261-3469beead9ef,238131007,Overweight,2016-09-30
CND-4692,0a5c762e-56e7-45fb-ac2c-afbcf6d2a6cf,238131007,Overweight,2022-09-13
CND-4693,0a5c762e-56e7-45fb-ac2c-afbcf6d2a6cf,15777000,Prediabetes,2016-10-19
CND-4694,571b3c35-db73-412a-a7fd-064bfd149892,44054006,Type 2 diabetes mellitus,2018-04-26
CND-4695,bdb1f6c9-df17-4fc6-8d8f-96fcdc268219,59621000,Essential hypertension,2017-12-27
CND-4696,bdb1f6c9-df17-4fc6-8d8f-96fcdc268219,15777000,Prediabetes,2018-08-26
CND-4697,d1c78939-e6d3-4d98-8c9f-eac73e9caa84,59621000,Essential hypertension,2017-09-17
CND-4698,d1c78939-e6d3-4d98-8c9f-eac73e9caa84,238131007,Overweight,2018-05-09
CND-4699,93a8c70d-30e5-4264-aa3e-6e2ece641286,59621000,Essential hypertension,2012-03-22
CND-4700,93a8c70d-30e5-4264-aa3e-6e2ece641286,44054006,Type 2 diabetes mellitus,2011-04-22
CND-4701,93a8c70d-30e5-4264-aa3e-6e2ece641286,15777000,Prediabetes,2020-07-13
CND-4702,62aab322-e810-46a5-bb91-9d2df3edace0,59621000,Essential hypertension,2020-04-19
CND-4703,62aab322-e810-46a5-bb91-9d2df3edace0,238131007,Overweight,2014-09-05
CND-4704,94a5056f-fd39-45a2-86ab-9cf01640dad4,59621000,Essential hypertension,2013-06-25
CND-4705,94a5056f-fd39-45a2-86ab-9cf01640dad4,44054006,Type 2 diabetes mellitus,2011-12-18
CND-4706,94a5056f-fd39-45a2-86ab-9cf01640dad4,195967001,Asthma,2009-12-24
CND-4707,e7ebd73f-b423-4906-aee3-3b769390de56,59621000,Essential hypertension,2020-10-14
CND-4708,d1ffdc95-4fdf-44af-be3c-0f590bc45048,238131007,Overweight,2010-04-20
CND-4709,beb0b481-6107-4aa7-8ebd-d4c0a404c6f9,59621000,Essential hypertension,2012-08-04
CND-4710,6978aa97-5d50-411d-b42c-4218ef0b44be,59621000,Essential hypertension,2020-11-27
CND-4711,6978aa97-5d50-411d-b42c-4218ef0b44be,44054006,Type 2 diabetes mellitus,2009-04-09
CND-4712,6978aa97-5d50-411d-b42c-4218ef0b44be,238131007,Overweight,2013-09-29
CND-4713,b133a3a5-e542-4a9c-95d9-ede6206ae3e5,238131007,Overweight,2020-11-23
CND-4714,56d0255c-5679-4138-bf74-23b544f24bdc,238131007,Overweight,2014-12-10
CND-4715,e4812239-f5b0-4691-92c2-caa1a0626180,15777000,Prediabetes,2016-06-27
CND-4716,105f39a4-58a6-464c-aafa-add516a230b3,15777000,Prediabetes,2016-06-30
CND-4717,47c813df-a9c2-47c7-b253-a0fd9972f2a1,709044004,Chronic kidney disease stage 2/3,2021-03-23
CND-4718,47c813df-a9c2-47c7-b253-a0fd9972f2a1,238131007,Overweight,2017-08-18
CND-4719,8b0f2de3-29b3-43d5-a117-4f5d3dd239cb,709044004,Chronic kidney disease stage 2/3,2021-12-18
CND-4720,8b0f2de3-29b3-43d5-a117-4f5d3dd239cb,238131007,Overweight,2015-10-02
CND-4721,48b02e7e-6029-4173-ad21-0df4e195d8bb,44054006,Type 2 diabetes mellitus,2017-11-17
CND-4722,48b02e7e-6029-4173-ad21-0df4e195d8bb,195967001,Asthma,2017-04-18
CND-4723,48b02e7e-6029-4173-ad21-0df4e195d8bb,709044004,Chronic kidney disease stage 2/3,2022-07-04
CND-4724,1093e800-de1f-48db-aa3b-19de6905ccea,195967001,Asthma,2018-03-13
CND-4725,d2ee4c9a-b09c-418a-ba30-6f6b8c78f93d,238131007,Overweight,2022-03-18
CND-4726,02eebe45-02c7-4dd3-a21b-6d4762779d04,59621000,Essential hypertension,2017-08-09
CND-4727,02eebe45-02c7-4dd3-a21b-6d4762779d04,195967001,Asthma,2018-06-22
CND-4728,02eebe45-02c7-4dd3-a21b-6d4762779d04,238131007,Overweight,2019-09-09
CND-4729,02eebe45-02c7-4dd3-a21b-6d4762779d04,15777000,Prediabetes,2015-11-02
CND-4730,ac1e6644-ccbd-46b3-84a1-0884db5c1826,709044004,Chronic kidney disease stage 2/3,2010-11-09
CND-4731,3ed3369f-5aa8-43cf-8b07-478e11bd6087,59621000,Essential hypertension,2010-01-03
CND-4732,3ed3369f-5aa8-43cf-8b07-478e11bd6087,195967001,Asthma,2013-10-29
CND-4733,3ed3369f-5aa8-43cf-8b07-478e11bd6087,15777000,Prediabetes,2012-10-30
CND-4734,8d72721e-e07d-416f-9623-44dbe0b90c0e,59621000,Essential hypertension,2021-04-16
CND-4735,8d72721e-e07d-416f-9623-44dbe0b90c0e,709044004,Chronic kidney disease stage 2/3,2009-07-18
CND-4736,8d72721e-e07d-416f-9623-44dbe0b90c0e,13645005,Chronic obstructive pulmonary disease,2010-07-13
CND-4737,8d72721e-e07d-416f-9623-44dbe0b90c0e,238131007,Overweight,2019-09-20
CND-4738,681b76c9-e37a-439f-8ff2-e4b81178e9ba,59621000,Essential hypertension,2015-04-17
CND-4739,681b76c9-e37a-439f-8ff2-e4b81178e9ba,195967001,Asthma,2015-05-13
CND-4740,681b76c9-e37a-439f-8ff2-e4b81178e9ba,238131007,Overweight,2012-12-16
CND-4741,a98ca8be-f6f4-42cb-b6cf-b031fe2778b6,13645005,Chronic obstructive pulmonary disease,2022-11-22
CND-4742,a98ca8be-f6f4-42cb-b6cf-b031fe2778b6,238131007,Overweight,2016-10-18
CND-4743,93070669-00b1-444d-80d0-affa9955cdcd,44054006,Type 2 diabetes mellitus,2022-08-13
CND-4744,93070669-00b1-444d-80d0-affa9955cdcd,709044004,Chronic kidney disease stage 2/3,2016-08-10
CND-4745,93070669-00b1-444d-80d0-affa9955cdcd,238131007,Overweight,2013-08-28
CND-4746,93070669-00b1-444d-80d0-affa9955cdcd,15777000,Prediabetes,2017-09-03
CND-4747,79331f97-c35b-4f5c-b025-896a32942c6b,44054006,Type 2 diabetes mellitus,2017-04-02
CND-4748,1c06efe0-5a8b-4918-a8ac-fafcdf8d086b,59621000,Essential hypertension,2013-09-15
CND-4749,a32c4fd9-9ab6-436a-be42-89953d94cc37,195967001,Asthma,2017-11-11
CND-4750,c29f9c02-5a00-4936-862b-37bcf4febc27,59621000,Essential hypertension,2010-05-07
CND-4751,c40c63a5-9b5b-43ae-9676-b492c25b88d7,195967001,Asthma,2022-11-27
CND-4752,16e9b7c9-90cb-4f30-bf55-eed0947b23aa,59621000,Essential hypertension,2019-11-15
CND-4753,700f87c4-3ee2-48ce-af20-a4b91412d709,59621000,Essential hypertension,2015-07-05
CND-4754,700f87c4-3ee2-48ce-af20-a4b91412d709,44054006,Type 2 diabetes mellitus,2009-06-15
CND-4755,700f87c4-3ee2-48ce-af20-a4b91412d709,709044004,Chronic kidney disease stage 2/3,2021-03-30
CND-4756,700f87c4-3ee2-48ce-af20-a4b91412d709,238131007,Overweight,2018-04-01
CND-4757,700f87c4-3ee2-48ce-af20-a4b91412d709,15777000,Prediabetes,2022-05-19
CND-4758,8d9aa686-c30e-4662-b333-c2faa2ba40a4,59621000,Essential hypertension,2017-08-22
CND-4759,0d5ed6ac-4820-4a7f-a167-ed8b241dd06d,59621000,Essential hypertension,2019-04-26
CND-4760,0d5ed6ac-4820-4a7f-a167-ed8b241dd06d,44054006,Type 2 diabetes mellitus,2014-05-15
CND-4761,0d5ed6ac-4820-4a7f-a167-ed8b241dd06d,709044004,Chronic kidney disease stage 2/3,2019-12-17
CND-4762,2ddfc203-0005-4b90-ba25-cff38e9b9508,59621000,Essential hypertension,2018-12-24
CND-4763,2ddfc203-0005-4b90-ba25-cff38e9b9508,238131007,Overweight,2018-11-03
CND-4764,d1c7e446-0891-439d-a029-d99f837519b6,59621000,Essential hypertension,2020-03-31
CND-4765,0d6ba0eb-8ec5-4168-89c6-018b2380db91,59621000,Essential hypertension,2018-08-18
CND-4766,0d6ba0eb-8ec5-4168-89c6-018b2380db91,44054006,Type 2 diabetes mellitus,2014-09-28
CND-4767,0d6ba0eb-8ec5-4168-89c6-018b2380db91,195967001,Asthma,2014-05-31
CND-4768,0d6ba0eb-8ec5-4168-89c6-018b2380db91,238131007,Overweight,2019-10-22
CND-4769,9227aa49-2047-4ae9-857c-e9950e747d42,44054006,Type 2 diabetes mellitus,2015-03-21
CND-4770,86881ca7-85ff-47b6-9e31-16e1d3376f1b,195967001,Asthma,2022-10-10
CND-4771,86881ca7-85ff-47b6-9e31-16e1d3376f1b,13645005,Chronic obstructive pulmonary disease,2022-05-13
CND-4772,9a24b7cf-acbd-4fc8-a10c-9fc230f1ea9f,195967001,Asthma,2014-06-01
CND-4773,1412eb5f-8993-4207-9baf-92db28323c19,15777000,Prediabetes,2017-12-20
CND-4774,33926b96-b867-41e4-a989-1bc7e2adfb0e,44054006,Type 2 diabetes mellitus,2021-08-28
CND-4775,5a9b685b-ef65-451d-a68f-c4809a0cb2eb,59621000,Essential hypertension,2022-07-17
CND-4776,8913b7c2-993f-4858-895c-43c97747558d,59621000,Essential hypertension,2019-03-17
CND-4777,8913b7c2-993f-4858-895c-43c97747558d,238131007,Overweight,2017-07-28
CND-4778,588e29ca-99f2-401f-a86c-d8a97d596c91,59621000,Essential hypertension,2016-03-24
CND-4779,588e29ca-99f2-401f-a86c-d8a97d596c91,238131007,Overweight,2013-09-30
CND-4780,588e29ca-99f2-401f-a86c-d8a97d596c91,15777000,Prediabetes,2018-11-21
CND-4781,ce1b2619-6f15-42e7-b969-fbe74f3d19b6,59621000,Essential hypertension,2014-07-10
CND-4782,ce1b2619-6f15-42e7-b969-fbe74f3d19b6,44054006,Type 2 diabetes mellitus,2011-04-22
CND-4783,4c2792cd-4005-4471-9891-26ad723feaf3,59621000,Essential hypertension,2018-05-08
CND-4784,4c2792cd-4005-4471-9891-26ad723feaf3,44054006,Type 2 diabetes mellitus,2017-06-01
CND-4785,4c2792cd-4005-4471-9891-26ad723feaf3,15777000,Prediabetes,2014-06-06
CND-4786,6521b51d-bd17-4922-a052-ac5e1b1d596f,195967001,Asthma,2011-04-25
CND-4787,6521b51d-bd17-4922-a052-ac5e1b1d596f,709044004,Chronic kidney disease stage 2/3,2015-06-19
CND-4788,eecc3196-ef61-4b6a-8f16-661ccee0b53a,59621000,Essential hypertension,2017-05-21
CND-4789,eecc3196-ef61-4b6a-8f16-661ccee0b53a,44054006,Type 2 diabetes mellitus,2009-05-15
CND-4790,eecc3196-ef61-4b6a-8f16-661ccee0b53a,709044004,Chronic kidney disease stage 2/3,2017-09-06
CND-4791,eecc3196-ef61-4b6a-8f16-661ccee0b53a,13645005,Chronic obstructive pulmonary disease,2018-05-04
CND-4792,889a3a19-3eb0-4260-a63c-131d80dde584,195967001,Asthma,2022-07-25
CND-4793,473ccf8f-682b-4666-96d8-fe94afb08ba3,59621000,Essential hypertension,2021-10-21
CND-4794,473ccf8f-682b-4666-96d8-fe94afb08ba3,195967001,Asthma,2016-07-10
CND-4795,473ccf8f-682b-4666-96d8-fe94afb08ba3,15777000,Prediabetes,2015-12-16
CND-4796,2d616ccf-6300-4b2b-82a7-9551af33399b,44054006,Type 2 diabetes mellitus,2016-10-28
CND-4797,c687105e-217b-45a3-baea-e6375b6ecfe4,44054006,Type 2 diabetes mellitus,2014-04-14
CND-4798,c687105e-217b-45a3-baea-e6375b6ecfe4,238131007,Overweight,2010-06-28
CND-4799,0ffbe2d8-30bb-41d8-a164-b255b59f7047,59621000,Essential hypertension,2020-10-23
CND-4800,0ffbe2d8-30bb-41d8-a164-b255b59f7047,195967001,Asthma,2017-07-16
CND-4801,0ffbe2d8-30bb-41d8-a164-b255b59f7047,13645005,Chronic obstructive pulmonary disease,2010-03-20
CND-4802,d9bd212f-6729-46f4-8ed1-d90ddf835b90,59621000,Essential hypertension,2009-06-24
CND-4803,d9bd212f-6729-46f4-8ed1-d90ddf835b90,44054006,Type 2 diabetes mellitus,2010-06-16
CND-4804,bb93bdfb-4a1e-47fd-8bf3-d71eb1ec7260,59621000,Essential hypertension,2017-08-23
CND-4805,bb93bdfb-4a1e-47fd-8bf3-d71eb1ec7260,238131007,Overweight,2020-10-08
CND-4806,b531d522-2322-4052-a8c3-218bc088482c,59621000,Essential hypertension,2013-08-22
CND-4807,b531d522-2322-4052-a8c3-218bc088482c,238131007,Overweight,2016-05-31
CND-4808,a881c157-2c44-4ce7-9b19-6fcfae8a09ae,59621000,Essential hypertension,2019-05-17
CND-4809,cea86bc7-e599-4bf1-a889-a16fbfbcbcf7,59621000,Essential hypertension,2020-10-17
CND-4810,cea86bc7-e599-4bf1-a889-a16fbfbcbcf7,44054006,Type 2 diabetes mellitus,2017-07-25
CND-4811,03a1fa7a-ad74-49c0-a77e-c4dbc2cee2c9,59621000,Essential hypertension,2012-08-02
CND-4812,03a1fa7a-ad74-49c0-a77e-c4dbc2cee2c9,44054006,Type 2 diabetes mellitus,2017-04-18
CND-4813,03a1fa7a-ad74-49c0-a77e-c4dbc2cee2c9,709044004,Chronic kidney disease stage 2/3,2017-08-16
CND-4814,03a1fa7a-ad74-49c0-a77e-c4dbc2cee2c9,13645005,Chronic obstructive pulmonary disease,2019-06-23
CND-4815,03a1fa7a-ad74-49c0-a77e-c4dbc2cee2c9,15777000,Prediabetes,2021-05-05
CND-4816,8534bc05-afe4-49e1-b433-b34d43afa699,59621000,Essential hypertension,2013-12-30
CND-4817,8534bc05-afe4-49e1-b433-b34d43afa699,44054006,Type 2 diabetes mellitus,2020-09-21
CND-4818,8534bc05-afe4-49e1-b433-b34d43afa699,238131007,Overweight,2019-07-07
CND-4819,0ee9c560-6bc8-46a0-ba23-98114b6c7189,59621000,Essential hypertension,2014-04-20
CND-4820,0ee9c560-6bc8-46a0-ba23-98114b6c7189,238131007,Overweight,2014-08-05
CND-4821,584abc87-e0af-440c-9f02-84b74959026d,15777000,Prediabetes,2021-04-21
CND-4822,20b3e44b-e19f-46c7-ba11-644ac23d53da,195967001,Asthma,2010-11-02
CND-4823,20b3e44b-e19f-46c7-ba11-644ac23d53da,13645005,Chronic obstructive pulmonary disease,2022-12-26
CND-4824,e0824ae4-a34b-4573-8b17-480e21b4f2b9,238131007,Overweight,2018-04-09
CND-4825,11648313-6e89-46b6-a63b-b5ffaab568ac,238131007,Overweight,2022-10-27
CND-4826,fcbfdc19-28b7-4756-8fea-041aa5f0d6a1,59621000,Essential hypertension,2012-07-02
CND-4827,fcbfdc19-28b7-4756-8fea-041aa5f0d6a1,44054006,Type 2 diabetes mellitus,2020-05-02
CND-4828,fcbfdc19-28b7-4756-8fea-041aa5f0d6a1,195967001,Asthma,2011-09-20
CND-4829,84b68382-e478-43b0-ad64-167b71ca19a3,195967001,Asthma,2022-09-26
CND-4830,746ce21f-e808-4490-ba41-61ee824979b6,59621000,Essential hypertension,2015-01-02
CND-4831,72a1df93-0395-452e-9cd0-4eea19a6c6bb,59621000,Essential hypertension,2020-04-25
CND-4832,72a1df93-0395-452e-9cd0-4eea19a6c6bb,44054006,Type 2 diabetes mellitus,2012-11-15
CND-4833,72a1df93-0395-452e-9cd0-4eea19a6c6bb,195967001,Asthma,2014-05-23
CND-4834,aea9d1da-4b8c-46dc-9861-205d304e30a3,44054006,Type 2 diabetes mellitus,2016-10-24
CND-4835,aea9d1da-4b8c-46dc-9861-205d304e30a3,238131007,Overweight,2013-06-04
CND-4836,4270403d-72fe-4f31-b99b-dd454edf6eb7,238131007,Overweight,2020-06-23
CND-4837,f8fae697-ff7e-4649-9284-68c076be7313,59621000,Essential hypertension,2019-03-19
CND-4838,668f48d3-b8c9-4396-a893-2c1646742ada,44054006,Type 2 diabetes mellitus,2018-08-02
CND-4839,668f48d3-b8c9-4396-a893-2c1646742ada,238131007,Overweight,2020-01-01
CND-4840,668f48d3-b8c9-4396-a893-2c1646742ada,15777000,Prediabetes,2014-05-03
CND-4841,f2762aa4-c271-4357-91aa-ba9921242a50,195967001,Asthma,2022-12-31
CND-4842,21b058ea-2093-41d9-9bc2-475e78b167ff,44054006,Type 2 diabetes mellitus,2011-06-20
CND-4843,cde111c3-2b87-4411-89f6-72c1f746ebd5,709044004,Chronic kidney disease stage 2/3,2020-12-23
CND-4844,4d766188-1866-4c53-b7a8-69bd523576ae,59621000,Essential hypertension,2011-11-22
CND-4845,4d766188-1866-4c53-b7a8-69bd523576ae,238131007,Overweight,2010-11-10
CND-4846,c3f2f6cb-d184-4776-be60-c6c1191105f1,195967001,Asthma,2017-10-15
CND-4847,e81094e4-78c9-4ec3-b9cf-72fbe5ceaff2,59621000,Essential hypertension,2018-04-17
CND-4848,e81094e4-78c9-4ec3-b9cf-72fbe5ceaff2,44054006,Type 2 diabetes mellitus,2015-10-06
CND-4849,e81094e4-78c9-4ec3-b9cf-72fbe5ceaff2,238131007,Overweight,2020-11-02
CND-4850,ab7bbb0d-5ecc-49f4-9465-5a8b8ae33c76,195967001,Asthma,2011-10-23
CND-4851,aff8b2bc-adc5-4ebd-9b23-bd3e186e9ea2,59621000,Essential hypertension,2009-03-14
CND-4852,aff8b2bc-adc5-4ebd-9b23-bd3e186e9ea2,44054006,Type 2 diabetes mellitus,2011-08-14
CND-4853,aff8b2bc-adc5-4ebd-9b23-bd3e186e9ea2,238131007,Overweight,2020-07-02
CND-4854,cc901989-40ba-4280-9e2b-bdb1d020a248,44054006,Type 2 diabetes mellitus,2018-05-16
CND-4855,cc901989-40ba-4280-9e2b-bdb1d020a248,238131007,Overweight,2016-04-24
CND-4856,0fe9ea6d-b5e3-4ab3-bf0c-0f6602394212,709044004,Chronic kidney disease stage 2/3,2011-09-05
CND-4857,0fe9ea6d-b5e3-4ab3-bf0c-0f6602394212,13645005,Chronic obstructive pulmonary disease,2016-03-30
CND-4858,43bf1fb1-9421-439b-a56a-efdb75c4d229,13645005,Chronic obstructive pulmonary disease,2020-11-28
CND-4859,669cbd26-6fb5-4873-833f-113127a8f1a6,59621000,Essential hypertension,2019-12-27
CND-4860,669cbd26-6fb5-4873-833f-113127a8f1a6,238131007,Overweight,2016-05-19
CND-4861,e801d403-c516-4860-b90a-42ee6dd808e7,59621000,Essential hypertension,2020-10-26
CND-4862,e801d403-c516-4860-b90a-42ee6dd808e7,13645005,Chronic obstructive pulmonary disease,2015-10-01
CND-4863,e801d403-c516-4860-b90a-42ee6dd808e7,15777000,Prediabetes,2022-03-28
CND-4864,299dbe6b-a897-4745-bbf4-7cedc87588ce,13645005,Chronic obstructive pulmonary disease,2021-10-21
CND-4865,ada605dd-6083-4bb6-8195-dc83d62dcd6b,238131007,Overweight,2011-06-03
CND-4866,277e2ee3-014f-490c-8ec5-4682ece5fa5e,59621000,Essential hypertension,2009-04-07
CND-4867,277e2ee3-014f-490c-8ec5-4682ece5fa5e,195967001,Asthma,2018-06-27
CND-4868,14eafa6a-9d4c-4f03-81c2-4e9c0140ec44,195967001,Asthma,2013-12-17
CND-4869,14eafa6a-9d4c-4f03-81c2-4e9c0140ec44,238131007,Overweight,2017-06-05
CND-4870,1151d565-78c7-463f-9dff-fdbed909dab6,238131007,Overweight,2015-08-26
CND-4871,a2c2bea5-b56a-48f6-99af-90242aceade6,15777000,Prediabetes,2020-12-01
CND-4872,73457c64-d786-41f3-b17e-4bfe3dacbc79,59621000,Essential hypertension,2012-06-17
CND-4873,5cac5080-3055-4c01-9565-90532b9ae083,59621000,Essential hypertension,2019-09-18
CND-4874,0d34ab54-3c38-484a-a441-4c7fddda6f4b,59621000,Essential hypertension,2011-06-02
CND-4875,0d34ab54-3c38-484a-a441-4c7fddda6f4b,13645005,Chronic obstructive pulmonary disease,2021-08-11
CND-4876,496afe01-132f-4467-8865-bb5601a4961f,44054006,Type 2 diabetes mellitus,2020-05-28
CND-4877,1c92b2e6-77ec-4fba-a380-f33f93a12a7c,59621000,Essential hypertension,2010-05-18
CND-4878,1c92b2e6-77ec-4fba-a380-f33f93a12a7c,44054006,Type 2 diabetes mellitus,2016-05-01
CND-4879,1c92b2e6-77ec-4fba-a380-f33f93a12a7c,238131007,Overweight,2022-09-01
CND-4880,1c92b2e6-77ec-4fba-a380-f33f93a12a7c,15777000,Prediabetes,2020-04-04
CND-4881,05a24218-d1d4-4879-8dda-cecf10ef387d,59621000,Essential hypertension,2012-06-24
CND-4882,05a24218-d1d4-4879-8dda-cecf10ef387d,44054006,Type 2 diabetes mellitus,2014-06-16
CND-4883,05a38621-7ee3-4c16-a03c-9dba5a23be4b,59621000,Essential hypertension,2020-06-14
CND-4884,05a38621-7ee3-4c16-a03c-9dba5a23be4b,44054006,Type 2 diabetes mellitus,2017-03-09
CND-4885,05a38621-7ee3-4c16-a03c-9dba5a23be4b,238131007,Overweight,2010-08-31
CND-4886,4656543f-d4d9-4f3f-8ed9-e5ea2acc5c92,44054006,Type 2 diabetes mellitus,2012-08-23
CND-4887,aaa27d03-b954-400c-bfbc-f939c8debadc,195967001,Asthma,2022-09-10
CND-4888,2af7d9dd-fd47-4170-99d2-6915a1f25242,195967001,Asthma,2012-09-14
CND-4889,2af7d9dd-fd47-4170-99d2-6915a1f25242,13645005,Chronic obstructive pulmonary disease,2013-06-22
CND-4890,588ca0a4-ac18-4c07-9b8f-a525b57e7b1e,59621000,Essential hypertension,2015-12-27
CND-4891,d30fc29f-cd71-45ad-8f28-88e887e389ef,59621000,Essential hypertension,2012-12-30
CND-4892,d30fc29f-cd71-45ad-8f28-88e887e389ef,44054006,Type 2 diabetes mellitus,2021-04-26
CND-4893,d30fc29f-cd71-45ad-8f28-88e887e389ef,238131007,Overweight,2013-08-02
CND-4894,d30fc29f-cd71-45ad-8f28-88e887e389ef,15777000,Prediabetes,2020-04-08
CND-4895,415f9a74-1d34-4053-b5af-4afbe699107d,195967001,Asthma,2014-05-19
CND-4896,91d5c53b-99af-4375-873f-dc686d47505b,59621000,Essential hypertension,2019-09-18
CND-4897,91d5c53b-99af-4375-873f-dc686d47505b,13645005,Chronic obstructive pulmonary disease,2021-12-22
CND-4898,91d5c53b-99af-4375-873f-dc686d47505b,238131007,Overweight,2015-06-07
CND-4899,dbcbd35c-ae3b-47df-83b4-d0f6143c8754,59621000,Essential hypertension,2015-11-26
CND-4900,dbcbd35c-ae3b-47df-83b4-d0f6143c8754,13645005,Chronic obstructive pulmonary disease,2020-10-03
CND-4901,638399c7-bca0-4ecd-9b78-c894234da41b,59621000,Essential hypertension,2013-09-08
CND-4902,638399c7-bca0-4ecd-9b78-c894234da41b,44054006,Type 2 diabetes mellitus,2015-12-30
CND-4903,638399c7-bca0-4ecd-9b78-c894234da41b,195967001,Asthma,2021-03-31
CND-4904,638399c7-bca0-4ecd-9b78-c894234da41b,15777000,Prediabetes,2012-05-09
CND-4905,a4597732-228e-4b47-9501-48f35a703caf,195967001,Asthma,2019-04-27
CND-4906,a4597732-228e-4b47-9501-48f35a703caf,238131007,Overweight,2017-10-04
CND-4907,1a52f8ca-2b9d-4bb6-9c14-01f4a8fe9f94,59621000,Essential hypertension,2018-05-13
CND-4908,1a52f8ca-2b9d-4bb6-9c14-01f4a8fe9f94,44054006,Type 2 diabetes mellitus,2010-12-10
CND-4909,1a52f8ca-2b9d-4bb6-9c14-01f4a8fe9f94,195967001,Asthma,2012-08-16
CND-4910,1a52f8ca-2b9d-4bb6-9c14-01f4a8fe9f94,238131007,Overweight,2013-04-29
CND-4911,1a52f8ca-2b9d-4bb6-9c14-01f4a8fe9f94,15777000,Prediabetes,2014-11-26
CND-4912,9682e3b8-9b79-4b99-93cd-9e4a1c017f6b,59621000,Essential hypertension,2022-05-29
CND-4913,9682e3b8-9b79-4b99-93cd-9e4a1c017f6b,44054006,Type 2 diabetes mellitus,2010-05-13
CND-4914,9682e3b8-9b79-4b99-93cd-9e4a1c017f6b,195967001,Asthma,2016-04-01
CND-4915,9682e3b8-9b79-4b99-93cd-9e4a1c017f6b,238131007,Overweight,2013-04-20
CND-4916,9682e3b8-9b79-4b99-93cd-9e4a1c017f6b,15777000,Prediabetes,2021-10-06
CND-4917,19127a6c-9498-4071-9edc-345e4c4fb34f,238131007,Overweight,2015-04-28
CND-4918,4d86cca0-73a5-4359-97a2-8ace5bf8f334,59621000,Essential hypertension,2019-03-30
CND-4919,4d86cca0-73a5-4359-97a2-8ace5bf8f334,44054006,Type 2 diabetes mellitus,2017-06-15
CND-4920,4d86cca0-73a5-4359-97a2-8ace5bf8f334,238131007,Overweight,2021-10-27
CND-4921,4d86cca0-73a5-4359-97a2-8ace5bf8f334,15777000,Prediabetes,2016-03-14
CND-4922,fbdfc90d-7acd-48b9-898d-67715f64d723,195967001,Asthma,2020-07-24
CND-4923,fbdfc90d-7acd-48b9-898d-67715f64d723,709044004,Chronic kidney disease stage 2/3,2021-11-11
CND-4924,f5ab1404-ed19-43ce-bcd1-87d1ad749909,195967001,Asthma,2021-10-12
CND-4925,de1b19cf-9caa-425d-9567-9ef7e0a751c7,59621000,Essential hypertension,2021-06-03
CND-4926,de1b19cf-9caa-425d-9567-9ef7e0a751c7,44054006,Type 2 diabetes mellitus,2015-04-17
CND-4927,de1b19cf-9caa-425d-9567-9ef7e0a751c7,238131007,Overweight,2020-11-11
CND-4928,7d51ad44-c612-4841-928c-27c0dce36544,59621000,Essential hypertension,2022-04-02
CND-4929,7d51ad44-c612-4841-928c-27c0dce36544,195967001,Asthma,2022-12-28
CND-4930,ee85029b-64a0-43f9-9e39-1ef49cc6bba7,195967001,Asthma,2015-07-08
CND-4931,ee85029b-64a0-43f9-9e39-1ef49cc6bba7,238131007,Overweight,2014-10-30
CND-4932,928d126a-1eff-467e-aa04-8f0edaf32dc3,59621000,Essential hypertension,2022-10-02
CND-4933,928d126a-1eff-467e-aa04-8f0edaf32dc3,15777000,Prediabetes,2009-08-03
CND-4934,aa35df05-8b45-4f04-a3f6-86e2bf875bdf,59621000,Essential hypertension,2013-08-29
CND-4935,c41cfa17-c7d5-4745-9fa0-76b55039a6c4,59621000,Essential hypertension,2011-10-22
CND-4936,c41cfa17-c7d5-4745-9fa0-76b55039a6c4,15777000,Prediabetes,2016-05-06
CND-4937,686b4750-a7c9-41a6-9158-2738e048c7b4,238131007,Overweight,2021-04-10
CND-4938,c9642b21-ebf1-4270-bb22-b4af068bcf0d,59621000,Essential hypertension,2014-12-29
CND-4939,c9642b21-ebf1-4270-bb22-b4af068bcf0d,44054006,Type 2 diabetes mellitus,2022-10-27
CND-4940,750592af-ab44-414b-b252-7259e600ba66,59621000,Essential hypertension,2018-10-25
CND-4941,750592af-ab44-414b-b252-7259e600ba66,238131007,Overweight,2012-12-28
CND-4942,48e999fa-31f5-4ba0-9e73-ec8dcce6ed51,238131007,Overweight,2022-06-26
CND-4943,0a70a07b-eb64-4c03-b062-033c115d4f5a,59621000,Essential hypertension,2015-07-10
CND-4944,0a70a07b-eb64-4c03-b062-033c115d4f5a,238131007,Overweight,2011-08-15
CND-4945,6579a135-4410-4a87-8b87-32beea3115c1,59621000,Essential hypertension,2016-09-19
CND-4946,6579a135-4410-4a87-8b87-32beea3115c1,44054006,Type 2 diabetes mellitus,2014-04-13
CND-4947,6579a135-4410-4a87-8b87-32beea3115c1,195967001,Asthma,2021-06-20
CND-4948,e2327456-cd99-4499-ae2e-02bfb06bbebe,59621000,Essential hypertension,2019-03-16
CND-4949,e2327456-cd99-4499-ae2e-02bfb06bbebe,44054006,Type 2 diabetes mellitus,2009-08-30
CND-4950,e2327456-cd99-4499-ae2e-02bfb06bbebe,195967001,Asthma,2018-03-13
CND-4951,e2327456-cd99-4499-ae2e-02bfb06bbebe,238131007,Overweight,2009-07-07
CND-4952,c2750c32-22ce-4a3b-b519-4b1c2cd42ffa,59621000,Essential hypertension,2012-04-02
CND-4953,c2750c32-22ce-4a3b-b519-4b1c2cd42ffa,238131007,Overweight,2016-10-15
CND-4954,c92bde00-8661-4fd0-a82b-b51359b28ddf,44054006,Type 2 diabetes mellitus,2020-06-17
CND-4955,c92bde00-8661-4fd0-a82b-b51359b28ddf,15777000,Prediabetes,2011-09-24
CND-4956,e800877b-7fe9-4276-a0ae-f2dd27f96668,195967001,Asthma,2015-07-10
CND-4957,c99c529c-87e4-44ff-a02b-e57fa2452a46,59621000,Essential hypertension,2017-05-20
CND-4958,c99c529c-87e4-44ff-a02b-e57fa2452a46,44054006,Type 2 diabetes mellitus,2018-12-16
CND-4959,c99c529c-87e4-44ff-a02b-e57fa2452a46,238131007,Overweight,2019-04-25
CND-4960,1a12b249-6e6f-408b-837d-e3472479c1d1,238131007,Overweight,2010-05-26
CND-4961,1a12b249-6e6f-408b-837d-e3472479c1d1,15777000,Prediabetes,2021-04-12
CND-4962,478d6c36-5f78-40e1-baac-0ec27012465a,195967001,Asthma,2022-10-14
CND-4963,780e6b66-63f1-45d5-8df4-4714de7cbe05,238131007,Overweight,2010-07-19
CND-4964,e28a7ff2-3a30-4c67-92db-d570f9f62e4d,59621000,Essential hypertension,2019-07-12
CND-4965,e28a7ff2-3a30-4c67-92db-d570f9f62e4d,15777000,Prediabetes,2020-12-22
CND-4966,c86cd7f5-a065-4b43-bbac-f0b35a11d553,59621000,Essential hypertension,2021-09-04
CND-4967,c86cd7f5-a065-4b43-bbac-f0b35a11d553,195967001,Asthma,2022-11-25
CND-4968,c86cd7f5-a065-4b43-bbac-f0b35a11d553,709044004,Chronic kidney disease stage 2/3,2015-04-28
CND-4969,dabcb6e8-6eb5-4a08-af7c-bcdadbce60c0,13645005,Chronic obstructive pulmonary disease,2022-08-18
CND-4970,e5eab72f-fa10-4374-8b9e-d69d59bdbd2e,59621000,Essential hypertension,2018-05-29
CND-4971,e5eab72f-fa10-4374-8b9e-d69d59bdbd2e,195967001,Asthma,2020-11-30
CND-4972,e5eab72f-fa10-4374-8b9e-d69d59bdbd2e,238131007,Overweight,2020-11-29
CND-4973,0825cbb1-999a-4a43-b2a5-6239fbcddfaa,59621000,Essential hypertension,2017-06-18
CND-4974,0825cbb1-999a-4a43-b2a5-6239fbcddfaa,238131007,Overweight,2018-07-11
CND-4975,853a3c9f-bd2f-453c-92f2-fabd6c1fe0e8,13645005,Chronic obstructive pulmonary disease,2009-09-01
CND-4976,853a3c9f-bd2f-453c-92f2-fabd6c1fe0e8,238131007,Overweight,2012-09-17
CND-4977,853a3c9f-bd2f-453c-92f2-fabd6c1fe0e8,15777000,Prediabetes,2020-10-18
CND-4978,85007204-0817-4d7d-9ac5-5857a93dd46a,44054006,Type 2 diabetes mellitus,2017-03-25
CND-4979,85007204-0817-4d7d-9ac5-5857a93dd46a,709044004,Chronic kidney disease stage 2/3,2014-09-03
CND-4980,85007204-0817-4d7d-9ac5-5857a93dd46a,15777000,Prediabetes,2018-04-14
CND-4981,952a9a7f-7d18-4881-9f8e-b6200c2618c5,59621000,Essential hypertension,2016-09-23
CND-4982,952a9a7f-7d18-4881-9f8e-b6200c2618c5,709044004,Chronic kidney disease stage 2/3,2018-10-10
CND-4983,572761dd-13b5-479b-beb6-44875faaa6a4,59621000,Essential hypertension,2016-04-06
CND-4984,572761dd-13b5-479b-beb6-44875faaa6a4,195967001,Asthma,2010-06-29
CND-4985,3de33193-df31-4547-a234-a0924132856f,59621000,Essential hypertension,2013-10-08
CND-4986,76700a5b-5873-4ccf-a5ff-1c9ef2cab39c,44054006,Type 2 diabetes mellitus,2022-07-28
CND-4987,87b86e86-3df9-404f-bc27-5ae141ab013d,195967001,Asthma,2021-12-30
CND-4988,360c3802-1aef-44f3-8d30-ac60eacc9724,238131007,Overweight,2022-10-02
CND-4989,c18e2b40-1724-4d5a-9f74-5f2a2c915a9d,195967001,Asthma,2022-12-17
CND-4990,c541e7c8-0786-4c81-85ed-33a039689b93,59621000,Essential hypertension,2017-11-21
CND-4991,c541e7c8-0786-4c81-85ed-33a039689b93,195967001,Asthma,2009-04-01
CND-4992,c541e7c8-0786-4c81-85ed-33a039689b93,15777000,Prediabetes,2018-07-01
CND-4993,28d4c95f-e516-4cc3-984a-61e9b88972ae,59621000,Essential hypertension,2016-03-18
CND-4994,28d4c95f-e516-4cc3-984a-61e9b88972ae,44054006,Type 2 diabetes mellitus,2009-11-26
CND-4995,28d4c95f-e516-4cc3-984a-61e9b88972ae,195967001,Asthma,2019-12-21
CND-4996,28d4c95f-e516-4cc3-984a-61e9b88972ae,238131007,Overweight,2020-09-03
CND-4997,9800ec88-b6e6-4919-b3f8-837ed56fd679,195967001,Asthma,2016-11-12
CND-4998,9800ec88-b6e6-4919-b3f8-837ed56fd679,238131007,Overweight,2020-12-30
CND-4999,03e505da-b277-4d8f-b871-40457f982774,59621000,Essential hypertension,2019-04-13
CND-5000,03e505da-b277-4d8f-b871-40457f982774,238131007,Overweight,2018-12-13
CND-5001,a7746997-b6e7-4715-8996-7a2eceae6426,59621000,Essential hypertension,2022-11-01
CND-5002,f2dbb705-d122-407a-8f46-c83acf19c101,709044004,Chronic kidney disease stage 2/3,2012-06-08
CND-5003,f2dbb705-d122-407a-8f46-c83acf19c101,238131007,Overweight,2009-11-06
CND-5004,f2dbb705-d122-407a-8f46-c83acf19c101,15777000,Prediabetes,2021-10-05
CND-5005,db7e4057-5cd9-46d6-8c39-4202b26a8bd3,195967001,Asthma,2022-06-20
CND-5006,2e39630a-c073-4d7d-b6d5-0f2c8e3ba47e,59621000,Essential hypertension,2011-05-06
CND-5007,2e39630a-c073-4d7d-b6d5-0f2c8e3ba47e,195967001,Asthma,2015-09-03
CND-5008,ba3d72a8-3d35-4956-9c57-76b41bd8d80e,59621000,Essential hypertension,2012-04-05
CND-5009,ba3d72a8-3d35-4956-9c57-76b41bd8d80e,195967001,Asthma,2020-11-11
CND-5010,ba3d72a8-3d35-4956-9c57-76b41bd8d80e,709044004,Chronic kidney disease stage 2/3,2015-05-22
CND-5011,ba3d72a8-3d35-4956-9c57-76b41bd8d80e,238131007,Overweight,2016-10-14
CND-5012,f38b341c-ad1a-4075-a9c4-7f09aa6d8cde,59621000,Essential hypertension,2021-12-24
CND-5013,f38b341c-ad1a-4075-a9c4-7f09aa6d8cde,709044004,Chronic kidney disease stage 2/3,2019-06-04
CND-5014,20835df5-3b9a-472b-bbd2-b7ebdfd57ba8,59621000,Essential hypertension,2010-05-31
CND-5015,20835df5-3b9a-472b-bbd2-b7ebdfd57ba8,195967001,Asthma,2017-03-14
CND-5016,20835df5-3b9a-472b-bbd2-b7ebdfd57ba8,709044004,Chronic kidney disease stage 2/3,2022-03-09
CND-5017,20835df5-3b9a-472b-bbd2-b7ebdfd57ba8,15777000,Prediabetes,2020-03-09
CND-5018,612b2a60-c30d-486c-808a-2ccd901f9d9e,59621000,Essential hypertension,2009-05-04
CND-5019,6b20ef60-8949-40d2-8a9b-b25ab5f63cb5,59621000,Essential hypertension,2017-04-28
CND-5020,6b20ef60-8949-40d2-8a9b-b25ab5f63cb5,44054006,Type 2 diabetes mellitus,2014-11-26
CND-5021,6b20ef60-8949-40d2-8a9b-b25ab5f63cb5,238131007,Overweight,2021-06-12
CND-5022,75e212f1-a733-486c-99e2-5206afcdd8e5,15777000,Prediabetes,2015-04-02
CND-5023,d0cf58e9-e22f-47f7-9952-ef4789453af5,195967001,Asthma,2021-04-08
CND-5024,8f7ff1cb-dc1f-40c2-bc65-1fb6cd49f6ab,195967001,Asthma,2010-03-13
CND-5025,637ca44f-a0f4-4062-8d02-0d2dce8a7551,709044004,Chronic kidney disease stage 2/3,2020-03-31
CND-5026,637ca44f-a0f4-4062-8d02-0d2dce8a7551,15777000,Prediabetes,2021-08-17
CND-5027,47e21d8e-4bbc-4053-b655-3845593e95c7,238131007,Overweight,2013-06-19
CND-5028,885a42c5-1cbb-48e7-af37-451ac971e972,238131007,Overweight,2016-08-12
CND-5029,1d87f5a3-521c-4a80-92c2-d53f73cf83d5,59621000,Essential hypertension,2016-03-14
CND-5030,1d87f5a3-521c-4a80-92c2-d53f73cf83d5,238131007,Overweight,2019-06-03
CND-5031,3898a46d-5c3f-4c26-afa9-126445644c72,709044004,Chronic kidney disease stage 2/3,2020-05-01
CND-5032,0c9f6eb4-057e-4418-90d3-d7c7371caddf,59621000,Essential hypertension,2014-08-19
CND-5033,0c9f6eb4-057e-4418-90d3-d7c7371caddf,15777000,Prediabetes,2020-04-11
CND-5034,561d88c7-8714-4fd7-b3f5-124a1cb5a6c4,44054006,Type 2 diabetes mellitus,2011-09-28
CND-5035,bfc41fcf-2a98-4339-ba67-4535c2d2e134,59621000,Essential hypertension,2020-07-01
CND-5036,bfc41fcf-2a98-4339-ba67-4535c2d2e134,44054006,Type 2 diabetes mellitus,2018-12-31
CND-5037,bfc41fcf-2a98-4339-ba67-4535c2d2e134,15777000,Prediabetes,2021-06-10
CND-5038,0912c419-a387-46d5-b21c-38ce9f738a4b,59621000,Essential hypertension,2012-11-30
CND-5039,1aff7974-93e8-4783-b506-e3c9e720c64a,59621000,Essential hypertension,2010-12-21
CND-5040,1aff7974-93e8-4783-b506-e3c9e720c64a,238131007,Overweight,2015-10-24
CND-5041,31dd6600-4dd5-4a36-854f-3707b401ae4d,59621000,Essential hypertension,2013-07-29
CND-5042,9bfa1909-8cd9-4e1e-9ea7-9f7372271ec9,59621000,Essential hypertension,2010-05-12
CND-5043,9bfa1909-8cd9-4e1e-9ea7-9f7372271ec9,709044004,Chronic kidney disease stage 2/3,2019-07-08
CND-5044,1ab3c2ec-76f0-47c0-9fb6-cd74d524ae43,44054006,Type 2 diabetes mellitus,2021-12-20
CND-5045,4442d66e-0e46-43c7-92cf-4835b86ff067,15777000,Prediabetes,2014-06-15
CND-5046,608bfbec-5d7d-44ba-9b97-7f7300a9fa4d,709044004,Chronic kidney disease stage 2/3,2013-08-02
CND-5047,608bfbec-5d7d-44ba-9b97-7f7300a9fa4d,238131007,Overweight,2017-10-27
CND-5048,0126d67a-4056-4305-a8e6-72bf9d0aa044,44054006,Type 2 diabetes mellitus,2011-11-26
CND-5049,0126d67a-4056-4305-a8e6-72bf9d0aa044,238131007,Overweight,2009-05-13
CND-5050,0afc6b87-2f7f-4ca7-b368-52d27a30d94b,59621000,Essential hypertension,2022-08-04
CND-5051,0afc6b87-2f7f-4ca7-b368-52d27a30d94b,44054006,Type 2 diabetes mellitus,2019-12-12
CND-5052,0afc6b87-2f7f-4ca7-b368-52d27a30d94b,709044004,Chronic kidney disease stage 2/3,2013-11-18
CND-5053,0afc6b87-2f7f-4ca7-b368-52d27a30d94b,238131007,Overweight,2013-12-10
CND-5054,0afc6b87-2f7f-4ca7-b368-52d27a30d94b,15777000,Prediabetes,2013-12-09
CND-5055,8bac7e77-9601-419f-9a27-cb92705778fe,195967001,Asthma,2018-09-24
CND-5056,1db9156e-c7b6-48a8-be4f-ab83b7902d50,59621000,Essential hypertension,2022-09-03
CND-5057,1db9156e-c7b6-48a8-be4f-ab83b7902d50,709044004,Chronic kidney disease stage 2/3,2015-05-03
CND-5058,1db9156e-c7b6-48a8-be4f-ab83b7902d50,15777000,Prediabetes,2020-11-23
CND-5059,401ac13a-9881-478e-b8a9-d95a1b52d9c4,59621000,Essential hypertension,2018-11-06
CND-5060,401ac13a-9881-478e-b8a9-d95a1b52d9c4,13645005,Chronic obstructive pulmonary disease,2014-06-01
CND-5061,631a1e8f-accc-46ce-afe5-784c3a4f41ff,59621000,Essential hypertension,2017-10-12
CND-5062,b0ec044f-21ba-497d-9f54-3b04884eee4d,195967001,Asthma,2010-09-05
CND-5063,b0ec044f-21ba-497d-9f54-3b04884eee4d,709044004,Chronic kidney disease stage 2/3,2014-12-22
CND-5064,b0ec044f-21ba-497d-9f54-3b04884eee4d,238131007,Overweight,2009-08-05
CND-5065,b0ec044f-21ba-497d-9f54-3b04884eee4d,15777000,Prediabetes,2022-06-27
CND-5066,30993097-6e6b-4a20-8e43-b51d5b101adb,15777000,Prediabetes,2014-12-18
CND-5067,854b2da7-93bb-4af9-a35f-3262712519da,238131007,Overweight,2021-08-14
CND-5068,28f0884d-3014-4bcd-a393-fec95ced3068,59621000,Essential hypertension,2017-05-26
CND-5069,28f0884d-3014-4bcd-a393-fec95ced3068,238131007,Overweight,2014-10-13
CND-5070,306c4877-c89e-4ea0-baca-08da2c83b5a9,59621000,Essential hypertension,2016-05-03
CND-5071,306c4877-c89e-4ea0-baca-08da2c83b5a9,44054006,Type 2 diabetes mellitus,2015-03-10
CND-5072,306c4877-c89e-4ea0-baca-08da2c83b5a9,238131007,Overweight,2009-06-02
CND-5073,306c4877-c89e-4ea0-baca-08da2c83b5a9,15777000,Prediabetes,2018-11-26
CND-5074,26022d3e-b431-4133-96a4-d1004e792b85,195967001,Asthma,2022-08-05
CND-5075,22650afa-7681-4d11-ac86-e5b65957af0a,238131007,Overweight,2013-09-20
CND-5076,3152564d-491a-4262-9441-49bf791ee90b,59621000,Essential hypertension,2010-09-25
CND-5077,3152564d-491a-4262-9441-49bf791ee90b,44054006,Type 2 diabetes mellitus,2010-10-27
CND-5078,15d98eb1-fa91-4461-b537-4a5a5660013f,59621000,Essential hypertension,2016-07-21
CND-5079,15d98eb1-fa91-4461-b537-4a5a5660013f,238131007,Overweight,2009-07-16
CND-5080,8277fb10-ce82-47c4-acb3-06b5f13220b4,59621000,Essential hypertension,2022-07-25
CND-5081,8277fb10-ce82-47c4-acb3-06b5f13220b4,44054006,Type 2 diabetes mellitus,2016-08-24
CND-5082,103c570d-d43a-4bd7-8324-cb63f4588a81,59621000,Essential hypertension,2015-11-03
CND-5083,103c570d-d43a-4bd7-8324-cb63f4588a81,238131007,Overweight,2020-11-06
CND-5084,f4e9a77e-dfa9-446d-95e6-2164f3b28f8d,44054006,Type 2 diabetes mellitus,2010-03-25
CND-5085,f4e9a77e-dfa9-446d-95e6-2164f3b28f8d,238131007,Overweight,2017-07-25
CND-5086,81aeb2f2-dd0a-4848-bcd3-cc5fc25d9e36,59621000,Essential hypertension,2011-09-10
CND-5087,81aeb2f2-dd0a-4848-bcd3-cc5fc25d9e36,15777000,Prediabetes,2009-10-16
CND-5088,73d79330-6112-48d8-86b0-b005c0c5aa94,44054006,Type 2 diabetes mellitus,2021-10-24
CND-5089,73d79330-6112-48d8-86b0-b005c0c5aa94,195967001,Asthma,2018-07-02
CND-5090,73d79330-6112-48d8-86b0-b005c0c5aa94,709044004,Chronic kidney disease stage 2/3,2013-12-23
CND-5091,249006f7-96f0-4bdb-9884-20ae04d681dd,59621000,Essential hypertension,2021-08-22
CND-5092,249006f7-96f0-4bdb-9884-20ae04d681dd,44054006,Type 2 diabetes mellitus,2014-07-07
CND-5093,249006f7-96f0-4bdb-9884-20ae04d681dd,15777000,Prediabetes,2011-10-06
CND-5094,3051e3b2-50b4-404c-bce5-0b54c92c5c82,44054006,Type 2 diabetes mellitus,2019-05-06
CND-5095,3051e3b2-50b4-404c-bce5-0b54c92c5c82,195967001,Asthma,2018-11-04
CND-5096,f8257d68-e704-4a7c-a06d-9ac58cf34c40,59621000,Essential hypertension,2010-04-07
CND-5097,f8257d68-e704-4a7c-a06d-9ac58cf34c40,709044004,Chronic kidney disease stage 2/3,2022-09-28
CND-5098,f8257d68-e704-4a7c-a06d-9ac58cf34c40,15777000,Prediabetes,2010-08-30
CND-5099,f3abe00c-d84a-46ab-8f03-bdb981d8e277,238131007,Overweight,2014-09-10
CND-5100,d330019b-b9dd-4b23-84bf-65fee3009903,195967001,Asthma,2013-06-07
CND-5101,d330019b-b9dd-4b23-84bf-65fee3009903,709044004,Chronic kidney disease stage 2/3,2014-07-31
CND-5102,a78deaee-21cd-4b03-b8f2-10a84f06be7e,44054006,Type 2 diabetes mellitus,2019-06-25
CND-5103,a78deaee-21cd-4b03-b8f2-10a84f06be7e,13645005,Chronic obstructive pulmonary disease,2010-10-22
CND-5104,239c7949-14df-4d6f-be70-223da5d94fcf,44054006,Type 2 diabetes mellitus,2009-09-12
CND-5105,239c7949-14df-4d6f-be70-223da5d94fcf,195967001,Asthma,2020-08-27
CND-5106,ff61821d-706e-4cc4-a812-a85ad37de927,59621000,Essential hypertension,2015-04-20
CND-5107,824c9828-2a4d-4d0b-99cc-9af17955e7d5,59621000,Essential hypertension,2021-04-08
CND-5108,d8dad4e8-5e2d-4e83-a2a2-3663960f9bd4,59621000,Essential hypertension,2020-10-28
CND-5109,d8dad4e8-5e2d-4e83-a2a2-3663960f9bd4,238131007,Overweight,2018-12-15
CND-5110,4587d369-9c24-418b-b0a9-7f5e73e9ee33,44054006,Type 2 diabetes mellitus,2011-07-10
CND-5111,4587d369-9c24-418b-b0a9-7f5e73e9ee33,13645005,Chronic obstructive pulmonary disease,2021-03-18
CND-5112,7db8fb02-1080-4809-87e5-2d5e643f34cf,44054006,Type 2 diabetes mellitus,2017-05-18
CND-5113,04703c72-c8f5-4f52-ad44-0c046dd5279f,59621000,Essential hypertension,2022-04-13
CND-5114,610bab23-17fc-4643-a09e-133e0681f537,195967001,Asthma,2021-07-05
CND-5115,610bab23-17fc-4643-a09e-133e0681f537,15777000,Prediabetes,2009-08-26
CND-5116,7756135c-8a86-41dc-9376-56c833be5bdd,59621000,Essential hypertension,2016-06-09
CND-5117,7756135c-8a86-41dc-9376-56c833be5bdd,44054006,Type 2 diabetes mellitus,2009-10-08
CND-5118,7756135c-8a86-41dc-9376-56c833be5bdd,238131007,Overweight,2016-07-31
CND-5119,7756135c-8a86-41dc-9376-56c833be5bdd,15777000,Prediabetes,2018-03-23
CND-5120,ef6856d4-aa3e-4eb7-9d6d-77d7d9b3aeec,238131007,Overweight,2018-09-19
CND-5121,2286462e-faaf-488e-9044-199157befc8a,238131007,Overweight,2018-03-22
CND-5122,ecb289cf-b2fc-4a75-96c6-ebe5c8de9ca2,59621000,Essential hypertension,2019-04-26
CND-5123,ecb289cf-b2fc-4a75-96c6-ebe5c8de9ca2,195967001,Asthma,2014-04-10
CND-5124,ec904ad5-01fe-4ce9-a97f-6c81c840a30f,59621000,Essential hypertension,2009-12-21
CND-5125,ec904ad5-01fe-4ce9-a97f-6c81c840a30f,15777000,Prediabetes,2020-04-30
CND-5126,cf04799b-0dfb-4dcd-97d9-d00be8177db4,59621000,Essential hypertension,2022-04-13
CND-5127,cf04799b-0dfb-4dcd-97d9-d00be8177db4,195967001,Asthma,2018-09-01
CND-5128,6ffb2589-3725-4f58-a68e-9b1b495c6508,59621000,Essential hypertension,2012-05-22
CND-5129,6ffb2589-3725-4f58-a68e-9b1b495c6508,44054006,Type 2 diabetes mellitus,2014-08-08
CND-5130,6ffb2589-3725-4f58-a68e-9b1b495c6508,238131007,Overweight,2016-06-25
CND-5131,5051cd80-8b12-4bdf-b343-bc56a3182d3c,44054006,Type 2 diabetes mellitus,2020-12-29
CND-5132,e2ddbcba-fa59-4aae-b613-2f7b9a7730fb,59621000,Essential hypertension,2015-08-03
CND-5133,e2ddbcba-fa59-4aae-b613-2f7b9a7730fb,44054006,Type 2 diabetes mellitus,2016-11-08
CND-5134,e2ddbcba-fa59-4aae-b613-2f7b9a7730fb,195967001,Asthma,2016-04-25
CND-5135,e2ddbcba-fa59-4aae-b613-2f7b9a7730fb,15777000,Prediabetes,2012-07-08
CND-5136,6d973d5d-662b-4aa7-b729-5cdcdab66fae,59621000,Essential hypertension,2009-05-27
CND-5137,6d973d5d-662b-4aa7-b729-5cdcdab66fae,44054006,Type 2 diabetes mellitus,2018-10-14
CND-5138,6d973d5d-662b-4aa7-b729-5cdcdab66fae,13645005,Chronic obstructive pulmonary disease,2020-07-04
CND-5139,6d973d5d-662b-4aa7-b729-5cdcdab66fae,238131007,Overweight,2016-09-20
CND-5140,f22b1bdd-6d23-4247-bbf5-387231c77ceb,44054006,Type 2 diabetes mellitus,2020-12-11
CND-5141,f22b1bdd-6d23-4247-bbf5-387231c77ceb,709044004,Chronic kidney disease stage 2/3,2018-09-24
CND-5142,f22b1bdd-6d23-4247-bbf5-387231c77ceb,238131007,Overweight,2017-10-08
CND-5143,ea41d75e-e441-452a-ade5-e582c4073380,59621000,Essential hypertension,2014-09-30
CND-5144,ea41d75e-e441-452a-ade5-e582c4073380,195967001,Asthma,2020-10-07
CND-5145,33e24157-8813-43b5-81c7-b47e46380d6f,59621000,Essential hypertension,2012-12-31
CND-5146,33e24157-8813-43b5-81c7-b47e46380d6f,238131007,Overweight,2011-10-17
CND-5147,54f03426-33bc-4e1a-a958-b3685350f968,59621000,Essential hypertension,2017-05-10
CND-5148,54f03426-33bc-4e1a-a958-b3685350f968,44054006,Type 2 diabetes mellitus,2012-10-22
CND-5149,54f03426-33bc-4e1a-a958-b3685350f968,238131007,Overweight,2014-06-30
CND-5150,1082f23c-f36d-440f-921c-df8fc70e7681,59621000,Essential hypertension,2022-12-14
CND-5151,1082f23c-f36d-440f-921c-df8fc70e7681,44054006,Type 2 diabetes mellitus,2010-01-01
CND-5152,195482fa-04ba-46ff-a88d-d3112020f1cc,195967001,Asthma,2009-08-26
CND-5153,195482fa-04ba-46ff-a88d-d3112020f1cc,15777000,Prediabetes,2011-11-29
CND-5154,21b4e895-041b-46e8-8d28-977a8e708559,59621000,Essential hypertension,2014-07-30
CND-5155,21b4e895-041b-46e8-8d28-977a8e708559,195967001,Asthma,2017-10-25
CND-5156,21b4e895-041b-46e8-8d28-977a8e708559,13645005,Chronic obstructive pulmonary disease,2017-05-14
CND-5157,328077a0-96dd-4cac-848e-55e5dd2b3b7e,44054006,Type 2 diabetes mellitus,2022-10-30
CND-5158,97d7ca25-efc7-4be6-9410-6ecc245f699a,13645005,Chronic obstructive pulmonary disease,2012-07-09
CND-5159,97d7ca25-efc7-4be6-9410-6ecc245f699a,238131007,Overweight,2020-11-26
CND-5160,6204afe1-044e-4242-96fa-018161381bc9,59621000,Essential hypertension,2013-09-06
CND-5161,6204afe1-044e-4242-96fa-018161381bc9,44054006,Type 2 diabetes mellitus,2015-11-03
CND-5162,6204afe1-044e-4242-96fa-018161381bc9,195967001,Asthma,2009-11-14
CND-5163,e1b1a3b8-82b4-43b9-bbb7-31c7f6ac687b,709044004,Chronic kidney disease stage 2/3,2022-04-17
CND-5164,7bc17bc4-c6ce-48c0-aae1-6458fab2e7d1,59621000,Essential hypertension,2021-05-03
CND-5165,d6803cf1-8623-4872-8295-027843f6e8a4,59621000,Essential hypertension,2017-07-24
CND-5166,3cf604be-ff54-4482-9dbb-0ecae9ff9ea2,195967001,Asthma,2020-05-30
CND-5167,179bf2f6-e0b4-451f-bce4-1c59413baeee,13645005,Chronic obstructive pulmonary disease,2016-03-24
CND-5168,e50c6559-c0bf-44ff-bee7-f1beb8d00af6,44054006,Type 2 diabetes mellitus,2011-04-03
CND-5169,e50c6559-c0bf-44ff-bee7-f1beb8d00af6,238131007,Overweight,2011-03-22
CND-5170,409c053c-58c8-4062-977e-2104a06ee749,709044004,Chronic kidney disease stage 2/3,2019-07-01
CND-5171,2f1e2936-7f37-493a-8e62-2c3be40a4538,59621000,Essential hypertension,2009-05-02
CND-5172,cacb52fa-7a76-4b99-a55c-5d9c84c95698,59621000,Essential hypertension,2015-12-23
CND-5173,cacb52fa-7a76-4b99-a55c-5d9c84c95698,44054006,Type 2 diabetes mellitus,2014-12-12
CND-5174,15141e54-3cdd-4de5-9eb3-d030636a7b8f,44054006,Type 2 diabetes mellitus,2019-04-18
CND-5175,7a07d756-6e5c-4e3a-b571-213851adfdea,238131007,Overweight,2010-10-25
CND-5176,7188d8dd-0758-42f8-a022-edbca5a66a90,195967001,Asthma,2012-03-15
CND-5177,7188d8dd-0758-42f8-a022-edbca5a66a90,15777000,Prediabetes,2012-10-29
CND-5178,bedb84e3-24dc-4969-9dad-ad837ab6118f,59621000,Essential hypertension,2020-08-19
CND-5179,bedb84e3-24dc-4969-9dad-ad837ab6118f,44054006,Type 2 diabetes mellitus,2014-12-04
CND-5180,bedb84e3-24dc-4969-9dad-ad837ab6118f,238131007,Overweight,2016-04-18
CND-5181,152f1663-a77d-4ffd-8e8c-1ab019276e84,15777000,Prediabetes,2021-11-27
CND-5182,8030fd3f-b110-44d8-8f69-3b51fccce784,59621000,Essential hypertension,2019-12-03
CND-5183,8030fd3f-b110-44d8-8f69-3b51fccce784,44054006,Type 2 diabetes mellitus,2016-01-03
CND-5184,8030fd3f-b110-44d8-8f69-3b51fccce784,13645005,Chronic obstructive pulmonary disease,2020-08-15
CND-5185,d52048bb-b1f9-4fe3-9544-be187c0511c2,13645005,Chronic obstructive pulmonary disease,2022-08-05
CND-5186,d52048bb-b1f9-4fe3-9544-be187c0511c2,238131007,Overweight,2015-04-19
CND-5187,bec7e798-c76f-4168-93aa-9fca4833d579,59621000,Essential hypertension,2019-12-29
CND-5188,bec7e798-c76f-4168-93aa-9fca4833d579,44054006,Type 2 diabetes mellitus,2016-11-07
CND-5189,bec7e798-c76f-4168-93aa-9fca4833d579,195967001,Asthma,2011-12-26
CND-5190,e2b0fb3f-6bf6-46ce-961f-21eee18b1139,44054006,Type 2 diabetes mellitus,2015-09-15
CND-5191,e2b0fb3f-6bf6-46ce-961f-21eee18b1139,195967001,Asthma,2020-04-30
CND-5192,c76f82a9-3333-4fc9-a79e-19ca6c1390b1,59621000,Essential hypertension,2019-03-27
CND-5193,c76f82a9-3333-4fc9-a79e-19ca6c1390b1,44054006,Type 2 diabetes mellitus,2020-09-01
CND-5194,0bc9ce59-bc90-4489-b71f-ce373a4b6405,195967001,Asthma,2020-09-26
CND-5195,0bc9ce59-bc90-4489-b71f-ce373a4b6405,709044004,Chronic kidney disease stage 2/3,2018-05-27
CND-5196,e95f030a-f7d2-45d4-b2a7-bc45d33e20c1,709044004,Chronic kidney disease stage 2/3,2019-05-17
CND-5197,e95f030a-f7d2-45d4-b2a7-bc45d33e20c1,15777000,Prediabetes,2015-09-24
CND-5198,1293b6af-d9c6-4f21-9aa6-2f6d7e5ee1a1,59621000,Essential hypertension,2012-05-23
CND-5199,1293b6af-d9c6-4f21-9aa6-2f6d7e5ee1a1,44054006,Type 2 diabetes mellitus,2015-10-08
CND-5200,1293b6af-d9c6-4f21-9aa6-2f6d7e5ee1a1,238131007,Overweight,2020-05-27
CND-5201,1293b6af-d9c6-4f21-9aa6-2f6d7e5ee1a1,15777000,Prediabetes,2016-11-13
CND-5202,2dca8341-8576-4722-86f9-3c1c32051795,59621000,Essential hypertension,2016-06-08
CND-5203,2dca8341-8576-4722-86f9-3c1c32051795,44054006,Type 2 diabetes mellitus,2021-03-17
CND-5204,2dca8341-8576-4722-86f9-3c1c32051795,238131007,Overweight,2012-07-25
CND-5205,1198644d-ffe5-4a1d-ba1b-a5c9dd050b3c,59621000,Essential hypertension,2014-04-23
CND-5206,1198644d-ffe5-4a1d-ba1b-a5c9dd050b3c,44054006,Type 2 diabetes mellitus,2009-05-28
CND-5207,1198644d-ffe5-4a1d-ba1b-a5c9dd050b3c,238131007,Overweight,2011-10-28
CND-5208,1198644d-ffe5-4a1d-ba1b-a5c9dd050b3c,15777000,Prediabetes,2012-08-07
CND-5209,49b8eee3-5a20-4994-88c2-d53a021d9333,44054006,Type 2 diabetes mellitus,2019-07-14
CND-5210,49b8eee3-5a20-4994-88c2-d53a021d9333,238131007,Overweight,2020-05-05
CND-5211,129fdc91-ed90-4d22-bb24-ca143378a2b9,59621000,Essential hypertension,2015-06-02
CND-5212,f3b0222c-a744-4c40-a02c-a7e82a178403,238131007,Overweight,2015-07-18
CND-5213,7e8ec80b-6ff8-41a7-8fd2-33654a8025c9,59621000,Essential hypertension,2012-07-30
CND-5214,7e8ec80b-6ff8-41a7-8fd2-33654a8025c9,44054006,Type 2 diabetes mellitus,2022-12-24
CND-5215,cc6011b7-13af-4a58-822b-dabc43ac4600,59621000,Essential hypertension,2021-03-13
CND-5216,cc6011b7-13af-4a58-822b-dabc43ac4600,44054006,Type 2 diabetes mellitus,2018-11-14
CND-5217,cc6011b7-13af-4a58-822b-dabc43ac4600,709044004,Chronic kidney disease stage 2/3,2018-09-24
CND-5218,cc6011b7-13af-4a58-822b-dabc43ac4600,238131007,Overweight,2018-11-20
CND-5219,3e9a0aa8-c2c9-4bf6-950a-8e622e1e9f97,59621000,Essential hypertension,2021-05-29
CND-5220,3e9a0aa8-c2c9-4bf6-950a-8e622e1e9f97,15777000,Prediabetes,2013-05-24
CND-5221,ed4f1fee-03c7-4376-921a-4c545367a3ef,59621000,Essential hypertension,2020-03-25
CND-5222,ed4f1fee-03c7-4376-921a-4c545367a3ef,195967001,Asthma,2011-05-12
CND-5223,ed4f1fee-03c7-4376-921a-4c545367a3ef,238131007,Overweight,2012-10-04
CND-5224,b94e0c83-7e3a-4e1c-95fa-0c5f7745aac9,59621000,Essential hypertension,2015-08-16
CND-5225,a62aa2e6-0acb-4c7a-9d1c-020b7e2301f8,59621000,Essential hypertension,2020-12-12
CND-5226,a62aa2e6-0acb-4c7a-9d1c-020b7e2301f8,13645005,Chronic obstructive pulmonary disease,2017-12-17
CND-5227,a62aa2e6-0acb-4c7a-9d1c-020b7e2301f8,238131007,Overweight,2016-08-19
CND-5228,a62aa2e6-0acb-4c7a-9d1c-020b7e2301f8,15777000,Prediabetes,2013-07-08
CND-5229,04ef0acd-9ff1-4a6d-95ff-1323f2a4bbe0,59621000,Essential hypertension,2019-08-17
CND-5230,04ef0acd-9ff1-4a6d-95ff-1323f2a4bbe0,44054006,Type 2 diabetes mellitus,2021-10-30
CND-5231,04ef0acd-9ff1-4a6d-95ff-1323f2a4bbe0,195967001,Asthma,2021-11-14
CND-5232,04ef0acd-9ff1-4a6d-95ff-1323f2a4bbe0,238131007,Overweight,2014-12-18
CND-5233,89a165d3-97ad-4031-b851-77b5810a2337,15777000,Prediabetes,2017-05-23
CND-5234,0754c208-6b1e-4d72-ae47-60d30337a5c2,59621000,Essential hypertension,2020-07-01
CND-5235,63b86bb5-060e-4259-8838-1c8b0aa28ec3,59621000,Essential hypertension,2017-08-06
CND-5236,bbea9e10-da6e-49cc-838a-dba7ed0cb0d4,59621000,Essential hypertension,2012-04-09
CND-5237,94dd782a-2d44-4c64-b4a0-b68df2b2142a,59621000,Essential hypertension,2013-03-29
CND-5238,94dd782a-2d44-4c64-b4a0-b68df2b2142a,195967001,Asthma,2017-06-28
CND-5239,e935fda5-85e0-4181-bbe4-98f6f0e8ef82,59621000,Essential hypertension,2019-05-03
CND-5240,e935fda5-85e0-4181-bbe4-98f6f0e8ef82,44054006,Type 2 diabetes mellitus,2014-08-27
CND-5241,e935fda5-85e0-4181-bbe4-98f6f0e8ef82,15777000,Prediabetes,2011-06-14
CND-5242,02d0b2be-8af2-468a-8f13-7acd9ad5bf88,59621000,Essential hypertension,2010-08-01
CND-5243,cb9137b9-8046-4f6f-9431-120415ce7171,44054006,Type 2 diabetes mellitus,2017-09-15
CND-5244,cb9137b9-8046-4f6f-9431-120415ce7171,15777000,Prediabetes,2016-07-08
CND-5245,28cb3fae-ba3a-49f0-a64a-eb623e8dae5e,59621000,Essential hypertension,2022-09-19
CND-5246,f77c8ced-f2ff-4d5f-80d6-e11ca8c30416,195967001,Asthma,2020-04-29
CND-5247,59044ffa-71c6-40e1-85d7-0dd9a7866396,238131007,Overweight,2009-09-18
CND-5248,da9f9bc8-4fd4-483c-8160-7844cef64e2b,59621000,Essential hypertension,2013-08-23
CND-5249,da9f9bc8-4fd4-483c-8160-7844cef64e2b,13645005,Chronic obstructive pulmonary disease,2017-09-30
CND-5250,d7896e8f-2ffe-40c6-8002-2fffcde6bb4e,59621000,Essential hypertension,2011-05-24
CND-5251,d7896e8f-2ffe-40c6-8002-2fffcde6bb4e,195967001,Asthma,2019-05-25
CND-5252,1728014c-7bb8-4f08-9e70-de5d442ca941,59621000,Essential hypertension,2012-05-31
CND-5253,1728014c-7bb8-4f08-9e70-de5d442ca941,44054006,Type 2 diabetes mellitus,2009-09-07
CND-5254,1728014c-7bb8-4f08-9e70-de5d442ca941,238131007,Overweight,2013-08-02
CND-5255,a2b6dfd8-2110-4918-b661-a019f4dbce64,15777000,Prediabetes,2022-07-17
CND-5256,07f17df8-73a1-4ca9-996e-c4daf2973d23,44054006,Type 2 diabetes mellitus,2022-06-13
CND-5257,07f17df8-73a1-4ca9-996e-c4daf2973d23,195967001,Asthma,2012-10-07
CND-5258,07f17df8-73a1-4ca9-996e-c4daf2973d23,238131007,Overweight,2012-07-19
CND-5259,fbd8f43d-dbfe-46b0-a6ba-957efa6b2786,59621000,Essential hypertension,2014-12-05
CND-5260,fbd8f43d-dbfe-46b0-a6ba-957efa6b2786,44054006,Type 2 diabetes mellitus,2011-11-22
CND-5261,fbd8f43d-dbfe-46b0-a6ba-957efa6b2786,195967001,Asthma,2015-11-20
CND-5262,fbd8f43d-dbfe-46b0-a6ba-957efa6b2786,238131007,Overweight,2013-11-18
CND-5263,9c23408f-2fe6-40c1-a564-ad9499997c9c,59621000,Essential hypertension,2014-10-24
CND-5264,9c23408f-2fe6-40c1-a564-ad9499997c9c,44054006,Type 2 diabetes mellitus,2012-10-19
CND-5265,9c23408f-2fe6-40c1-a564-ad9499997c9c,13645005,Chronic obstructive pulmonary disease,2010-12-25
CND-5266,2cb2e24e-64f5-446b-8c98-99013b584ec4,59621000,Essential hypertension,2011-03-20
CND-5267,55818978-e296-4eb1-89c3-400d92e95f49,59621000,Essential hypertension,2013-10-02
CND-5268,55818978-e296-4eb1-89c3-400d92e95f49,44054006,Type 2 diabetes mellitus,2022-09-14
CND-5269,55818978-e296-4eb1-89c3-400d92e95f49,238131007,Overweight,2010-06-08
CND-5270,f4ff3ab2-4ddf-4c8e-8941-6aff413ec645,59621000,Essential hypertension,2012-08-26
CND-5271,f4ff3ab2-4ddf-4c8e-8941-6aff413ec645,44054006,Type 2 diabetes mellitus,2015-05-11
CND-5272,f4ff3ab2-4ddf-4c8e-8941-6aff413ec645,238131007,Overweight,2011-06-11
CND-5273,14100b3d-77a6-4556-9632-70b85a6b50d5,59621000,Essential hypertension,2019-08-09
CND-5274,66c19bdc-64e7-4d21-8f1b-129b014883e5,59621000,Essential hypertension,2009-07-28
CND-5275,66c19bdc-64e7-4d21-8f1b-129b014883e5,709044004,Chronic kidney disease stage 2/3,2017-03-18
CND-5276,66c19bdc-64e7-4d21-8f1b-129b014883e5,238131007,Overweight,2015-10-09
CND-5277,ae68f429-4546-4f00-90e8-968f7f67f74e,59621000,Essential hypertension,2013-11-01
CND-5278,9695506e-9465-42ba-9dd9-9ecd9cdf7ee4,59621000,Essential hypertension,2014-05-30
CND-5279,9695506e-9465-42ba-9dd9-9ecd9cdf7ee4,13645005,Chronic obstructive pulmonary disease,2012-05-03
CND-5280,9695506e-9465-42ba-9dd9-9ecd9cdf7ee4,238131007,Overweight,2019-11-17
CND-5281,edf40602-0370-4860-8fb4-02e1c5196fa0,44054006,Type 2 diabetes mellitus,2017-04-15
CND-5282,edf40602-0370-4860-8fb4-02e1c5196fa0,709044004,Chronic kidney disease stage 2/3,2014-09-19
CND-5283,0332c220-76f1-43d7-9b1a-a0bd114e69f8,15777000,Prediabetes,2012-11-02
CND-5284,6c29027e-c0c1-44d2-9207-8add86f13b38,195967001,Asthma,2020-10-23
CND-5285,20455374-b8db-49fa-9cdf-27639f126bb6,44054006,Type 2 diabetes mellitus,2009-11-21
CND-5286,20455374-b8db-49fa-9cdf-27639f126bb6,238131007,Overweight,2009-03-13
CND-5287,20455374-b8db-49fa-9cdf-27639f126bb6,15777000,Prediabetes,2015-09-24
CND-5288,494cbd69-30dc-42e7-8f57-e37b389ca5bd,15777000,Prediabetes,2017-03-23
CND-5289,dcbbc4ff-7878-4fa1-bcd4-c6870beddae4,59621000,Essential hypertension,2010-08-08
CND-5290,dcbbc4ff-7878-4fa1-bcd4-c6870beddae4,238131007,Overweight,2019-07-15
CND-5291,fbfa6a36-cd41-4779-ac30-f93e927ea010,238131007,Overweight,2018-09-22
CND-5292,f7a8893f-243c-4add-a5d9-40e70234c37b,59621000,Essential hypertension,2021-11-28
CND-5293,f7a8893f-243c-4add-a5d9-40e70234c37b,195967001,Asthma,2017-10-28
CND-5294,f7a8893f-243c-4add-a5d9-40e70234c37b,15777000,Prediabetes,2020-04-27
CND-5295,e5e2bdc6-0be5-4e1c-9301-e377da17bb47,59621000,Essential hypertension,2019-12-06
CND-5296,e5e2bdc6-0be5-4e1c-9301-e377da17bb47,44054006,Type 2 diabetes mellitus,2010-08-18
CND-5297,e5e2bdc6-0be5-4e1c-9301-e377da17bb47,238131007,Overweight,2020-05-25
CND-5298,d4b51c65-6216-4953-a0af-ced387fd4862,195967001,Asthma,2015-08-23
CND-5299,d4b51c65-6216-4953-a0af-ced387fd4862,238131007,Overweight,2022-05-07
CND-5300,54fec846-bce3-488d-a44b-5f07d0a1caa4,13645005,Chronic obstructive pulmonary disease,2014-06-30
CND-5301,7a11968c-3668-40b6-9efb-c5e286ec732d,59621000,Essential hypertension,2019-07-19
CND-5302,7a11968c-3668-40b6-9efb-c5e286ec732d,238131007,Overweight,2015-12-24
CND-5303,7237061d-694c-42e1-a3cc-d81cb9151b48,15777000,Prediabetes,2009-06-08
CND-5304,da24e66c-0dc6-4ccc-9f63-8a1ae003cc6b,44054006,Type 2 diabetes mellitus,2020-09-09
CND-5305,89342c97-c35d-44d7-96a3-83af6c55705f,59621000,Essential hypertension,2022-05-23
CND-5306,89342c97-c35d-44d7-96a3-83af6c55705f,44054006,Type 2 diabetes mellitus,2012-06-03
CND-5307,669ec7c4-9a9c-4a31-94d8-c89d8fcfab07,59621000,Essential hypertension,2013-04-13
CND-5308,669ec7c4-9a9c-4a31-94d8-c89d8fcfab07,44054006,Type 2 diabetes mellitus,2022-08-22
CND-5309,669ec7c4-9a9c-4a31-94d8-c89d8fcfab07,13645005,Chronic obstructive pulmonary disease,2018-06-02
CND-5310,669ec7c4-9a9c-4a31-94d8-c89d8fcfab07,238131007,Overweight,2011-06-25
CND-5311,36522eb1-ffae-41ff-9920-ff4f2a6cf5f6,195967001,Asthma,2020-11-10
CND-5312,efac6ac0-c414-4e81-a610-b451f2655052,238131007,Overweight,2021-04-30
CND-5313,36e143fc-fff5-4efa-84c7-010987215422,59621000,Essential hypertension,2022-08-03
CND-5314,36e143fc-fff5-4efa-84c7-010987215422,195967001,Asthma,2017-03-09
CND-5315,36e143fc-fff5-4efa-84c7-010987215422,238131007,Overweight,2010-10-14
CND-5316,ec74217d-cca3-4eaa-8acf-4b526b3c1ae1,59621000,Essential hypertension,2019-06-16
CND-5317,ec74217d-cca3-4eaa-8acf-4b526b3c1ae1,44054006,Type 2 diabetes mellitus,2020-10-12
CND-5318,c7eb9757-0590-42be-b4cd-814722f4b27b,44054006,Type 2 diabetes mellitus,2012-01-04
CND-5319,5ac43997-bd79-4d09-b21b-313815fe17a7,59621000,Essential hypertension,2018-11-16
CND-5320,5ac43997-bd79-4d09-b21b-313815fe17a7,44054006,Type 2 diabetes mellitus,2014-03-22
CND-5321,5ac43997-bd79-4d09-b21b-313815fe17a7,238131007,Overweight,2018-11-12
CND-5322,80748923-1c6a-453f-92e3-2ceeb450a1dd,44054006,Type 2 diabetes mellitus,2016-03-30
