patient_id,birth_date,gender,race,ethnicity,city,state,zip_code
b5703a0c-328c-40f2-aaee-128b0c9f07b2,1948-10-22,M,black,nonhispanic,Cambridge,MA,02138
303f4cb4-fbaf-4d16-ac06-c64711f1089e,1963-09-24,M,white,nonhispanic,Quincy,MA,02169
3eff5a6c-216f-452b-a64c-f1a86ea9e911,1953-06-24,F,other,nonhispanic,Waltham,MA,02451
293af00b-7117-49e2-9849-8dbb902a834b,1989-11-04,F,white,nonhispanic,Cambridge,MA,02138
840bb89c-38ac-4bd9-a0b0-8dda02392079,1956-03-01,M,black,nonhispanic,Boston,MA,02118
ffe3ae3b-051e-433b-98b8-d60673253d30,1941-04-12,F,white,nonhispanic,Newton,MA,02458
90688cdc-405d-41fa-9a8f-1b2ded486410,1956-06-10,F,white,nonhispanic,Somerville,MA,02143
3adfe782-6326-4d60-8387-59fec29795e8,1974-04-17,M,white,hispanic,Waltham,MA,02451
17d00bbf-5319-4052-8e66-643f14b2fe8d,2002-04-07,M,black,nonhispanic,Newton,MA,02458
b6f5da0f-1719-453a-8b01-0bade61eff19,1938-06-08,F,black,nonhispanic,Medford,MA,02155
7ebfa09c-83f3-4af7-80a3-8b36bdf2a886,1993-11-22,M,white,nonhispanic,Malden,MA,02148
d420e554-5eba-43bf-b5ab-f25559ae2f35,1972-08-19,F,white,nonhispanic,Boston,MA,02115
68143ad9-6a80-4557-abec-099f945b8443,1979-05-16,F,black,hispanic,Malden,MA,02148
cc3854b1-10f5-48ce-aa2a-343d149c09e0,1990-11-01,F,white,nonhispanic,Medford,MA,02155
2cc06b57-3ee6-4b9b-920d-eff0b339cca3,1981-09-23,M,other,hispanic,Quincy,MA,02169
1d978f78-931a-4f25-b2f9-c8a40563d42c,1977-03-25,F,white,nonhispanic,Waltham,MA,02451
29186212-c096-4c6e-a823-7acc2de6b90e,1999-05-06,M,white,nonhispanic,Quincy,MA,02169
686d5d0b-d96a-4082-b953-9276e7ecbb1d,1995-12-04,M,white,nonhispanic,Cambridge,MA,02138
e39c5660-d364-425c-9c63-ef55cec09064,1946-11-01,M,black,hispanic,Somerville,MA,02143
2630e5d9-fcc6-45ba-b81c-e07db3d0657f,1961-01-19,F,white,hispanic,Boston,MA,02115
c1b8f1eb-ecee-4a5b-906e-fb3354f183bb,1986-05-14,M,white,nonhispanic,Malden,MA,02148
8bdce2ab-8ab7-4028-8cc6-0efd20189994,1974-07-14,F,white,nonhispanic,Medford,MA,02155
b89f9d1f-5336-4150-8114-e3bc10361b97,1989-11-11,F,white,nonhispanic,Cambridge,MA,02138
e5306f69-1913-4032-b9ed-97965bce62ec,1989-06-29,M,black,nonhispanic,Brookline,MA,02445
8d9c04ef-8a02-4015-98a3-314cb7d6a16d,2005-08-29,M,white,nonhispanic,Brookline,MA,02445
a12d7c9b-5103-4e4d-a14d-2a021851bdda,1973-07-02,M,white,nonhispanic,Medford,MA,02155
a3cb3745-e7eb-4dff-802a-3e61797da617,1937-05-07,M,asian,nonhispanic,Brookline,MA,02445
1c369115-f014-4147-9253-a129b5dd9b3a,1955-01-21,F,white,nonhispanic,Newton,MA,02458
7d3f2014-6aa0-4dc4-8d5a-bf687d61e952,1977-01-29,M,asian,nonhispanic,Malden,MA,02148
3239d510-0193-42cc-908c-e28e90819a96,1949-09-25,M,white,nonhispanic,Malden,MA,02148
a582f06a-27f9-4162-b99d-670e77d9e273,2005-03-04,F,other,nonhispanic,Newton,MA,02458
7cf62504-552b-4143-871f-895dae01df01,1990-06-08,M,asian,hispanic,Medford,MA,02155
f5204093-0bf6-428d-9f74-ca9cfd1a677a,1942-09-20,F,black,nonhispanic,Malden,MA,02148
16725bb8-2bb1-401b-ae51-37b8e2ed9349,2009-01-29,F,white,nonhispanic,Malden,MA,02148
e9a66a81-5ab6-4204-a753-be109f004357,2009-03-31,M,white,nonhispanic,Medford,MA,02155
58e85094-8583-4004-b7d3-df287de6de9f,1983-07-10,F,white,nonhispanic,Newton,MA,02458
9b04f786-b5d1-4ebb-a542-5cd0460d5567,1978-01-02,M,white,hispanic,Boston,MA,02118
80ae1bc1-3ba9-4ef5-ac37-7bc285901307,1969-02-19,M,white,nonhispanic,Boston,MA,02115
eadd693c-6a50-44a6-becb-648a76643185,1945-12-27,M,white,nonhispanic,Medford,MA,02155
cbde4aed-62fe-4c12-8a8a-24b0d2975ef3,1981-06-28,M,asian,nonhispanic,Quincy,MA,02169
02d8f72e-dd6e-46e4-8406-b682b4e873ed,2003-08-27,M,white,nonhispanic,Brookline,MA,02445
70c15c7d-b5f0-4dbd-8a14-0b35dc6dd151,1960-09-10,F,black,hispanic,Boston,MA,02118
708d71c2-54dc-4c8c-b30f-11b1e58ca4fa,1989-09-20,M,black,nonhispanic,Newton,MA,02458
3481180c-b8e7-40ba-9fba-b18c325b66ed,1956-03-02,M,asian,hispanic,Waltham,MA,02451
1948d839-369c-4d5d-9f18-6566e2500a21,1964-02-16,M,white,nonhispanic,Cambridge,MA,02138
8cc8f19a-0f12-49f2-80ff-56063e5a006d,2004-03-20,M,black,nonhispanic,Malden,MA,02148
a11c3121-35b4-4819-b60b-9bfb791b5bed,1937-02-22,M,asian,nonhispanic,Waltham,MA,02451
d74391a0-bc25-4a91-9f67-da300fb984c0,2001-04-13,F,black,nonhispanic,Quincy,MA,02169
db0a910e-9b7a-4498-829d-ab3f6767a9cf,1939-01-17,M,white,nonhispanic,Somerville,MA,02143
3bf941c8-f1d0-4096-8a9d-acbda9ec3b26,1949-07-28,M,white,nonhispanic,Cambridge,MA,02138
397f6174-c4ec-4a6d-bb37-666189a00a4d,2018-09-07,M,white,nonhispanic,Quincy,MA,02169
d1889caf-d397-49d9-bb33-b017a252cf9d,1944-03-18,M,white,nonhispanic,Malden,MA,02148
264b4b78-fe67-4b82-9807-22d36ecc5e55,1990-06-27,F,black,nonhispanic,Brookline,MA,02445
7b1cd5fb-b4c6-4f78-9b3c-ce55bf316ce1,2007-10-08,F,white,nonhispanic,Quincy,MA,02169
b84e3259-469c-46d3-a2af-4de063132bea,1986-06-12,M,white,nonhispanic,Quincy,MA,02169
8f0712b0-6d32-4c55-b55b-262cdfc6dc1a,2001-12-10,M,white,hispanic,Somerville,MA,02143
d1980693-dcdc-4111-b692-2a3da2727cc7,1987-09-28,M,asian,nonhispanic,Somerville,MA,02143
2c187a37-5e82-4649-a10a-062f9730f36e,1957-07-26,F,other,nonhispanic,Boston,MA,02118
28a89166-14c6-4efc-949b-56eb37278b44,1987-09-23,F,black,hispanic,Medford,MA,02155
37fb4579-8761-4804-b186-c5ecee2a43e8,1993-12-21,F,white,nonhispanic,Cambridge,MA,02138
427e6a1f-ae7c-43ed-8536-9de50057fa44,1998-10-01,F,asian,nonhispanic,Boston,MA,02118
7bcf93e6-c358-4082-9013-9dc40f6b77e4,1963-09-10,M,black,hispanic,Somerville,MA,02143
a933ea5b-bbd6-4fa1-93cf-e700c8c54835,1955-01-10,M,black,nonhispanic,Boston,MA,02115
94c72657-573e-4bcd-b7a6-7d8426c73902,1989-09-28,F,white,hispanic,Quincy,MA,02169
dd4037b4-e514-4f8b-aeac-c34a8a1c81ee,1961-05-30,M,white,nonhispanic,Boston,MA,02115
45943c42-fb9e-4395-98b6-8ef40644ef87,1937-06-29,F,white,nonhispanic,Malden,MA,02148
cd7b0364-9eef-4365-97a8-21addaf532a8,1992-05-24,F,other,nonhispanic,Quincy,MA,02169
90d41cbf-db62-4f4f-a879-7936452d1cb9,1964-11-10,M,asian,nonhispanic,Quincy,MA,02169
1fb2b63f-6091-44ae-9ea4-ac1f542a3bd5,2018-07-23,F,asian,nonhispanic,Boston,MA,02118
a3ad0d9f-3f89-47be-ab1c-5bbbafd90fe8,1972-04-24,F,asian,nonhispanic,Medford,MA,02155
7946e678-52f8-427e-952f-9acccef8613f,1957-12-28,M,white,nonhispanic,Medford,MA,02155
54b5086d-2177-430b-95ab-fe09e1bbe693,1986-08-10,M,other,hispanic,Somerville,MA,02143
4059349b-568c-4b9b-9e82-ef10c67cb626,1965-01-03,M,black,nonhispanic,Waltham,MA,02451
3e995be9-b065-46f0-ac7c-0ff29957da95,1993-08-14,M,white,nonhispanic,Somerville,MA,02143
9663d12b-5c27-43ce-805c-75995dd793dc,2015-01-01,M,black,nonhispanic,Malden,MA,02148
b5123333-537a-4e64-bb47-8cecd15a4ac0,2005-09-07,M,other,nonhispanic,Quincy,MA,02169
e05b632d-bda6-4fed-ac6e-d15775b158bb,1954-07-22,M,black,hispanic,Boston,MA,02118
77e3f5f5-3f9f-476e-8bc5-cc14490edecf,1992-01-01,M,black,nonhispanic,Newton,MA,02458
602a4a3d-8bd9-47f8-a098-82ca0b76308e,1990-01-09,M,white,nonhispanic,Medford,MA,02155
597c2e6a-e323-4fe7-84d8-aebcd6383288,1976-06-30,M,white,nonhispanic,Quincy,MA,02169
58332744-a730-46ff-bc49-b37556413194,1937-08-10,F,white,nonhispanic,Cambridge,MA,02138
3564af5e-ffa4-443c-a016-39a7f71530da,1954-03-05,F,asian,nonhispanic,Boston,MA,02118
990e9ce8-429b-4e66-82cb-785336441d68,2005-10-29,F,white,hispanic,Quincy,MA,02169
e74196c9-33ef-47fb-97ab-9c2e0229654f,1989-09-26,F,white,nonhispanic,Quincy,MA,02169
76062597-c14e-44da-9c80-47b2cf361afc,1942-06-19,M,other,hispanic,Quincy,MA,02169
01a9c68c-a4d3-4d6f-884a-52d5995c1231,1974-10-11,F,white,nonhispanic,Boston,MA,02115
3534a1fe-9f20-4ff8-9176-26bafb5edccf,1983-03-20,F,white,nonhispanic,Newton,MA,02458
0cf45760-d5bc-486a-b04e-92ab9c460eec,1962-04-18,F,white,hispanic,Brookline,MA,02445
b377fefb-9bb8-478b-b98b-1fd8ce645889,2006-09-12,F,white,nonhispanic,Quincy,MA,02169
d0057325-4726-4461-a8f3-8135d85c52ca,1965-09-21,F,white,nonhispanic,Brookline,MA,02445
52550be4-a4ab-4b5b-bf46-dcedab34aa05,1969-01-20,F,white,nonhispanic,Malden,MA,02148
04f6d10f-01c6-41df-89c4-c1cf541bb7ce,1961-09-18,F,asian,hispanic,Somerville,MA,02143
3e1f7600-69b6-4d6c-b035-e991b5a45ba9,1942-01-27,M,white,hispanic,Quincy,MA,02169
1506bff9-8cdc-44ed-a18c-00191fba5443,1995-05-07,M,white,nonhispanic,Newton,MA,02458
d9d69ba3-9479-45ff-8eac-27092dc06940,1984-12-25,M,white,nonhispanic,Malden,MA,02148
c8d47fd4-ed4f-406f-a115-13c8fa75e582,1966-11-02,F,white,nonhispanic,Quincy,MA,02169
3044829d-0d22-41cd-85fc-2d2833310ff4,1984-02-11,M,white,nonhispanic,Waltham,MA,02451
dee7fdab-1118-411c-a5d8-89b272da3a0f,1993-10-21,F,white,nonhispanic,Brookline,MA,02445
0f263478-0e9b-4417-99bb-569ef0c125a9,1943-11-02,M,white,hispanic,Medford,MA,02155
28f7b8f3-25a5-48e9-8302-a180c886bb33,1991-03-05,F,white,nonhispanic,Waltham,MA,02451
be309afc-b0c8-4409-8857-4e3599c49602,1982-01-02,F,white,nonhispanic,Cambridge,MA,02138
c25bcdbe-e860-4008-b6d4-2b2f8c548215,1945-01-04,F,white,nonhispanic,Waltham,MA,02451
0c55ca91-f0c5-4a55-9cb5-8401789d958c,2001-12-05,M,white,nonhispanic,Newton,MA,02458
16df3cdd-f1e4-4133-9acb-0f053585b411,1959-08-10,M,white,nonhispanic,Waltham,MA,02451
d33fdc05-0cd7-497d-9374-d478d12f32ad,1969-05-19,F,white,nonhispanic,Medford,MA,02155
e146d334-d279-4401-8de2-03dd18294661,1974-09-23,F,white,nonhispanic,Boston,MA,02118
92924082-7549-463d-ac1e-6d2a43014fb9,1978-05-18,M,other,nonhispanic,Quincy,MA,02169
dc62bb85-980d-4f7b-b2e9-413ecd6026c8,2002-01-17,M,white,nonhispanic,Medford,MA,02155
f10eccd7-e13c-417a-91ae-08612e1a3f7b,2015-05-18,F,other,nonhispanic,Boston,MA,02118
70d6db5a-7a4d-464f-9c3b-af7d259f8a52,1944-08-21,F,other,nonhispanic,Brookline,MA,02445
c8c31654-e0c9-429b-b56f-742ef2e68e67,1944-06-13,F,black,nonhispanic,Quincy,MA,02169
4fde9e23-6813-44a4-8459-90d966635904,1987-06-04,M,white,nonhispanic,Boston,MA,02115
103f6705-f642-4377-a0c9-934dee18b87d,2001-08-16,F,other,nonhispanic,Cambridge,MA,02138
dbeb0f61-703e-4ffd-a0ea-19a8b1744248,1996-04-16,M,white,hispanic,Medford,MA,02155
5008e873-24c9-47df-878a-eba07964a538,2001-02-07,F,black,nonhispanic,Medford,MA,02155
cfc1341a-513b-4fba-9cfa-186400faa5ff,1967-10-25,F,asian,hispanic,Quincy,MA,02169
ed4e1bc7-72d0-4319-9ff5-7d9941003439,1947-11-28,F,asian,nonhispanic,Medford,MA,02155
622d3568-35f3-4ccb-bfff-3c9cf736f773,1981-06-03,F,white,nonhispanic,Waltham,MA,02451
bfc5d028-7dfc-480e-ba91-974c1769b9cb,1996-10-05,F,black,nonhispanic,Medford,MA,02155
80fc5ac0-b7ee-40e7-96e0-b05ca12158dd,1978-01-14,M,black,nonhispanic,Malden,MA,02148
643081ab-0052-46af-a0ff-c75ccaf5a89a,2004-02-28,M,asian,nonhispanic,Cambridge,MA,02138
2306679c-6d4a-4161-a82e-8b18b018e180,1987-11-21,M,white,nonhispanic,Boston,MA,02115
b0decfdb-4b5f-486d-b8f5-c185ac64ff5d,1955-07-29,F,white,nonhispanic,Quincy,MA,02169
c4845e0d-1151-4a88-8941-098c498bd7a8,2002-10-08,F,black,nonhispanic,Waltham,MA,02451
fbfe95ae-4bca-4292-89b4-9cb87731d311,1944-05-19,M,white,nonhispanic,Medford,MA,02155
68a66851-fac1-451f-8832-0ab9f543915e,1994-07-13,M,black,nonhispanic,Cambridge,MA,02138
606eea14-1857-42ba-b884-78d8632d88ca,1979-08-07,F,white,hispanic,Brookline,MA,02445
1dc570ba-385d-4fb0-a38a-9d15869a38fb,1992-01-05,M,white,nonhispanic,Boston,MA,02118
dabb0137-a5f9-48e0-bd97-b2976e37ca34,2012-01-12,F,asian,nonhispanic,Quincy,MA,02169
4e53f95d-1cd9-4751-af14-de12a71cdf27,1997-11-12,F,black,hispanic,Brookline,MA,02445
e9b25d71-78af-4768-87f9-1933f49d8f75,2001-01-21,F,asian,nonhispanic,Malden,MA,02148
8ffee47b-95e6-4e35-bdf3-aa0950d4435e,1987-08-06,M,white,nonhispanic,Waltham,MA,02451
c9a94723-4577-4f2d-a838-d2524815542f,2014-03-17,F,white,nonhispanic,Brookline,MA,02445
389eb323-0c6e-45c4-9281-7a5a855e9783,2004-01-21,M,white,nonhispanic,Cambridge,MA,02138
96cc6a63-db27-488b-ac73-9119ce15dd2f,1964-06-18,M,white,nonhispanic,Brookline,MA,02445
7149d021-9637-4794-901c-ba6f8bd3effc,1989-01-30,M,other,nonhispanic,Brookline,MA,02445
abcba50e-bb4b-488b-902b-62806b066f26,1976-11-14,F,white,nonhispanic,Newton,MA,02458
70ecd46e-a645-427d-98d2-f7c6503fb05c,1967-03-22,M,asian,nonhispanic,Boston,MA,02115
1e6dc1a5-2aa8-4dc8-ad5c-5db5095035e6,1982-09-11,F,white,nonhispanic,Somerville,MA,02143
0c431dbc-d390-4184-9943-73a0e03ee7fa,1952-08-24,M,white,nonhispanic,Boston,MA,02118
8e2a2207-4cc0-4f5f-9eff-4ddacb7e40f7,2016-01-19,M,white,nonhispanic,Cambridge,MA,02138
508540f5-eca2-4854-a313-9102317a5eb3,1976-11-09,M,white,nonhispanic,Cambridge,MA,02138
7ab78337-b206-467e-b640-c9bf187284ab,2004-03-17,F,white,nonhispanic,Medford,MA,02155
9d08e8c1-69e5-47d7-90d3-4470cf780f03,1939-07-21,F,white,nonhispanic,Newton,MA,02458
e8bcdbd3-9b2d-4a78-b26b-b65be67b6c46,2016-07-25,F,white,nonhispanic,Cambridge,MA,02138
0b143f11-ea19-411d-b869-026fcbdb2ac1,2004-03-05,F,black,nonhispanic,Boston,MA,02118
2ac02997-47e2-432e-a56a-7894728b8e6d,2018-03-15,M,white,nonhispanic,Boston,MA,02118
b491268f-861d-47db-881d-b27be91f21d2,1984-01-04,F,white,hispanic,Medford,MA,02155
90dec6fc-a825-4c9a-9e6c-57bcba07ebc3,1967-09-09,F,white,nonhispanic,Boston,MA,02118
b3859934-305d-4f15-9664-54f8b958d8c0,1984-03-30,F,asian,hispanic,Waltham,MA,02451
857bef43-29b9-4736-9670-5155eda98e79,1979-10-19,F,asian,nonhispanic,Waltham,MA,02451
7cf6cb92-71f4-49ae-ad11-f1f979da70f3,1989-07-21,F,black,hispanic,Newton,MA,02458
46f7f203-6690-4fff-97de-4b6f7b3144da,2000-05-28,M,black,nonhispanic,Malden,MA,02148
75f85b70-668b-44fe-be11-01751e518186,1967-06-26,F,white,nonhispanic,Brookline,MA,02445
1e795ac5-1ade-465f-a541-2355148d6c6e,2019-03-26,F,white,hispanic,Somerville,MA,02143
4ec9022e-f297-4e4a-bca6-d944877791b8,2003-02-26,F,white,nonhispanic,Brookline,MA,02445
0839a983-996a-4ad3-8ca9-a633a3ba45b4,1980-05-08,M,white,nonhispanic,Boston,MA,02115
4858b119-1103-4154-a7ad-d99c755c711d,1982-06-15,F,asian,nonhispanic,Malden,MA,02148
757afb51-f14e-475d-b9d3-ef8e70b55960,1995-09-20,M,white,nonhispanic,Cambridge,MA,02138
790ca41e-331c-4f7a-bfb7-814f0ce62867,2017-01-13,M,white,nonhispanic,Boston,MA,02115
0c4dd188-aae9-4d24-9eee-61dce79fbf9b,1936-03-05,M,white,hispanic,Cambridge,MA,02138
3740dd98-c793-4ef2-828b-00942f3f3d47,1936-06-18,F,other,hispanic,Waltham,MA,02451
a815f0d5-9511-4900-bdc9-0728663c6591,1974-12-17,M,asian,nonhispanic,Quincy,MA,02169
a94d8370-89d5-48a1-a217-ac34039d2d87,1991-09-07,M,black,nonhispanic,Medford,MA,02155
08448531-1f90-4e18-935c-c971cccc57d5,1941-05-24,F,asian,hispanic,Boston,MA,02118
f953d089-1d0f-4ec1-aac5-950c60ad27e2,1970-07-27,F,white,nonhispanic,Boston,MA,02118
70ebcd37-0c28-41bc-88a6-8f56b0746862,1961-01-03,F,black,nonhispanic,Somerville,MA,02143
1262cf78-4cf9-4b28-927e-73e2de30bb69,1988-07-25,F,asian,nonhispanic,Boston,MA,02118
9293ceb2-e84b-4193-aa25-9ace80c219be,1936-04-08,M,white,hispanic,Cambridge,MA,02138
57fa7b78-71e2-4c58-b90a-efd3b3234249,2006-02-18,M,white,nonhispanic,Medford,MA,02155
248726af-1cab-424b-abf7-3c320170cb0c,1999-01-27,M,black,nonhispanic,Cambridge,MA,02138
3c49b441-0db6-4d54-b558-1ce5e1c38e4b,1988-02-13,M,black,nonhispanic,Boston,MA,02115
67584589-ef06-482f-bc3e-4e9eea613111,2008-03-03,F,white,nonhispanic,Waltham,MA,02451
0aa13a5e-8c9b-4f42-8e15-137c12526998,2000-03-13,F,asian,hispanic,Boston,MA,02118
19c8e0a5-fe3f-4587-b8ac-c2851690c94b,1951-08-07,M,asian,nonhispanic,Cambridge,MA,02138
aea578b0-2cda-45ef-a6e3-92cc677f3d05,2004-02-24,F,white,nonhispanic,Cambridge,MA,02138
8e3faca9-3329-4f3a-a2c5-41c8242eea98,1937-11-16,F,white,nonhispanic,Somerville,MA,02143
8ba41e31-936f-4797-8c2a-45b124c3930d,1996-07-08,F,white,hispanic,Cambridge,MA,02138
f65a9108-5e0e-48a3-b985-cfc0705c6f7e,1991-10-05,F,black,nonhispanic,Boston,MA,02118
732ced64-fa1d-40ca-a1d1-89bcb9ada19f,1997-06-21,M,other,hispanic,Malden,MA,02148
ab7506c1-01e5-464a-89c9-959f62ddb8bb,1948-05-21,M,white,nonhispanic,Medford,MA,02155
2eceb5bf-a2b1-47ad-9f94-fda784bef5f6,2017-11-26,F,white,nonhispanic,Quincy,MA,02169
6d661122-5e21-4cb7-9cd1-a876bb047bcf,2010-05-23,F,white,hispanic,Cambridge,MA,02138
02f15c85-c37f-43fa-821c-e059aa01ff10,1971-05-10,M,black,nonhispanic,Medford,MA,02155
85ef1297-fc13-4243-a437-80906dee7703,1990-07-17,M,white,nonhispanic,Quincy,MA,02169
8b648992-c9e3-46dc-a400-304e60feaf34,1978-06-28,F,white,hispanic,Waltham,MA,02451
43103a30-a5e0-44a5-ba5e-67c83996f8a8,1949-07-26,M,white,nonhispanic,Boston,MA,02118
2108a0b8-7711-458f-b34b-82792021b031,1947-03-13,F,white,nonhispanic,Boston,MA,02115
90819c38-e614-44a3-9393-9626e1e284e2,2021-06-28,F,white,nonhispanic,Brookline,MA,02445
71851ee5-6a40-4fa3-af7f-dd9e47b57d14,2014-05-23,M,asian,nonhispanic,Quincy,MA,02169
beda9290-823b-4a6f-a7c7-b78518e7664e,1955-05-05,M,other,nonhispanic,Brookline,MA,02445
20f238d8-4472-4c9d-81b5-0fafdda09cb9,1962-09-04,F,white,hispanic,Somerville,MA,02143
2c809048-4926-4b1c-85b2-f504ef6fa291,1972-12-26,F,white,hispanic,Cambridge,MA,02138
547bc027-4071-4eb9-8a35-470fe5a542b1,2021-05-21,M,other,nonhispanic,Malden,MA,02148
3ace957d-1102-4636-a9e3-5f60799489be,1973-03-20,M,white,nonhispanic,Brookline,MA,02445
e92f3c06-474f-4cc4-b4af-089d14347bd5,1947-10-02,M,black,hispanic,Quincy,MA,02169
b2f94ce6-7f17-41f7-8afb-d959df138837,2001-04-20,F,white,nonhispanic,Boston,MA,02118
ebc31f0f-3843-4a81-8f6b-0f6d26c65143,2011-04-03,M,asian,nonhispanic,Medford,MA,02155
794b9733-f470-41d4-8058-9479727da434,1985-12-25,M,asian,hispanic,Somerville,MA,02143
e3466d70-d0b0-4dd0-8c40-4212fae121b1,1972-07-05,M,asian,hispanic,Somerville,MA,02143
c01a1fac-97e0-44d7-8a06-fb39531b475e,1970-04-04,F,black,nonhispanic,Malden,MA,02148
0646c81b-6709-4d0e-93d5-0945c9377168,1962-09-07,M,black,nonhispanic,Boston,MA,02115
baf989cb-b3f0-449e-a2fa-d1e8c676888a,2009-09-29,M,black,nonhispanic,Malden,MA,02148
e393c31d-87d7-4f85-b4aa-e1a1eb519182,1976-04-10,F,white,nonhispanic,Boston,MA,02115
3c0bd4ae-a8b5-4af6-84e9-6a843c8806c7,1969-10-14,M,white,nonhispanic,Boston,MA,02115
8cc458e9-da88-49db-bb7b-fda86217ab78,2022-12-31,F,white,hispanic,Boston,MA,02115
9a96b256-fa8a-4d0c-bc64-3f141a5ab584,1999-06-22,F,other,nonhispanic,Waltham,MA,02451
f854ff47-9235-4761-8a30-078477aa8a33,1994-03-03,F,other,nonhispanic,Brookline,MA,02445
c9fb1e55-7c98-4160-b573-0edba8f368b9,1975-06-12,F,asian,nonhispanic,Somerville,MA,02143
adae1329-c042-465f-9437-c2f3b3b81278,1952-10-10,M,black,nonhispanic,Brookline,MA,02445
a4fe26ad-9445-4dd2-afad-4542a08fe0dc,1975-06-28,M,black,nonhispanic,Brookline,MA,02445
a4237a83-ac15-4a77-b0d4-079ce267f7c9,1959-03-07,F,black,nonhispanic,Somerville,MA,02143
9773cd4b-4646-486f-a3e6-17f0a126b338,1938-07-03,F,white,nonhispanic,Brookline,MA,02445
666a81eb-6e48-419e-b3a0-e1729c77d6fe,1997-11-04,F,black,nonhispanic,Cambridge,MA,02138
dcc58310-bafc-4e9d-a1bb-d4acba2ead00,1991-01-14,M,asian,nonhispanic,Quincy,MA,02169
b6ae7dbc-2c3d-443c-adcf-0d7f3dccf649,1964-03-15,F,white,nonhispanic,Somerville,MA,02143
dd6fb791-a5ef-425e-90c6-b6b0c3a6299a,1965-09-28,F,black,nonhispanic,Boston,MA,02118
4736669e-9623-47fe-bb68-7d7ff59cdc29,1957-04-15,F,black,hispanic,Waltham,MA,02451
dbfea429-c875-4283-9aa8-1203ef94ef41,1993-12-15,F,black,nonhispanic,Cambridge,MA,02138
7e2cc7fe-6cd3-4095-a490-b0c1b0a557f1,1996-12-19,F,other,nonhispanic,Quincy,MA,02169
3d608928-56d9-4444-97f2-ece0e32c5562,1984-02-21,M,white,nonhispanic,Newton,MA,02458
374e079a-bfeb-4bb2-b446-4c78affa5dd5,1978-08-10,M,white,hispanic,Boston,MA,02118
da56ff95-139c-4f2a-83fb-a35a40726096,2022-07-22,F,other,nonhispanic,Waltham,MA,02451
5b4d07a9-3bcb-4083-abca-1c3678caf9b0,1996-10-01,M,white,hispanic,Boston,MA,02115
50b3a3fe-8e92-4837-9235-a0a89b727161,1973-01-01,M,white,nonhispanic,Malden,MA,02148
92b6eeb6-0e69-4f14-94a3-25ac472a8cf7,1994-07-21,F,asian,nonhispanic,Medford,MA,02155
543cb268-1b5d-4f6e-b51a-50ac09d247ad,1947-04-26,F,white,nonhispanic,Boston,MA,02118
a9213a03-4248-4964-a437-b99b3a95df8e,2005-09-05,M,white,nonhispanic,Quincy,MA,02169
f1fcca51-5077-41bd-a100-22a82f4a6004,1972-04-01,M,other,hispanic,Boston,MA,02118
1c47538f-7cb8-468d-8475-2d127c8b3f59,1952-05-24,M,white,nonhispanic,Newton,MA,02458
600d1096-cff2-46ac-a45f-07ad8fb53d04,1993-02-28,F,black,nonhispanic,Newton,MA,02458
b843e64c-0ce8-4835-9cfa-bb4d5357842a,1998-07-29,M,white,hispanic,Brookline,MA,02445
94bada55-0afe-40ca-a5c2-c70a7c14e9e3,1961-05-29,M,white,nonhispanic,Boston,MA,02118
1632d362-5cf0-4988-ba11-1a6a2750f457,1951-10-18,F,white,nonhispanic,Somerville,MA,02143
ea305650-c878-4adb-b0f4-6efdc1e9fa41,1990-08-13,F,white,nonhispanic,Waltham,MA,02451
6579a641-f9eb-497b-870f-a859217330bd,2000-10-31,M,other,nonhispanic,Malden,MA,02148
0ac85164-72fd-48d7-b728-fd2d75663868,1995-02-12,M,black,nonhispanic,Somerville,MA,02143
9b0d6ee3-f47b-4d50-b260-433834662478,1941-03-29,F,white,nonhispanic,Medford,MA,02155
e9ea03f3-8257-4358-9454-5847391501cc,1963-08-12,M,black,nonhispanic,Quincy,MA,02169
52a08e11-82b5-4dd1-8961-de0f92c2a472,1983-03-03,M,white,nonhispanic,Brookline,MA,02445
a5272b91-93db-4adf-9066-ee5d71258562,1970-02-06,M,black,nonhispanic,Quincy,MA,02169
25fe51e7-82b4-417e-b72e-ecae164ccbbf,1978-09-07,F,asian,nonhispanic,Quincy,MA,02169
59eba1df-949b-41ec-aa77-7b2bb755dc02,1972-05-19,M,black,nonhispanic,Brookline,MA,02445
e0d88270-bfb3-4f63-8669-ce198e998ae4,1973-12-12,F,white,nonhispanic,Quincy,MA,02169
a498fe92-0c6f-4f93-9c90-a6e90ce362cf,1995-11-12,F,white,hispanic,Brookline,MA,02445
e7e2d789-baea-404f-9f0b-3420c62b3fa3,2002-11-11,M,black,hispanic,Cambridge,MA,02138
83566506-decc-4b39-bf10-af2ae82e9a11,2021-10-17,F,white,nonhispanic,Newton,MA,02458
1fb40e20-fc7f-4fc9-8a09-e43f9f2ee3f2,1993-07-27,F,black,nonhispanic,Waltham,MA,02451
214fbfbf-3dbd-4680-b681-e8ea17e78c9c,1939-04-14,M,asian,nonhispanic,Waltham,MA,02451
c990f559-3c15-4508-8254-387fc877a272,2014-12-07,M,white,nonhispanic,Waltham,MA,02451
8aba4597-1c93-4c7a-8f95-58ac9a1fcbf1,1943-11-14,M,white,nonhispanic,Boston,MA,02118
eed98d71-d24a-4e62-aafd-7fa40102efad,1952-06-14,F,asian,nonhispanic,Waltham,MA,02451
23d00e9c-b816-4256-9c1f-437e0827d857,1969-11-14,M,black,hispanic,Newton,MA,02458
34e1acce-ff0e-4dd8-a533-7f85113bcb11,2001-08-12,F,white,nonhispanic,Waltham,MA,02451
8c32bcec-a391-4806-a117-fda13f7a54e0,1959-04-23,M,white,nonhispanic,Newton,MA,02458
1dcacdc3-6d77-4352-9d0d-5b454e20c6c0,1984-08-30,F,black,nonhispanic,Newton,MA,02458
7eaddaae-7700-47a5-a51a-0e42bdeb6651,1955-05-29,M,white,hispanic,Somerville,MA,02143
89bd2686-8717-421b-89b2-8cc2711a9b9f,1956-10-21,M,white,nonhispanic,Malden,MA,02148
6774b0d1-f260-41c2-8ca9-3efec3c1d121,2004-12-28,F,white,nonhispanic,Medford,MA,02155
00999ea4-b006-4b9e-9eca-4a70b868484d,1962-03-08,F,white,nonhispanic,Brookline,MA,02445
191c8aa7-7fed-463d-81b3-bed545bf9cf1,2000-06-07,M,other,nonhispanic,Somerville,MA,02143
23a9149e-eab4-43c7-aab4-48d0e18ca73f,1980-02-04,M,black,nonhispanic,Newton,MA,02458
ccf6e47f-26dc-46c3-bd01-f167363aef18,2007-12-21,F,white,nonhispanic,Somerville,MA,02143
3ad0f0e0-e525-4005-b1d9-19055196e799,1987-09-20,M,white,nonhispanic,Medford,MA,02155
240c9191-1668-4ac2-9ddb-2f75b6cbe3e0,1938-10-10,F,black,nonhispanic,Newton,MA,02458
177ce80c-6c7e-42e5-a50b-9a3ecf9ee945,1972-11-25,F,white,nonhispanic,Somerville,MA,02143
ccb1acfd-b386-4f06-b764-c1ca2fc1dec7,2004-01-07,M,white,hispanic,Malden,MA,02148
ef7719b9-6dfe-447f-95d9-76eb31740ef0,1936-08-01,F,black,nonhispanic,Cambridge,MA,02138
95496153-7b5c-47de-ab78-704f26ba38d7,1979-05-03,F,white,hispanic,Waltham,MA,02451
78654730-8a33-4683-b808-8927eb47473e,1960-07-28,F,black,nonhispanic,Newton,MA,02458
0a37620e-4522-49ae-b092-7f55865d3b02,2020-10-28,M,white,nonhispanic,Somerville,MA,02143
48a0d30d-f758-4139-90ff-ef5022add6f3,1957-03-27,F,white,nonhispanic,Boston,MA,02115
0354d01e-d5ec-45bb-a67e-55f05a2548b0,1964-12-08,F,black,nonhispanic,Quincy,MA,02169
18840509-7ebd-4591-be22-232bed67e469,2002-07-13,M,white,hispanic,Somerville,MA,02143
0d280e52-e1db-4e6f-bf75-6f6bf54664c7,2017-07-26,M,white,nonhispanic,Newton,MA,02458
a4304cfc-ebb3-4029-8bb7-d8d54417c7aa,2021-04-11,M,white,nonhispanic,Boston,MA,02118
cdb9b199-9750-4c21-b2c2-3469dffa3ee4,1975-10-11,M,white,nonhispanic,Cambridge,MA,02138
f27eebce-b607-4df2-9c3b-74379dea4578,1983-04-17,M,black,nonhispanic,Quincy,MA,02169
5cf701e8-8e98-492b-9103-91f0152f15a2,1986-08-31,F,asian,nonhispanic,Quincy,MA,02169
5f2a2cce-9e08-44b6-a3d0-001f483da911,2003-12-26,F,white,nonhispanic,Newton,MA,02458
c6390db4-64d4-4a0d-87fb-3c1d4e064d1a,1961-11-01,F,white,nonhispanic,Quincy,MA,02169
e54b2aba-a0d5-4abc-b9e2-4b67d1a0e6c8,1999-10-29,F,white,hispanic,Quincy,MA,02169
ef6c3081-b460-4f9c-92a3-49dfdb006037,2019-06-28,M,black,nonhispanic,Newton,MA,02458
f72feb85-8265-41cd-b502-5bc2948c0e62,2004-11-11,M,white,nonhispanic,Cambridge,MA,02138
5b32577a-326c-40be-a6ef-9cf3593a1746,2000-11-21,M,asian,hispanic,Malden,MA,02148
0851817e-996d-42ba-a38c-65547a6beee5,1975-08-26,M,asian,nonhispanic,Boston,MA,02115
adf49812-2e34-45a1-b7ba-62166e30a2ca,2015-03-31,F,asian,nonhispanic,Medford,MA,02155
bb8fd33b-0c55-486b-b124-4eed1211e35d,1969-01-24,F,white,nonhispanic,Boston,MA,02115
412a2cc9-6122-4a23-a987-21c53f9ef640,2015-10-07,M,black,nonhispanic,Medford,MA,02155
e3392039-43bb-4700-b744-cc8f001b8187,2015-02-22,M,white,hispanic,Somerville,MA,02143
73c20159-a133-4ec0-bdcb-d5ac25c3ce9e,1965-04-16,F,white,hispanic,Medford,MA,02155
91dfce2a-8cba-448f-ba5a-ec788d367484,2007-05-27,M,asian,nonhispanic,Medford,MA,02155
2d1ec156-23d9-4dd9-a5d9-ce4f458bb482,1988-11-14,F,white,nonhispanic,Malden,MA,02148
a8ee8208-c709-450d-bd3c-e8929434d894,1966-04-11,F,asian,nonhispanic,Medford,MA,02155
81eda387-9c08-4c3e-b7c0-df66c976d708,1968-03-20,M,black,nonhispanic,Waltham,MA,02451
33a8d0e6-6a44-4b5d-8344-870f70949ee3,1936-08-02,M,white,nonhispanic,Waltham,MA,02451
d8357f4c-4883-4ab5-b4e3-fb04f9b1ae23,1939-06-03,F,black,nonhispanic,Boston,MA,02115
8e854a27-5094-449d-9e6d-99e8e4bfdd33,1999-04-09,F,asian,nonhispanic,Quincy,MA,02169
0423970d-c5c3-43e4-9f80-456bb48187c4,1970-08-20,F,white,nonhispanic,Brookline,MA,02445
726a9420-3ca7-4c2e-ae4e-62d276b5762e,1993-04-19,F,white,nonhispanic,Boston,MA,02118
e7bcb9a5-262b-4c69-a094-6608c4ab8bf4,1960-11-19,M,black,nonhispanic,Boston,MA,02115
71ec6fa1-6a3e-4ebb-86ba-5744b1329638,1987-12-10,F,black,hispanic,Malden,MA,02148
21bb1f36-17c4-4be5-bf7f-d27fb441d82a,1996-06-30,F,white,nonhispanic,Quincy,MA,02169
3f769f56-750e-4d6b-bc60-ab18607999d7,2003-05-23,F,asian,nonhispanic,Malden,MA,02148
56ab40d4-e777-4074-bd56-cb4dbf30b5ab,1977-05-28,F,white,nonhispanic,Malden,MA,02148
f82c49fd-65af-4a9a-a727-8d35d3d7ed06,2011-06-07,F,white,nonhispanic,Quincy,MA,02169
0990e5d8-3059-4704-b548-a0204be7f252,1987-05-24,M,white,hispanic,Quincy,MA,02169
f262dbe6-3622-421c-b115-dcfeb31096d3,2002-12-13,M,asian,nonhispanic,Waltham,MA,02451
203a01c2-2152-4ef7-b4d6-2c07206a9c18,1998-01-08,M,white,nonhispanic,Somerville,MA,02143
9314e8ce-61c7-47c1-9425-226c23a0af95,1989-09-05,M,asian,nonhispanic,Cambridge,MA,02138
57586981-265e-44f0-bdf1-d756968cecd1,1961-04-23,M,white,nonhispanic,Cambridge,MA,02138
c31ef15c-754e-4a43-9ea2-0c8be44049f2,1942-02-17,M,white,nonhispanic,Waltham,MA,02451
4d7e4755-38de-4ad8-a2bb-4d1f90bacc5f,1965-07-13,F,white,nonhispanic,Newton,MA,02458
b144e61a-c285-4224-b7ec-aa51d72ad828,1989-04-26,M,asian,nonhispanic,Malden,MA,02148
d3d724f0-2d6e-473f-81c9-20301ff42c1c,1967-06-18,F,black,nonhispanic,Brookline,MA,02445
23445e00-b98f-4216-b743-8e6735631ce3,1977-08-18,F,other,nonhispanic,Somerville,MA,02143
171dab6a-c0af-4d95-bfee-0b935eed7a0b,1993-09-17,M,white,hispanic,Brookline,MA,02445
a9e43672-cfb2-443b-bf73-4f5b7a39fb34,1985-11-28,F,white,hispanic,Quincy,MA,02169
ff2f15d8-f552-432f-8200-edfafc3f9f7a,2001-01-11,F,white,nonhispanic,Newton,MA,02458
d788536d-9ad6-4054-aa6e-b1d6f3149b44,1955-02-10,F,white,nonhispanic,Malden,MA,02148
72955d4c-af52-41b3-8fe7-fd57c0c077a1,1980-06-03,F,white,nonhispanic,Brookline,MA,02445
af69edc5-7e59-4b60-ae5d-cda639054ad3,1992-09-04,M,other,nonhispanic,Waltham,MA,02451
e0d51967-ccdd-48df-b3b1-f81d28a17266,1997-03-07,F,asian,nonhispanic,Boston,MA,02118
8f808f68-9704-455b-afa2-b807cae50fa1,2002-07-08,F,white,nonhispanic,Boston,MA,02118
e2aeff13-46fc-4a9a-87b3-cb13f1540f78,1960-08-12,F,asian,nonhispanic,Waltham,MA,02451
48c2d9da-cef3-4155-ae8f-5406f4dfa803,2001-02-22,M,other,nonhispanic,Newton,MA,02458
f12ec8a4-5213-4840-b579-da36fe0ae58d,1965-01-22,M,other,hispanic,Malden,MA,02148
ea3a3035-724e-442d-a169-768822f5b962,1974-02-09,M,black,nonhispanic,Medford,MA,02155
64974e13-95ee-40fd-96de-48fc1e012aac,1948-07-17,M,asian,nonhispanic,Boston,MA,02118
d9a6f941-d96f-4c62-b8d8-e9dc473263c9,1983-02-06,M,white,hispanic,Malden,MA,02148
57024409-66c2-4bb8-a0cb-d57e02dcdf77,1968-08-30,F,black,nonhispanic,Medford,MA,02155
9df1443b-63da-407c-a661-46d51e1972ef,2003-06-24,M,asian,nonhispanic,Newton,MA,02458
59cd5fce-6b5f-41d0-8d01-59bf0263020f,1980-06-02,F,white,nonhispanic,Brookline,MA,02445
641ec7a2-1548-47e1-a686-914ca9222b74,1997-07-18,M,other,nonhispanic,Boston,MA,02118
71926f7a-efef-466f-8f2e-1431612f33d9,1976-11-19,M,white,nonhispanic,Brookline,MA,02445
96f603e1-ab93-4869-824f-5efadf78ff9c,1966-06-19,M,other,nonhispanic,Waltham,MA,02451
2064452c-4e48-4d80-9b2e-f53ddd7e442d,1997-07-22,M,white,nonhispanic,Malden,MA,02148
5f8690aa-a20a-49aa-add2-b73470829ce7,1951-06-06,M,white,nonhispanic,Boston,MA,02118
2a2be675-fdbd-42a2-8701-a30ce5eec25a,1956-03-25,M,white,hispanic,Boston,MA,02115
01cd86f6-d9ea-411d-b741-b8929fb69fbe,2015-09-23,F,black,hispanic,Quincy,MA,02169
a81274a5-097c-473e-9692-841dbfff87df,1962-04-02,M,asian,nonhispanic,Newton,MA,02458
b035af30-c501-415e-9784-93ffb0cd9138,1985-12-12,F,black,nonhispanic,Brookline,MA,02445
a37273f5-fd8d-4912-9d0f-ec15838b13ce,1979-12-08,F,white,nonhispanic,Somerville,MA,02143
a14990ac-46a2-4043-a2bf-b91b218e1d88,2018-05-20,F,white,hispanic,Somerville,MA,02143
a2cee64d-6388-4058-a03e-8018ada9342f,2011-01-03,F,white,nonhispanic,Boston,MA,02118
a73f4f76-f707-4678-8832-2af0ddb2253d,1943-03-31,F,white,nonhispanic,Boston,MA,02115
b1e93ce1-1588-4734-ac88-5c4c399e56c1,1997-03-01,M,white,nonhispanic,Malden,MA,02148
01b52383-3129-4fc9-8013-9f1d8acaf896,1967-02-11,M,asian,hispanic,Cambridge,MA,02138
dc3e03c9-62d4-4680-9924-8a03a35324e1,1982-10-28,M,white,nonhispanic,Newton,MA,02458
ad528854-205c-4c85-9f85-97b7e684737a,1983-04-30,M,white,nonhispanic,Somerville,MA,02143
2f017715-7dae-41c3-a314-56560aa1d930,1991-06-25,F,white,nonhispanic,Quincy,MA,02169
adec4472-b1f6-4032-80b4-3037f3603bea,1947-11-24,F,asian,nonhispanic,Boston,MA,02118
a3c091bb-d23e-411e-87e2-624ae833dfa3,1936-10-03,F,white,nonhispanic,Somerville,MA,02143
15b2a034-b534-4f40-ac7e-a0f25aa1e2c5,1987-12-03,M,asian,nonhispanic,Boston,MA,02115
0433af8f-9519-4139-9be3-efd750513b43,1978-06-01,M,white,nonhispanic,Cambridge,MA,02138
aec6e375-a03f-4a5f-8647-69e2d96bb672,1964-07-13,F,other,nonhispanic,Newton,MA,02458
359a8874-4a06-4b69-806d-46cdc7ff6821,1964-09-04,F,black,nonhispanic,Medford,MA,02155
60f5223c-b175-4aa0-b55e-0cdc43351555,2022-02-28,M,white,nonhispanic,Cambridge,MA,02138
a3f9a537-c3fa-421a-a77c-7531eb1a003e,1975-06-20,M,white,hispanic,Boston,MA,02118
76879932-def8-4f30-9f39-3cfb00591fd3,1975-09-04,F,white,nonhispanic,Boston,MA,02115
5c9a1992-3dae-4a8c-937c-2e8a0f14cf28,1995-10-30,M,asian,nonhispanic,Quincy,MA,02169
1a437566-09fb-4811-8906-8aa7ad24175b,1956-07-14,M,white,nonhispanic,Malden,MA,02148
bf7e762a-e472-43d2-9e86-5e7bb121afd5,1958-12-25,F,white,nonhispanic,Brookline,MA,02445
9bdbdc5d-d086-445c-9b5e-b9c1418ec892,1975-08-08,M,asian,nonhispanic,Medford,MA,02155
d3c6a9b6-0738-47ac-9a00-0981598642d5,1987-08-23,F,black,nonhispanic,Somerville,MA,02143
10ae06eb-4b80-4a53-872d-abd8ab558ff1,1962-06-22,M,white,nonhispanic,Malden,MA,02148
103c1e27-99ba-45f3-a5ab-3f451ff1adf6,1978-06-02,F,white,nonhispanic,Brookline,MA,02445
a040bb40-2cbc-4017-9107-2bfd62f4ffcf,1996-10-01,M,white,nonhispanic,Cambridge,MA,02138
f7446a18-45d3-463d-abc4-1907906ffa79,1967-08-14,M,white,hispanic,Boston,MA,02115
3b5e9e50-cf1c-42d8-9751-c76d915fe43f,2022-10-04,M,white,nonhispanic,Waltham,MA,02451
2d6c0f19-b1ac-4501-ad9a-94ed22524564,1950-01-23,M,white,nonhispanic,Medford,MA,02155
3f2dd2b2-e754-4a90-bbd9-0cd5dc0ca9ec,1936-11-22,F,white,nonhispanic,Cambridge,MA,02138
eb92ebb4-2bfe-44ed-bef7-36d5a8885d99,1947-01-01,M,white,nonhispanic,Medford,MA,02155
db4cae07-549b-4129-b332-dadc3110f5f8,1972-05-07,F,white,nonhispanic,Waltham,MA,02451
0618d306-2d1b-4320-821e-8787d697276e,1945-01-24,F,black,hispanic,Boston,MA,02115
bc5bf7d8-6f3e-4b9a-a4a7-ad3d2f56529b,1982-02-12,F,white,nonhispanic,Boston,MA,02118
d8d694d2-a5e4-410a-aeee-14f0dca9636a,1976-10-10,M,asian,nonhispanic,Cambridge,MA,02138
fe990b17-0585-4121-b289-fd2636dc1fd3,1950-06-14,M,white,nonhispanic,Waltham,MA,02451
86cf8ab4-c885-4626-b9c5-c41c468322ee,1997-11-24,F,asian,nonhispanic,Quincy,MA,02169
98c7bbf7-a8f8-4560-9653-a4f85a509f0a,2007-01-17,F,white,nonhispanic,Cambridge,MA,02138
1994723e-b766-4901-9a65-b950980797ee,2008-01-11,M,white,nonhispanic,Malden,MA,02148
07c7071c-1681-4398-a178-c50ae0cb15e6,1963-09-17,F,white,nonhispanic,Newton,MA,02458
bea9eb7b-c016-45cb-acd5-f8831b2c7a68,1947-01-13,F,white,nonhispanic,Malden,MA,02148
347b2ce7-2966-4d85-a773-80a116b784da,1990-07-26,M,white,nonhispanic,Somerville,MA,02143
7f3f8d9a-0023-495c-aed0-7fadfcc53a0d,1982-07-30,M,white,nonhispanic,Medford,MA,02155
6ba0d87f-4ce1-4cf4-a72d-d3ce4c1a5c7b,1940-07-29,F,white,nonhispanic,Cambridge,MA,02138
d3a49495-d827-4946-b759-d454236e17ac,2012-03-03,M,white,hispanic,Medford,MA,02155
699694c6-9954-4c7d-883f-c5f842520e78,1994-02-15,M,white,nonhispanic,Boston,MA,02118
8b8a4a59-b37b-41b3-897e-9c60ed36c061,2020-10-19,F,white,nonhispanic,Brookline,MA,02445
31d268e8-2736-4e1d-9428-7671cfd1674a,1987-03-02,F,white,nonhispanic,Quincy,MA,02169
043f1a95-bb26-410f-abc8-f9e2aa3e4391,1954-07-16,M,white,nonhispanic,Brookline,MA,02445
3a619f91-0330-46fc-9b81-fd43bd4f0338,1942-03-23,F,white,hispanic,Somerville,MA,02143
2fdbc68d-6922-4444-b2ac-29687443bf14,1937-10-26,M,other,nonhispanic,Boston,MA,02118
1912168f-aea4-4102-85f8-1bc3b4713ec7,1987-11-21,M,asian,nonhispanic,Waltham,MA,02451
313f024f-f2d6-43af-8913-24d04e741df3,1994-12-12,M,other,nonhispanic,Cambridge,MA,02138
12159ddd-3be0-485a-a290-6233de5caa75,1981-09-13,M,asian,nonhispanic,Boston,MA,02115
2f4eebf4-9728-4acb-bfcc-9ae072415393,1984-04-28,F,asian,nonhispanic,Newton,MA,02458
051b65ac-1b07-4d59-9e2d-33e1ba7a2735,2006-09-23,M,white,nonhispanic,Quincy,MA,02169
cf097900-3abc-439d-834c-eb74f4b5a867,1991-08-15,F,white,nonhispanic,Newton,MA,02458
4b98ccd9-e05b-475e-90f9-0951a2ffdca6,1964-11-17,M,white,hispanic,Cambridge,MA,02138
726b7e1a-5460-4191-bca6-53112dffc635,1947-02-28,M,asian,nonhispanic,Waltham,MA,02451
14eb6e33-aa8f-4321-b492-10305bcfa5e0,1960-06-13,F,asian,nonhispanic,Boston,MA,02115
30c7abd5-8cb1-496a-91f3-e6fbd7979188,1941-10-02,F,asian,nonhispanic,Somerville,MA,02143
12a5ad49-a535-4f20-baa2-cc329158324f,1975-02-08,F,asian,nonhispanic,Boston,MA,02115
0092165c-d866-48d8-9196-caf1fecc00fb,2000-02-14,M,white,nonhispanic,Newton,MA,02458
8590796d-2402-4041-8134-493eb04360ac,1962-07-15,M,asian,nonhispanic,Quincy,MA,02169
8c638efc-2a18-4781-b52e-2ac1462e641a,1956-07-02,M,white,nonhispanic,Cambridge,MA,02138
735bf8d9-a8a3-4825-81d8-75d84da3bcd7,1967-02-09,F,white,nonhispanic,Somerville,MA,02143
55dbd983-b619-4395-985a-fd821c94f7ce,1979-08-14,F,black,nonhispanic,Malden,MA,02148
042062fd-c265-486b-ba18-8517192a66cc,1957-06-25,F,white,nonhispanic,Somerville,MA,02143
f6bbb300-b013-4d4b-960a-70737277d1f7,2020-10-22,M,white,nonhispanic,Boston,MA,02118
f9c2abd7-19c4-436e-999e-49cc03698b48,2017-12-17,M,black,nonhispanic,Boston,MA,02118
330d0f17-3439-4594-a3da-d5b3e7af896b,1982-12-20,F,black,nonhispanic,Boston,MA,02118
555cb9fb-4eb3-472c-a45c-5949ab07c3f2,1945-09-04,M,white,hispanic,Newton,MA,02458
c20913a6-db3b-443f-a878-46401c5c9ed5,1997-07-28,M,other,nonhispanic,Quincy,MA,02169
2f510b6d-b012-4937-ad30-da6602d6bb54,1967-07-03,M,white,nonhispanic,Waltham,MA,02451
74c091cd-aaee-4dc6-a580-f3f7babf4649,1964-07-26,F,white,nonhispanic,Somerville,MA,02143
9c32bc56-401a-4329-a80d-e6f6fcd1981a,2002-06-11,M,asian,nonhispanic,Newton,MA,02458
efb0f12f-c280-4e7a-94c4-91d5d794e346,1957-08-28,M,white,nonhispanic,Malden,MA,02148
2fffeda3-a595-419c-9258-deb4b8db0b65,1966-09-28,M,black,hispanic,Medford,MA,02155
ceadb3e8-1fb6-4d26-8c86-d4a5262a2613,2018-02-16,F,white,nonhispanic,Boston,MA,02115
c0609445-3dae-43d4-9b48-971cb76aae38,1982-09-24,M,asian,hispanic,Cambridge,MA,02138
513cb876-f2d5-466e-973f-f7a2d6963422,1994-07-07,F,white,nonhispanic,Waltham,MA,02451
8f10f4a5-a7a5-493d-bc46-9c2aa8afb423,1936-07-11,F,white,nonhispanic,Quincy,MA,02169
9d0d927b-7f2f-43b4-a429-6efd9b489918,1967-03-27,F,white,nonhispanic,Cambridge,MA,02138
42709ebc-683e-4e2c-a558-b60868782a55,1942-09-23,F,white,nonhispanic,Malden,MA,02148
5758dca3-2c12-491f-822e-f3c0dca69939,2009-05-20,M,white,nonhispanic,Malden,MA,02148
702862d4-8c94-4240-872a-127431379257,1980-12-02,M,black,nonhispanic,Brookline,MA,02445
5ed8c234-acd3-4d9e-8b2a-fc257ebed932,1958-09-24,M,black,nonhispanic,Boston,MA,02118
f027e8ff-cc29-4f15-9296-2a0f207444b0,1955-04-03,M,black,hispanic,Quincy,MA,02169
a6555cfd-12ac-4312-91af-9087a9ff615b,1983-01-11,F,white,nonhispanic,Malden,MA,02148
1e89cd70-32f3-4a01-b000-caca9383a90b,1963-11-19,F,white,nonhispanic,Quincy,MA,02169
8feacd9f-26ec-4aa9-bf13-01b4e4d7b7f1,1942-01-11,F,other,nonhispanic,Cambridge,MA,02138
36771e93-5011-4e96-af21-fff0180fd7ec,1962-12-09,M,black,hispanic,Waltham,MA,02451
3829bf8f-75c5-4427-a777-8abe8ce032ad,1964-09-05,F,asian,nonhispanic,Medford,MA,02155
ef468518-2c02-406c-879c-f82c710fc410,1937-07-05,M,white,nonhispanic,Malden,MA,02148
866e6f42-e577-4e5b-b6f1-12d5f0799be6,1985-08-02,M,asian,nonhispanic,Somerville,MA,02143
4eb51bc4-3503-45de-9e82-12f3a29063cd,1968-11-20,F,black,nonhispanic,Somerville,MA,02143
e5c296cc-c53c-42c2-b485-521f86535cc7,2012-04-13,F,asian,nonhispanic,Medford,MA,02155
7cef1102-227f-42d2-988b-b55912f33fa9,1998-06-21,M,black,hispanic,Boston,MA,02118
4151a07b-2d71-437f-9562-15ef3dc089a4,1961-05-29,F,black,hispanic,Newton,MA,02458
d8ad29e1-6fa2-414a-9415-638980312a4e,1941-02-05,F,other,nonhispanic,Malden,MA,02148
94586666-defa-4e18-80cd-665d4ce972be,1977-01-05,M,asian,hispanic,Cambridge,MA,02138
ddc6037c-9009-41de-8ef3-868fc8a5be64,1951-10-26,M,white,nonhispanic,Boston,MA,02115
e73ebe48-0af8-48f9-868f-707014e2e544,1937-06-28,M,white,nonhispanic,Boston,MA,02118
c66237f6-1928-43cc-9500-29d9c20c458b,1939-02-28,F,white,nonhispanic,Boston,MA,02115
0a175cd8-eb15-4757-b766-d37e8bd067b0,1969-05-23,F,white,nonhispanic,Quincy,MA,02169
894ffffb-9626-49de-926e-7a509c6fa1f5,1941-10-16,F,white,nonhispanic,Cambridge,MA,02138
be96993f-abcb-4763-8b0b-dbe5371b2595,1994-05-12,M,black,nonhispanic,Boston,MA,02118
897f69e4-fbb4-468f-9807-aeb48497ee58,2000-07-17,F,white,hispanic,Medford,MA,02155
db00216b-0954-413b-8f4e-5b08361dcc76,1947-08-16,F,white,hispanic,Newton,MA,02458
fd59bae2-eba6-4766-b8c3-e2d62c34665f,1978-04-17,M,asian,nonhispanic,Boston,MA,02118
f1e1c423-67eb-4fff-9e9a-03401bdffa97,1990-04-30,F,white,hispanic,Somerville,MA,02143
77026d66-8ce5-44d9-86b5-17f07e68cee2,1977-10-13,M,white,nonhispanic,Brookline,MA,02445
fae8a09a-5d4d-4b2f-8247-9369fed8704b,1979-10-20,F,asian,nonhispanic,Waltham,MA,02451
e5d2f80a-65ae-496e-9080-2034b403fccd,2013-04-25,F,white,nonhispanic,Brookline,MA,02445
03d5a0ff-84e1-46a9-9207-e1ee2ee7f1ef,2020-01-04,M,black,nonhispanic,Malden,MA,02148
004b78f3-1ca1-415c-8e9c-771075269f61,1957-08-26,M,white,nonhispanic,Boston,MA,02115
c1958ec5-95e8-4509-85e6-95edca98a1b4,2020-09-25,F,other,nonhispanic,Boston,MA,02115
81712c58-4aae-4ddc-a79e-a85bfac3e0f9,1986-07-05,F,white,nonhispanic,Boston,MA,02118
a2efac8b-ca02-405b-9a9a-0d1663bb9ba6,1939-09-08,F,white,hispanic,Malden,MA,02148
74919f56-7789-448d-81b2-26df02e00300,2006-03-30,M,asian,nonhispanic,Somerville,MA,02143
f8a10897-2656-4523-8561-34e7f62b3df7,1987-08-06,F,white,nonhispanic,Cambridge,MA,02138
b17fcd88-d54f-41f6-85bd-5f16bbf46f3a,1999-08-01,M,asian,nonhispanic,Somerville,MA,02143
aa0b3b0d-517c-4149-99fe-f35f93782cba,1941-09-08,F,white,nonhispanic,Cambridge,MA,02138
ae612f4c-c8a9-4ac5-8533-d8dd3ae2400a,2009-02-12,F,white,hispanic,Boston,MA,02115
92439ff5-b33b-4eee-b341-22892c62a2a3,1951-06-27,M,black,nonhispanic,Medford,MA,02155
e7009e72-60c8-41f1-9853-fea4fd58c2b9,1989-07-05,F,white,nonhispanic,Quincy,MA,02169
8779ce1e-2a4c-4b2b-9da5-420f6f257da1,1975-02-23,M,black,nonhispanic,Brookline,MA,02445
7eb0a6d4-992b-4ac9-a808-b9ebea62d8f4,1952-09-21,M,white,nonhispanic,Cambridge,MA,02138
b6a1ebba-d51b-4ead-8b0d-e1da5d6bc910,2019-02-04,F,white,nonhispanic,Malden,MA,02148
99459f3d-39c6-4d7a-a967-f6a3609a95cb,1988-12-03,F,white,nonhispanic,Cambridge,MA,02138
aca12de6-a887-4533-85b9-f076cb5ded98,1991-05-19,M,other,nonhispanic,Quincy,MA,02169
a8d3967e-23ba-447a-be24-8d89118d3e32,1990-11-04,F,white,nonhispanic,Boston,MA,02118
5a5c43f8-9719-46f3-8be6-6e4e1a4345f0,1973-12-23,F,white,nonhispanic,Somerville,MA,02143
f71ddd91-ed7b-409d-a8aa-443bc95ee9f3,2001-09-22,F,asian,nonhispanic,Cambridge,MA,02138
55b164df-be68-4f67-94e1-44e9f41aa20f,1957-09-20,M,white,nonhispanic,Brookline,MA,02445
a2dd7845-0dd0-4653-8e48-957965ad1b7f,1977-08-29,F,white,nonhispanic,Malden,MA,02148
9dbf625b-b5a3-41d2-9cfd-9b2cce42e86e,2000-01-28,M,other,hispanic,Boston,MA,02115
cdb6a264-45d2-4e9d-a4ff-b28e4f58a451,1961-06-24,F,white,nonhispanic,Somerville,MA,02143
ee6f1319-bd6d-41e4-b00a-03871a321d34,1966-01-28,F,asian,nonhispanic,Waltham,MA,02451
cb518078-3b60-4184-a41f-226c7daf8f51,1936-05-31,F,black,nonhispanic,Malden,MA,02148
77636ada-a74b-44f5-b4ed-98de2e626496,1963-06-23,F,white,nonhispanic,Medford,MA,02155
508224b6-5a61-4b85-a274-94e0d486f220,1956-08-08,M,white,nonhispanic,Waltham,MA,02451
8954d28f-1618-4d1c-9012-01ffa51a2105,1972-08-04,F,white,nonhispanic,Malden,MA,02148
971b3274-912c-4d26-bb95-76be90e13393,2003-09-10,F,asian,hispanic,Boston,MA,02118
a1f2a2a9-884f-4c11-8391-12143af7c27c,2005-09-11,M,white,nonhispanic,Quincy,MA,02169
eb208e20-3d27-4fd0-9deb-2fe9f0bb4ddc,1983-12-28,M,black,nonhispanic,Brookline,MA,02445
47fd427b-f486-45e3-b5f3-7018f998f96c,1988-12-14,M,black,nonhispanic,Newton,MA,02458
85b07d1b-2871-4d2f-b7f5-aa3c5cfff4b4,1962-10-15,F,white,nonhispanic,Brookline,MA,02445
0e195060-af54-474a-928f-2ef485d39551,1941-02-17,F,white,hispanic,Waltham,MA,02451
606cd0b8-0ea8-42c7-bc2f-8f5fcfdeac0b,1957-12-27,M,white,hispanic,Malden,MA,02148
c616f316-a440-4842-9d85-83da2235d2bf,1975-05-28,F,white,nonhispanic,Cambridge,MA,02138
3dfcb3fd-2871-4296-bebf-0c47ba2ae2c0,1968-12-31,M,white,nonhispanic,Brookline,MA,02445
60830b64-d13b-463b-bdee-8ef9a9a10ae7,1969-05-17,M,white,nonhispanic,Somerville,MA,02143
aa98a42a-ee5c-44a1-b588-83193f8546ae,1969-02-14,F,white,nonhispanic,Cambridge,MA,02138
c7b89373-03ce-4a4c-b06b-a7302d17b9ef,1975-01-15,M,black,nonhispanic,Somerville,MA,02143
9d45da10-2703-4a07-a600-ac3e501aa9b9,2019-10-29,M,white,nonhispanic,Quincy,MA,02169
391ed178-a60d-4dd2-8d01-faee027756d5,1968-04-29,F,black,nonhispanic,Malden,MA,02148
76171da8-d3c1-458c-a40d-dfe697954ad0,1971-10-26,M,other,nonhispanic,Cambridge,MA,02138
dacfb866-5109-4473-b378-84a6fbfa9a67,1993-11-17,F,white,nonhispanic,Brookline,MA,02445
b8af424c-9175-4e30-88f4-7c982c0cab33,2020-05-03,M,black,hispanic,Somerville,MA,02143
46d12b3c-07ea-4e0e-9863-592193391185,1965-04-29,M,white,nonhispanic,Malden,MA,02148
e27f63d1-9075-435d-8c27-16e09e264139,1976-11-24,M,white,hispanic,Somerville,MA,02143
e9e80a02-d42f-4e86-acc1-86e1645c5ad6,1992-10-25,M,white,hispanic,Boston,MA,02118
87ce4ccb-31ca-4dfe-9f3f-a86069d96da9,1973-12-17,F,white,hispanic,Waltham,MA,02451
79bae91b-1d5c-4f45-a22b-3ead777197a5,2002-02-17,F,white,nonhispanic,Waltham,MA,02451
999483b0-a9e3-412b-8be6-bdf17acf1144,1992-04-13,F,white,nonhispanic,Malden,MA,02148
19651501-727b-4bf6-87d2-e8cd6c7e7a39,1977-03-24,M,asian,hispanic,Boston,MA,02118
1d9105f5-0c72-49ac-a1ae-0aa68200cf8f,1973-09-01,F,black,nonhispanic,Somerville,MA,02143
62946834-960c-4b50-99e2-31a65f09af3b,1991-10-02,F,white,nonhispanic,Waltham,MA,02451
9ecec60a-8eb5-4d92-a101-7d493b3c335c,1999-11-02,M,white,nonhispanic,Boston,MA,02115
10bb1729-4732-4aea-b062-ec877cd547d7,1988-09-03,F,white,nonhispanic,Quincy,MA,02169
b81f30e0-6543-4887-86b3-af8d63900aea,1941-09-15,F,asian,nonhispanic,Somerville,MA,02143
aef53414-cb60-4b0d-a60c-11fb07cae2bf,1996-12-10,M,white,nonhispanic,Waltham,MA,02451
a9fb1cc2-3719-4f45-8d97-091e8a76a499,1961-03-06,F,asian,hispanic,Somerville,MA,02143
01f9eaea-4fea-4e25-a165-0c475f3a4026,1999-01-31,F,asian,nonhispanic,Malden,MA,02148
823a5a33-2e3c-432a-abe1-fac8b300c3ec,1952-08-05,M,white,nonhispanic,Newton,MA,02458
c62c62bb-aaeb-4a23-85a0-101feb2c1790,1956-02-24,F,white,nonhispanic,Quincy,MA,02169
1dd440be-ccc1-49ce-9ac1-5cd00b4d0344,1964-09-12,M,white,nonhispanic,Medford,MA,02155
22cbc68f-7acf-457f-875e-24a4b3c8d8e9,1972-12-15,F,white,nonhispanic,Boston,MA,02115
dd8405f2-9e63-4920-ba7c-50cadf9f21d8,1965-09-02,M,white,nonhispanic,Somerville,MA,02143
d9281cf9-c2ff-499e-9959-86cea63a15de,1995-06-10,M,white,nonhispanic,Cambridge,MA,02138
c2d9d828-a82c-4359-947e-056dfef518f3,1960-10-22,M,other,nonhispanic,Boston,MA,02115
a5c5dbcf-fa84-4391-ab68-527146c13b55,1974-07-11,M,black,nonhispanic,Boston,MA,02118
df48e522-053e-4adb-b51a-9e24bdfe9de8,1957-10-01,M,white,nonhispanic,Boston,MA,02115
1a0867da-950c-45f0-a29d-8bb89d443c11,1952-08-27,F,other,nonhispanic,Quincy,MA,02169
edc8c7e0-c788-4b1a-9bca-51c9f8b304f9,1967-09-21,F,white,nonhispanic,Boston,MA,02115
56803ab4-fc26-40e6-a766-861e6a159dda,1981-06-09,F,asian,nonhispanic,Waltham,MA,02451
dce452a0-bc12-4fec-9962-723817216a17,2014-09-04,M,black,nonhispanic,Brookline,MA,02445
2a1b49e1-e445-48d6-967c-90bba824b533,1965-09-06,F,asian,nonhispanic,Cambridge,MA,02138
7ef74263-c7cf-4992-bbd5-483f69a4b18c,1991-08-16,F,white,nonhispanic,Medford,MA,02155
0b4cc790-39af-49df-b3fa-c6f7a69e6c0e,2004-05-23,M,white,nonhispanic,Malden,MA,02148
8e21649b-6e7e-4756-a724-c077b056359c,1939-02-23,F,other,nonhispanic,Brookline,MA,02445
1760b6c1-9851-41ed-8e38-ddb3f2d12f3c,1949-05-26,M,white,nonhispanic,Medford,MA,02155
ba4c7fda-c56a-447f-a390-2cedebc4be90,1986-02-05,M,black,nonhispanic,Boston,MA,02118
a763cc6c-1954-4292-a715-a0589e7cf545,1982-02-19,F,white,nonhispanic,Somerville,MA,02143
a899dabf-513d-43c6-b9f8-64ec05f57126,1979-02-18,F,asian,nonhispanic,Boston,MA,02115
adda840d-cad7-4ad5-b8ad-cd0cf2d77eff,1994-12-04,M,white,nonhispanic,Brookline,MA,02445
fafab2a0-1424-456d-8e7c-10c3e6f070e0,1936-03-31,F,black,hispanic,Quincy,MA,02169
b4b4618a-2c38-4cd0-95a3-3cc18c0a0841,1972-07-16,F,white,nonhispanic,Medford,MA,02155
d57b722c-2537-4206-afca-233ccb513ce9,1993-09-30,F,asian,nonhispanic,Boston,MA,02115
f2f56770-062b-41d1-8804-eff800cd370d,1987-01-21,F,white,hispanic,Boston,MA,02115
1a706c75-8a25-43cb-9059-ce2937345cfc,1969-06-21,M,other,nonhispanic,Boston,MA,02115
2db43e20-e5f1-4079-b730-7aa9e79d811a,1938-09-14,F,white,nonhispanic,Brookline,MA,02445
f27f65c6-63bf-44f4-9cc5-4c3a3e5e00a6,1969-03-29,M,other,nonhispanic,Waltham,MA,02451
308e7f9b-5a0c-40f0-991d-ddc189531c05,1998-04-20,F,white,nonhispanic,Quincy,MA,02169
f57706b2-821d-4040-b7d1-9cea375a8209,1945-07-08,F,asian,nonhispanic,Medford,MA,02155
7a2e0c9c-e57b-49c4-9e9b-3c2a9025ae32,1951-10-17,M,asian,hispanic,Boston,MA,02115
05eb47ba-c03c-4085-8040-3e609ad1419d,2007-12-06,F,other,nonhispanic,Waltham,MA,02451
b649f599-a4d2-4d6e-b5e5-bff8b3e4e45f,1969-04-24,M,white,hispanic,Quincy,MA,02169
e66a5b7a-ac0b-4025-bf4e-37b090a0cb52,1968-03-17,F,white,nonhispanic,Medford,MA,02155
3b8f4abc-4866-4175-888e-9e2d5ee0e917,1961-06-09,F,white,nonhispanic,Cambridge,MA,02138
238b8a3f-8384-4b9b-af43-168300997b6e,1949-01-28,F,black,hispanic,Cambridge,MA,02138
9ad78c27-4070-44b8-a47b-c02996117cfb,1973-08-02,M,white,nonhispanic,Medford,MA,02155
5ea61b5c-e9f6-427b-8f70-20ff7fd7cd18,2001-06-25,M,white,hispanic,Boston,MA,02118
f69cd732-af9d-4196-a9fe-a65f85c6d299,1939-07-20,F,black,nonhispanic,Boston,MA,02118
cb068533-c054-4094-bc3d-0fb5a8662452,1936-10-19,M,white,nonhispanic,Malden,MA,02148
9a3dafd4-788e-4287-84c1-664b26b18444,1937-01-28,F,black,nonhispanic,Boston,MA,02115
161fd7ec-d205-47cd-a0cf-9041b1b31a69,1962-05-05,M,black,hispanic,Boston,MA,02118
379a2648-0803-4b0b-b1c6-fb99a323baf9,1961-11-04,M,black,hispanic,Brookline,MA,02445
da52be45-f3f3-44c3-b464-605415030fd0,1946-02-14,F,black,nonhispanic,Somerville,MA,02143
ac328f64-838b-46f3-8f08-08c43a5951c5,1972-03-09,M,white,nonhispanic,Medford,MA,02155
5e51e90f-602b-401e-b7f2-6a0738f2106f,1939-09-08,M,white,nonhispanic,Newton,MA,02458
f08c1b36-864b-477b-b361-337fddfaab76,1943-07-31,F,black,nonhispanic,Malden,MA,02148
3719c4b0-3cf0-401c-994b-8f63bf6f612b,2013-05-08,F,black,nonhispanic,Quincy,MA,02169
5e92f762-8953-491d-880e-b95c2ba27b8e,1999-02-27,M,other,nonhispanic,Waltham,MA,02451
2921f338-513e-4a67-8d08-988f3648b1c6,2012-09-26,F,white,nonhispanic,Boston,MA,02118
33ad6438-f5d1-4638-981f-c77af0f38fe0,2013-11-11,M,white,nonhispanic,Quincy,MA,02169
0280c239-7251-460f-a9de-21bd13a18dc7,1951-05-11,F,white,nonhispanic,Medford,MA,02155
17b551b5-19d2-4acb-aced-e5386f9038e0,2013-11-24,M,white,nonhispanic,Somerville,MA,02143
16eb68a3-0d3f-4e66-af1c-6bb6e7011571,1941-07-20,M,asian,nonhispanic,Newton,MA,02458
803ca585-817b-48b9-9b30-a386057f0090,1948-03-06,M,asian,nonhispanic,Brookline,MA,02445
efda428e-8a38-4d7b-8aff-fa38ca0a2cf1,2003-09-12,F,white,hispanic,Boston,MA,02115
bbb7057b-9c2a-46e0-a3f0-f4318e2959ed,1996-07-05,M,white,nonhispanic,Malden,MA,02148
d0401bd3-df47-4205-963f-3b1a0e3695ec,1976-09-18,F,white,nonhispanic,Newton,MA,02458
6ab6c24c-fa5e-4649-a973-ba0d6b0c7586,1976-08-07,F,white,nonhispanic,Malden,MA,02148
f157603b-18f4-47c7-b6dc-4a163fec683d,1965-02-09,F,white,nonhispanic,Newton,MA,02458
da1ab0d2-4c66-45eb-aafc-9713ff5fef1f,1998-01-02,F,other,nonhispanic,Cambridge,MA,02138
ed6913ed-abc5-4fce-bae5-042b23b75d34,1970-09-29,F,white,hispanic,Medford,MA,02155
943472a0-149d-463f-a719-7fe8e9706dd3,1978-06-25,M,black,nonhispanic,Cambridge,MA,02138
52c0dc64-7605-452e-a30c-3088e9799b3b,2004-06-08,M,white,hispanic,Medford,MA,02155
da14ff55-c56d-441e-8fb5-57dab7f336f5,2000-06-10,F,white,hispanic,Boston,MA,02115
07601ee2-f3a8-492e-850e-62099884bb27,1979-06-26,F,other,nonhispanic,Quincy,MA,02169
e5a65c6c-d470-44ec-9040-ad8bc295f970,1984-12-20,F,black,nonhispanic,Boston,MA,02115
f3d5448a-656d-4e02-9867-0278128a11d0,1962-04-04,F,white,nonhispanic,Newton,MA,02458
45bf1d19-1bf6-4711-9f8b-13901e0bf005,1991-06-29,M,black,nonhispanic,Malden,MA,02148
df12011e-e370-44f0-a4a6-f63f0cf4927e,1962-06-06,F,white,nonhispanic,Boston,MA,02118
1a677c05-25b6-4e48-8630-3de231cd75d2,1946-07-15,M,white,nonhispanic,Newton,MA,02458
2458bded-13ec-4bc9-898c-952bc9846ad5,1991-06-15,F,white,nonhispanic,Quincy,MA,02169
30f04976-ffc2-4f67-8d55-6ce4880fa4fe,2022-02-23,M,white,hispanic,Boston,MA,02115
fcf8fdf3-4093-4cfa-ab76-c923c21cde1b,1968-04-12,F,white,nonhispanic,Malden,MA,02148
f2d310b2-56d3-4185-a47c-cb97cec500a7,1994-02-15,F,black,nonhispanic,Cambridge,MA,02138
e094dceb-d1bf-4a30-b5e6-089243370628,1989-05-26,F,asian,hispanic,Medford,MA,02155
110d4656-ec83-4c0c-9b6c-df6cefccbb56,2018-06-24,M,white,nonhispanic,Boston,MA,02115
94ae8673-de74-4960-bd21-fd9563d72655,1989-08-06,M,other,nonhispanic,Cambridge,MA,02138
78c53a9f-fbb1-449e-b50a-c94284cf1add,1978-08-08,F,white,nonhispanic,Brookline,MA,02445
e5a8dd3f-1fbb-403a-acc3-14169870b3de,1955-06-02,F,white,nonhispanic,Waltham,MA,02451
782b123b-31b4-4dc5-be0e-7e385b66953f,1967-09-19,M,white,nonhispanic,Cambridge,MA,02138
3b902045-af84-4dbb-a959-b233f0932ef4,1998-07-02,M,white,nonhispanic,Boston,MA,02118
5bd2a99c-4aa5-4629-851f-a0a1f6bb6bc2,1972-06-08,F,white,nonhispanic,Malden,MA,02148
4cf65519-c1da-4737-be28-452317b93ae9,1960-08-13,M,white,hispanic,Cambridge,MA,02138
0c3915b6-c52f-4e29-84ec-9a502f9329dc,1974-10-21,M,black,nonhispanic,Waltham,MA,02451
84fdf833-9199-4927-8611-5debac250e93,2003-03-25,M,white,nonhispanic,Malden,MA,02148
7b8ce7af-fc07-4413-84aa-69564f3b4ae3,2004-01-17,F,white,nonhispanic,Somerville,MA,02143
7b36de55-ed2c-4507-996b-20efa521fb42,1983-05-01,M,white,nonhispanic,Waltham,MA,02451
cce4aaaf-b757-4ab0-a2a5-58d431e1f355,1939-06-02,F,white,nonhispanic,Somerville,MA,02143
984137c4-4185-4413-8e20-574f9534c349,1970-03-06,M,black,nonhispanic,Waltham,MA,02451
f99d5b05-de68-413a-ab0b-caa8ce12e637,1943-01-03,F,black,nonhispanic,Boston,MA,02118
cb83619c-8d75-4518-8e1f-53f1122d4a26,1951-08-04,M,black,nonhispanic,Waltham,MA,02451
917d11a7-07db-4315-90b3-651b64ac6e9f,2012-11-02,M,asian,nonhispanic,Quincy,MA,02169
5e9cdaf1-7886-496f-8e95-c6db1d828164,2010-01-09,M,white,nonhispanic,Boston,MA,02118
e84a1783-c04f-4196-8685-4ca4c9e5af22,2012-09-16,F,white,nonhispanic,Medford,MA,02155
a3cd7de1-d5a3-4db9-bf00-e9572b02960a,1937-05-27,M,other,nonhispanic,Waltham,MA,02451
8136f805-1b4f-4151-93e4-01a28305fb79,1986-01-22,M,black,nonhispanic,Medford,MA,02155
4927ce29-42ba-4c09-8680-4c1cca7eee58,1959-06-25,F,black,hispanic,Boston,MA,02115
a887ed7a-9098-4d0a-8b0b-96910545b4f3,1943-12-25,M,white,nonhispanic,Brookline,MA,02445
b55d4c1c-8a06-4c6b-89e0-349e31e7b1d1,2006-10-16,M,asian,nonhispanic,Medford,MA,02155
63bd69b9-2062-4d56-8538-e198d0364dcf,1946-05-06,F,white,nonhispanic,Brookline,MA,02445
315a6931-7c45-4b6e-94a5-21a0cc508f5d,2021-12-07,F,other,nonhispanic,Brookline,MA,02445
b8551f48-f441-4a5e-bc04-be0f64e08bb8,1966-04-04,M,asian,hispanic,Newton,MA,02458
36590f42-5ccc-4834-ad66-01f166b16033,2012-05-08,M,black,nonhispanic,Cambridge,MA,02138
9de5a393-df94-4dcb-b64a-fe7a394f9a9b,1968-11-19,M,asian,nonhispanic,Boston,MA,02115
65107a1f-8b5b-488c-8406-0253b8787634,1956-03-20,F,black,nonhispanic,Quincy,MA,02169
c52d30b8-d7af-4b38-a605-85ae5e359899,2002-03-12,M,white,hispanic,Somerville,MA,02143
ae6c33d1-394a-4ef9-bbe6-116ac6747457,1993-06-22,M,black,nonhispanic,Medford,MA,02155
694c6353-09c7-4be5-963b-09fe99b9e2fb,1999-11-18,F,asian,nonhispanic,Cambridge,MA,02138
61cb6613-37c3-4c26-b273-443da617c46f,1990-03-22,M,black,nonhispanic,Quincy,MA,02169
b0d696b9-7ab1-44f1-91d4-d85427164970,2004-07-15,F,asian,nonhispanic,Brookline,MA,02445
14950455-f1f0-42a7-82c3-c393ed2ab533,1994-12-29,F,black,nonhispanic,Waltham,MA,02451
06797891-e2c9-4903-8b1a-9679bef615dd,1975-05-18,F,asian,nonhispanic,Medford,MA,02155
d8508791-980f-424a-bfbe-73affe57292d,1995-03-09,M,other,hispanic,Somerville,MA,02143
4be0266b-ef2e-40d6-9f9e-ca83f6f99b18,1984-03-17,M,other,nonhispanic,Newton,MA,02458
5305012f-fb11-43d4-92af-11b4f3d02f08,1956-02-21,M,white,nonhispanic,Boston,MA,02118
847b0671-6620-44ed-a86c-a33e410e707f,1936-06-14,M,black,nonhispanic,Somerville,MA,02143
e01174ab-6b1b-44ce-bd28-e9298b85ac2e,2004-05-10,F,black,nonhispanic,Waltham,MA,02451
bb1538f9-d84d-47b2-82cb-c26b17a0e81e,2014-12-08,F,black,nonhispanic,Boston,MA,02118
d35c73f5-3758-4dfa-aa5a-cf2bdfff06c6,1985-06-02,M,other,nonhispanic,Boston,MA,02118
f007f737-c132-473e-a05e-924c4187ae14,1984-02-06,F,white,nonhispanic,Cambridge,MA,02138
728983a9-29b0-4622-b603-2c0474379065,1978-01-03,M,white,nonhispanic,Waltham,MA,02451
43f2035c-f7cc-4dcd-a06c-d67eb1572781,1999-05-01,F,white,nonhispanic,Medford,MA,02155
5ddfe4f0-1e9c-4054-b8ce-b77ee29e45ce,1992-10-31,F,white,nonhispanic,Boston,MA,02115
7e919584-03b4-4694-8492-3f942685d51e,2002-12-25,M,other,nonhispanic,Brookline,MA,02445
7b05374d-7a0c-49df-9792-0e19a317d363,1936-04-07,M,black,nonhispanic,Quincy,MA,02169
d326413a-9270-4d03-8f2e-21c1c50e5ff7,1969-04-02,F,white,nonhispanic,Quincy,MA,02169
9c1343c7-0737-41d7-a96a-2cdeaa80c022,1986-03-27,F,white,nonhispanic,Brookline,MA,02445
193348c0-63f6-4909-b8ff-8ccec960d2f5,1984-01-12,M,black,nonhispanic,Boston,MA,02118
7590a41a-d54d-4a8d-bcae-7b8b78397f81,1980-12-11,M,white,nonhispanic,Malden,MA,02148
a376e003-6218-441d-9d51-096469faa46b,2000-09-08,M,black,hispanic,Malden,MA,02148
1d4a1794-c966-4557-a69f-962e2e3cbeaf,2018-01-24,F,black,nonhispanic,Waltham,MA,02451
d7df0197-72f1-47e7-8a38-515f002ee24b,1946-03-10,M,white,nonhispanic,Somerville,MA,02143
3d8a7b5e-cbcb-4032-9290-ff0abccbc63f,1981-01-26,F,asian,nonhispanic,Quincy,MA,02169
6432c0d1-1e23-4780-977b-2edf3c99c471,1996-08-25,F,black,nonhispanic,Newton,MA,02458
c5e5c831-6301-4225-bf3d-89f106d66bb6,1983-01-26,F,asian,nonhispanic,Boston,MA,02118
e89599b6-420b-4ee2-b69f-040f8c871dc1,1973-01-19,M,white,nonhispanic,Quincy,MA,02169
83e8624e-f051-4667-a954-4f4b046fd44b,2002-09-16,F,white,nonhispanic,Boston,MA,02118
642c4ac4-f9c6-4230-8884-627a59a9639e,1947-06-21,F,black,nonhispanic,Boston,MA,02118
60330b86-c5e7-49f8-9ef4-a68e784b5f08,2017-03-24,F,black,nonhispanic,Waltham,MA,02451
e2dbe4e5-ea94-4882-912b-80763beb8996,1975-11-21,M,white,nonhispanic,Brookline,MA,02445
57d0f62e-7339-4822-8e05-db8c2c3baa07,1975-01-31,M,white,nonhispanic,Boston,MA,02118
8dfbed81-79ef-4b28-ad17-fb731757900e,1997-12-23,M,white,nonhispanic,Somerville,MA,02143
257cdf39-7b4b-4f1a-950c-b427b7601ff8,1965-08-31,F,black,nonhispanic,Boston,MA,02118
15f484e8-313f-46e5-8036-f8f12fd1361b,1944-12-21,F,black,nonhispanic,Newton,MA,02458
4ac8c4a4-572d-4b5e-b4b4-656f8c27cc17,2009-01-10,F,black,nonhispanic,Waltham,MA,02451
5e2fe0a7-564a-4ee0-ab4a-751832af602f,2002-07-13,M,white,nonhispanic,Somerville,MA,02143
6a045ed6-a854-4394-99f9-eaf411ac2cde,1993-07-22,F,black,nonhispanic,Newton,MA,02458
085dbc5a-3571-41b4-9c68-b6e2d29ba160,2001-08-06,M,black,nonhispanic,Brookline,MA,02445
4af09a97-89b2-4aec-ac1d-ba1a1a040135,1936-08-13,F,white,nonhispanic,Boston,MA,02115
7433a179-d38b-4b82-a065-968ff6445408,1957-04-16,F,white,nonhispanic,Medford,MA,02155
c042ab8f-8542-463a-99d8-c29ebb633d3d,1995-01-14,M,white,nonhispanic,Cambridge,MA,02138
a5951d46-6e0c-4984-a3a4-90db08da0377,2015-04-26,M,asian,hispanic,Brookline,MA,02445
cc7565f3-18f0-4757-adde-6399fb766dd4,2004-02-12,F,white,nonhispanic,Newton,MA,02458
93e27541-2342-436b-a79f-a93e58e77002,1995-11-09,F,white,nonhispanic,Waltham,MA,02451
f382019d-7763-4f76-a1bc-2ac9b992c352,1956-06-23,M,white,nonhispanic,Boston,MA,02115
071dfde3-6d77-44ef-ab06-4a28811933f0,1978-12-25,M,white,nonhispanic,Cambridge,MA,02138
822be260-3188-4633-a7cc-e8eba0413ebf,1972-06-12,F,black,nonhispanic,Newton,MA,02458
b8de6cb9-ed4d-446c-a13f-6a96fb33d17b,1978-07-13,F,asian,nonhispanic,Malden,MA,02148
923b1b09-cd44-4a67-85c4-3c5ddffcc343,1985-01-02,M,asian,nonhispanic,Somerville,MA,02143
ddef7526-aaec-4195-88bd-07743f0593d5,1965-12-07,F,white,nonhispanic,Malden,MA,02148
e457d3c3-b2ad-454b-ac85-a5b6563683b0,2016-04-09,M,white,nonhispanic,Waltham,MA,02451
5818e7f9-8c10-4a61-a71d-20fb607e43d1,1957-04-02,M,black,nonhispanic,Brookline,MA,02445
54a97e5d-53c4-450f-ab71-8fb27f73ef8a,2003-05-15,F,white,nonhispanic,Medford,MA,02155
a37b7c2e-a39e-48b9-a54c-e446e1ff5d43,1955-08-01,M,asian,nonhispanic,Cambridge,MA,02138
e1b516de-c5e4-4a72-8f1e-e30e18df96d5,2007-04-08,F,black,nonhispanic,Malden,MA,02148
83298992-6146-4e60-b064-2f266147e83d,1967-12-26,F,white,nonhispanic,Brookline,MA,02445
d62b2689-901d-47ed-8098-7d6285e88de0,1966-12-05,F,black,nonhispanic,Malden,MA,02148
599cd760-cb65-4343-a48e-2c78ec09e980,2002-04-07,M,white,nonhispanic,Boston,MA,02115
ffc7fd59-259c-40e8-84f9-11336bec8a9a,2010-10-15,M,white,hispanic,Brookline,MA,02445
68a4defa-fe3d-4904-ba99-887ae304fc5a,1962-05-03,M,white,nonhispanic,Malden,MA,02148
296c58e0-f378-4f09-aadf-1965f043ca64,1966-07-17,F,white,nonhispanic,Boston,MA,02118
d48585a8-d177-464a-9927-c1b6c4b3cd81,2005-05-11,M,white,nonhispanic,Boston,MA,02115
377eda73-8b11-44cb-adfb-a9426d96bcd4,1981-01-01,F,white,nonhispanic,Cambridge,MA,02138
445fa394-dabc-4d25-9813-c6cb45688da0,2002-05-03,M,white,nonhispanic,Malden,MA,02148
90b89d14-168a-4c26-a16c-ec334179cba4,1990-01-12,M,white,nonhispanic,Somerville,MA,02143
6e1b2a92-92f6-44bb-bfa3-14161d779b86,1970-11-24,F,white,nonhispanic,Brookline,MA,02445
4248b635-66f5-46f0-8e97-9c9fa9f633b2,1980-12-15,M,white,nonhispanic,Boston,MA,02115
5e1f97a3-a276-49c9-bd63-d52f879fd74b,1946-10-24,M,black,nonhispanic,Cambridge,MA,02138
fb4a2152-647e-4f4e-8cbf-97115406f0f4,1979-12-03,F,black,nonhispanic,Quincy,MA,02169
66133f87-72f7-450b-8483-4942e0e00cc1,1977-05-01,F,white,nonhispanic,Boston,MA,02115
5755d6fc-e3b7-405b-aee7-a84f40fb0fd7,2004-07-06,F,white,nonhispanic,Boston,MA,02118
46c081ea-f2c8-40c1-b32f-848f55e853e9,1947-06-30,F,white,nonhispanic,Waltham,MA,02451
479449d6-e35f-4164-a5b9-d6198e0f70dc,2002-09-26,M,asian,nonhispanic,Brookline,MA,02445
e6db582b-6ac6-4745-976f-7c58921ddeaa,1985-11-08,M,white,hispanic,Newton,MA,02458
4397b21e-3322-4f46-8a42-a7f0035797a8,1989-04-12,F,white,nonhispanic,Quincy,MA,02169
83257f3e-fb80-4f76-960e-095d0f834cfe,1974-04-26,F,black,nonhispanic,Cambridge,MA,02138
6d350a7a-8134-48a3-95d7-df715ae6459d,1991-11-28,M,white,nonhispanic,Cambridge,MA,02138
c4bfcb1a-5041-4d25-8fb0-5343825b1f7f,1986-07-11,F,white,nonhispanic,Medford,MA,02155
75eb1af2-b987-4778-b8d5-dc909f9fbb13,1968-12-24,F,black,hispanic,Malden,MA,02148
df808dba-4434-4424-9e3d-07b521f59ea0,1982-03-30,F,white,nonhispanic,Boston,MA,02115
4522d462-85e3-4415-a1a7-d372a09ba5c6,1976-03-02,M,white,nonhispanic,Waltham,MA,02451
cd301d1c-1415-445a-aaf6-22bb9517fb16,1980-03-29,F,other,nonhispanic,Malden,MA,02148
af16d5f3-a831-4208-a6c2-f6c701aff427,1992-03-24,M,white,nonhispanic,Malden,MA,02148
a2072bac-3451-4a96-8398-87dfdb52a1ef,1991-08-18,M,white,nonhispanic,Boston,MA,02115
343912ba-33e0-4bda-b5df-4d4e5b0cd547,1943-02-13,M,other,nonhispanic,Medford,MA,02155
064c1c3b-4c66-497e-b691-15b38f9bfde0,1993-06-19,M,white,nonhispanic,Boston,MA,02118
a7449237-1a04-47c7-96e7-6d3b1fd98b48,1966-07-11,F,asian,nonhispanic,Boston,MA,02118
bbf4ae19-4f4c-4d48-acf0-40cdd6a6e7e7,1965-11-28,F,white,nonhispanic,Brookline,MA,02445
03dec4dc-b023-4f94-9be2-b568cb747dde,1983-11-12,F,black,nonhispanic,Medford,MA,02155
189a281a-754c-4be7-b06e-1a8c6dae5db2,2005-12-05,F,asian,hispanic,Boston,MA,02115
a4d61b2f-ce6e-404c-b879-9612e385d8d2,1956-07-18,F,white,nonhispanic,Newton,MA,02458
f19f2d17-8536-4622-8205-7ce8036533b8,2007-07-13,F,white,nonhispanic,Newton,MA,02458
e772ab90-b026-4387-af8c-c4804f538c4a,1985-10-29,F,white,nonhispanic,Newton,MA,02458
2a953a3b-8711-47da-b8e2-ad9d225f9b73,1993-08-09,F,black,nonhispanic,Malden,MA,02148
bb405306-4514-44cb-8cd9-13f380b5255c,1994-10-06,M,black,nonhispanic,Waltham,MA,02451
816b1558-42c4-4728-8abf-b709459e56c8,2017-01-20,M,black,nonhispanic,Quincy,MA,02169
87a6c504-670f-4314-95fa-84e4417f8352,1971-07-09,F,white,nonhispanic,Quincy,MA,02169
61b53938-488c-49b7-a855-93dbe65e106d,1982-12-08,M,white,nonhispanic,Malden,MA,02148
58caf6a2-64f2-4af7-9dcf-a68ab98f4a1c,2012-08-13,M,white,nonhispanic,Quincy,MA,02169
3719cd63-7848-42ae-b3de-0e68917a0800,2006-01-23,M,white,hispanic,Somerville,MA,02143
f0a882e8-0bde-4783-b9a0-9e4f2f3d22b1,1973-01-22,M,white,nonhispanic,Newton,MA,02458
54c98fe2-f5e4-4e94-9db3-89d038c77330,1965-02-07,M,black,nonhispanic,Boston,MA,02118
8605acf4-8b5b-4dd9-9c40-afb6ad26db3a,1966-11-29,M,white,nonhispanic,Quincy,MA,02169
54515639-7cd4-4b39-b1c5-fe09d68104e1,1968-11-24,M,black,nonhispanic,Malden,MA,02148
0f7c3241-8a95-4b59-98ac-bfee916935a8,1986-02-07,M,black,nonhispanic,Medford,MA,02155
b3ed2518-c1a1-4f63-b75b-a711db4a03a4,1980-06-07,F,white,nonhispanic,Somerville,MA,02143
ff924030-1e05-48f4-95fa-114b31fb7d27,1969-08-09,F,asian,nonhispanic,Somerville,MA,02143
a0ef0683-c1a3-4614-a38a-b28b6f45a0aa,1975-12-25,F,black,nonhispanic,Malden,MA,02148
411ee89e-1eb7-4322-a579-ec52b9113834,2018-03-10,M,asian,nonhispanic,Quincy,MA,02169
19bcf6c4-8662-46b6-bbe3-a5fd3f86d00c,1964-06-17,M,white,nonhispanic,Newton,MA,02458
1c69903a-715e-4198-9d8b-0fa0cc470a4d,1938-08-04,F,white,nonhispanic,Quincy,MA,02169
7a5c8f70-507c-42cc-9f8a-3ca58e0d3888,1966-04-01,F,white,nonhispanic,Boston,MA,02118
3f3cda23-e453-4760-adf9-ca3a4bd20105,1996-10-24,F,white,nonhispanic,Brookline,MA,02445
d02622c3-34a2-42b6-997a-58de3233366e,1962-02-21,M,white,nonhispanic,Medford,MA,02155
597d2ba6-f653-4ceb-8c14-50a25fcc359d,1972-11-28,F,asian,nonhispanic,Brookline,MA,02445
e7fcfcc0-6ae8-4504-8d0c-f43865e35cbe,2006-08-11,F,white,nonhispanic,Medford,MA,02155
b0df06d9-6056-4c96-ad4e-72831aef25eb,1965-11-21,M,white,hispanic,Newton,MA,02458
3de46baa-e187-4ce5-817f-c7483a042330,1959-12-27,F,black,hispanic,Malden,MA,02148
36e58e48-290a-458d-9175-f2d628cfda02,1973-12-07,M,white,nonhispanic,Cambridge,MA,02138
e4cbb23b-f1d8-498a-9d4f-4a3ffafdb39b,2007-12-12,M,black,nonhispanic,Medford,MA,02155
2fbcd30c-6d3f-4e37-954d-b5854bdab810,1984-11-04,F,asian,hispanic,Medford,MA,02155
6601c3e5-4563-42ef-83ff-24ad6ebca2bd,2003-05-01,F,white,hispanic,Boston,MA,02115
b682de66-b2c9-4811-ac01-a50be9fe04b8,1947-10-07,M,white,hispanic,Quincy,MA,02169
6986d2e9-313a-4bfb-8329-a1f3b2c37575,2001-06-29,F,black,nonhispanic,Quincy,MA,02169
9c2c14ca-9fb2-4215-bbf0-09dc7aad2662,1944-09-25,F,asian,nonhispanic,Boston,MA,02115
a96cfa4d-83e3-40ab-b546-a3269bc1ab38,1988-11-13,M,white,nonhispanic,Brookline,MA,02445
ab932a43-9a28-45f0-9ee9-188cbead40f2,1936-04-13,M,black,nonhispanic,Malden,MA,02148
cf98fc0a-b19b-4b0b-bcd5-6abcebf81d5b,1939-05-06,M,white,nonhispanic,Malden,MA,02148
c5a78c00-a4f8-46ec-80e3-d9a56c230205,1999-06-24,M,white,nonhispanic,Medford,MA,02155
a13fd82b-c477-46d6-ab3c-5279c3245b8f,1979-10-05,M,black,nonhispanic,Quincy,MA,02169
805181f1-d0a4-4713-918c-d3e047f5150d,1954-04-05,M,asian,nonhispanic,Boston,MA,02115
e42b1de6-8f3f-495d-bbfe-eba808f85656,2019-10-09,M,black,nonhispanic,Boston,MA,02115
39276790-a068-4d80-8a5e-5c9eb6f1fb46,1986-12-17,F,white,nonhispanic,Malden,MA,02148
6a57cb35-3bd5-47e7-984a-7e4e558cfcf2,1997-01-04,M,asian,hispanic,Brookline,MA,02445
9f741d4d-da8f-4410-920b-6d6530fd5a7e,1970-09-27,F,black,hispanic,Boston,MA,02115
03bcb750-db6d-47b6-af19-120f1e7087ed,1988-03-25,F,white,nonhispanic,Waltham,MA,02451
c39294e6-1724-428f-8b33-4542c5726178,2017-02-18,M,white,nonhispanic,Waltham,MA,02451
9b6179bb-ba5f-4e36-b9f7-31ccf4e26292,1960-12-15,M,white,nonhispanic,Newton,MA,02458
57179d0d-89be-4bf6-bb71-c3306c41a808,1941-07-04,F,white,nonhispanic,Waltham,MA,02451
1ccee88f-3254-41d9-b896-3fddd4d10ee9,1941-09-18,M,black,nonhispanic,Waltham,MA,02451
0ee51b0d-3f3e-41e4-a722-cc1857983674,1939-01-04,F,white,nonhispanic,Malden,MA,02148
ef0908f8-cc57-43d4-add9-526281417701,1987-07-02,M,asian,nonhispanic,Medford,MA,02155
d511169b-1c5d-4c61-af23-84e0c0162555,1937-05-06,M,white,nonhispanic,Newton,MA,02458
cb0a9ae9-d149-40a6-a5dc-f65151f771f5,1961-02-20,M,white,nonhispanic,Brookline,MA,02445
998f5e66-6770-4f3d-a1d7-c640b1ed962a,1940-11-21,F,white,hispanic,Boston,MA,02118
b6b550d8-4e2f-480b-8e91-09c70fb3ff81,1992-06-09,M,asian,nonhispanic,Medford,MA,02155
ceee0f4f-3b19-487c-8f39-6234480298e3,2004-03-17,M,black,nonhispanic,Quincy,MA,02169
fdafa23a-8298-42d1-9e79-4404e21aa3e2,2022-05-28,F,black,nonhispanic,Brookline,MA,02445
321f60fe-a5a6-43ec-824a-543858b5c246,1983-09-24,M,other,hispanic,Malden,MA,02148
4471734a-f427-478a-b88b-f3e947bdd10a,1938-02-09,F,white,hispanic,Somerville,MA,02143
f83f61c6-d6b4-44a2-b25b-0b4ea7ebe389,1987-12-31,F,white,nonhispanic,Quincy,MA,02169
d51ed239-ceaf-4431-a1c3-dc334168ed47,1975-01-27,F,black,nonhispanic,Waltham,MA,02451
4c8206e1-6779-44b3-a1cf-f2d1c6a92c29,1993-09-27,M,white,nonhispanic,Newton,MA,02458
bf156cae-973d-4c88-9009-149a9f61d2f8,1958-11-27,M,white,nonhispanic,Malden,MA,02148
631bb905-469a-4b94-8749-1bfacf4fe14a,1983-01-31,F,other,nonhispanic,Waltham,MA,02451
1c96488d-23e8-486e-bca9-2fd30e3996bf,1982-09-27,F,other,hispanic,Cambridge,MA,02138
26d249ee-1bd6-41e3-8974-287924d708d1,1973-09-19,F,white,nonhispanic,Brookline,MA,02445
3b0a31e1-2286-4932-81ce-560c4e3df6b4,2004-07-28,M,asian,nonhispanic,Boston,MA,02115
cfc7e565-9c78-45ce-a915-7b21a057ecbf,1944-07-16,M,black,hispanic,Malden,MA,02148
0716b883-6ec6-487c-8056-c0a9b252d0fc,1967-02-16,F,white,nonhispanic,Boston,MA,02118
4f83ad2a-a27f-4ac4-834a-a84d3b089d69,1971-04-06,M,white,nonhispanic,Waltham,MA,02451
8fa1d675-09ce-4359-9737-f7c4eeed3c8d,2018-07-10,M,white,nonhispanic,Medford,MA,02155
10bcb5a5-a5ee-43b4-bc88-e28be38d1e85,1989-05-31,M,asian,nonhispanic,Malden,MA,02148
1b0615e1-3cf1-4ca0-af02-54a4cabbac40,1955-01-30,M,white,nonhispanic,Medford,MA,02155
00b0af14-c059-4509-9a38-939dc7f0f88f,1988-07-03,F,white,nonhispanic,Boston,MA,02115
f350fbf7-4534-4bf1-8dbc-9fc9eb824364,2001-11-18,M,white,nonhispanic,Boston,MA,02115
b2eae7db-e973-48b4-bab8-b8a0b4ebc739,2008-09-17,M,white,nonhispanic,Quincy,MA,02169
820e2472-06d1-4191-ab41-04e073258c53,2009-10-02,F,black,hispanic,Cambridge,MA,02138
798419fe-78bb-49a9-9c69-3d0f7129eb8d,1942-10-18,M,asian,nonhispanic,Boston,MA,02115
aaf636a4-c8ca-481f-a0cd-b9b222a209a4,1986-01-11,F,other,nonhispanic,Somerville,MA,02143
c103356f-1550-4c6c-b013-e827d6a17f27,1958-11-14,F,white,nonhispanic,Waltham,MA,02451
3220e6c1-1592-43a2-8218-1a999ebb847d,1978-08-07,F,white,nonhispanic,Waltham,MA,02451
b2b8caf2-8d93-4369-8256-a71a501332eb,1993-06-04,M,white,hispanic,Waltham,MA,02451
6815cb1c-33cb-476a-932a-89f26cb9a0f5,1989-08-15,F,other,nonhispanic,Medford,MA,02155
4614abad-b991-4633-85cf-4cd4599028df,1963-03-04,F,white,nonhispanic,Malden,MA,02148
30c2c822-eef0-48f8-9075-d9a5121999ed,1989-04-23,M,white,nonhispanic,Somerville,MA,02143
83047b61-2eb8-4389-8410-6c0230ddadff,1972-03-12,F,black,hispanic,Cambridge,MA,02138
0821ff29-d8e2-41f4-ad20-66af42a7a332,1978-06-24,M,white,nonhispanic,Somerville,MA,02143
25404f20-01b8-4412-8e24-6bb59a792f89,1965-10-23,F,black,nonhispanic,Somerville,MA,02143
5ae50325-6d97-442a-9ed6-e5032dc2021d,2007-08-20,F,asian,nonhispanic,Cambridge,MA,02138
0e71aa8c-20af-4a34-bc7e-510777c07ee0,1979-12-24,M,black,nonhispanic,Boston,MA,02115
8c31fcc1-9da7-465c-8046-fa42330e2c6f,1959-04-10,F,black,hispanic,Cambridge,MA,02138
34c5cc68-7214-4276-bff3-aa010060c6e8,1996-08-15,M,white,nonhispanic,Boston,MA,02118
a499e57f-6aed-42c7-92ae-10ca1f8b2094,1967-05-24,M,white,nonhispanic,Somerville,MA,02143
3810bbf6-d412-42b7-8eda-ba53b3972060,1963-06-02,M,asian,nonhispanic,Cambridge,MA,02138
fe2d4acc-500e-4637-8c79-5421299c91a1,1982-04-15,F,white,nonhispanic,Malden,MA,02148
09dc3748-e5ef-4aa5-a045-8785626f3999,1976-04-27,F,white,nonhispanic,Waltham,MA,02451
6fc40e9a-43d3-467d-bc7b-98de0e16c1ae,2002-01-05,F,white,nonhispanic,Brookline,MA,02445
e71ae688-3904-4808-93b6-edfdbc035738,1947-03-02,F,white,hispanic,Newton,MA,02458
d59b7c38-595a-4835-b284-470c71d3fd78,2000-03-14,F,white,nonhispanic,Waltham,MA,02451
9ef6775d-09de-4932-a3a4-e80937db101b,2006-11-12,F,black,nonhispanic,Waltham,MA,02451
bb4daf71-b4e5-49f6-bc88-b9a29df60349,2000-01-27,F,white,nonhispanic,Boston,MA,02115
79bff94e-7d11-44f2-88cf-024dd38649a6,2011-03-04,M,white,nonhispanic,Malden,MA,02148
0e10a84e-efc7-4095-bc77-05a952d79e87,2012-03-29,F,white,nonhispanic,Newton,MA,02458
4dd7caba-1dd4-4232-903b-fb187eb20a83,2015-03-19,M,asian,nonhispanic,Boston,MA,02115
528dbe6d-9dec-49b7-b55c-3adcff188b10,1965-05-01,M,black,nonhispanic,Medford,MA,02155
7c774c66-bce2-4a94-a56c-d69faf7a2d22,1996-01-25,M,black,hispanic,Waltham,MA,02451
e0d172c3-736d-4a7b-833e-466a2565b276,1971-03-12,F,white,hispanic,Boston,MA,02118
573d7f4d-39b4-4984-833e-19fe166777a7,1961-04-26,M,white,nonhispanic,Medford,MA,02155
f76c0dd4-0ea6-47ad-9d8a-ec398dc9e4c0,2007-12-28,M,white,nonhispanic,Cambridge,MA,02138
ab7a1d4b-3adf-4b94-a5ea-6c9d0f75b725,1947-09-16,M,other,nonhispanic,Brookline,MA,02445
fef1358b-d0c4-48f3-a531-34954a45c00f,2016-03-26,F,asian,nonhispanic,Newton,MA,02458
de953d45-f481-4121-bf0c-974889d6b4dd,1969-12-28,F,white,nonhispanic,Malden,MA,02148
2beb27f9-1ef0-4ea1-8201-f3b67ba25ab5,1996-04-29,M,asian,nonhispanic,Cambridge,MA,02138
b41cca3e-72f6-4e68-9f07-7eec24fb792c,1985-06-18,M,white,nonhispanic,Waltham,MA,02451
39afd1ff-ee33-4c10-a4e9-44ec71054571,1938-05-10,F,white,hispanic,Medford,MA,02155
279f9c84-a458-4bf3-9555-0da34e52a03a,1955-09-20,M,black,nonhispanic,Malden,MA,02148
529680a7-3bed-49d4-82ef-6655eed9e4a0,1990-01-14,M,white,nonhispanic,Brookline,MA,02445
5c2f4443-70c1-4bde-9cfc-c5bc6797ae07,1981-06-19,F,other,nonhispanic,Newton,MA,02458
95c42a7b-a2da-48b0-8530-e5f4c6c3a0b6,1970-10-19,F,other,nonhispanic,Boston,MA,02115
29ddeb00-4d02-4f57-b462-116f41decd4c,1979-04-21,M,other,nonhispanic,Brookline,MA,02445
1418e61c-1f52-415b-ab5c-e71700148ad6,1984-03-01,M,white,hispanic,Boston,MA,02118
9d1808e5-7976-46e3-8fd1-a0665c26338f,1994-09-26,M,asian,nonhispanic,Quincy,MA,02169
6f1863d0-1a68-475e-a73c-7544962c77ee,1936-05-21,M,black,nonhispanic,Malden,MA,02148
d440f5cb-eeb1-47be-b1ec-2b88b6aa3733,1996-02-01,M,white,nonhispanic,Waltham,MA,02451
92d233d1-ef73-4674-847d-6a6fdd568f59,1967-04-26,M,white,nonhispanic,Waltham,MA,02451
98cc00cc-d2dd-423a-9618-e79627eb502b,2017-08-05,F,white,nonhispanic,Somerville,MA,02143
747c6e84-9f31-45d6-86ae-aeeda4b13bcf,2015-04-30,F,asian,nonhispanic,Medford,MA,02155
ffd635aa-7779-470a-8ef2-e2ebd72105e3,1961-05-31,M,white,nonhispanic,Malden,MA,02148
5ba52233-d745-4d79-a609-ad8b896fe805,1955-06-21,F,black,nonhispanic,Malden,MA,02148
5cc6f677-a1c5-4a0f-82f0-42a0bfbfc569,1994-02-25,F,white,nonhispanic,Waltham,MA,02451
cd4820ad-006b-4267-9eca-9f75c22d5960,1969-08-04,F,other,nonhispanic,Boston,MA,02115
495c24a0-321a-4843-aba2-dea3f10f3fd1,1946-06-10,M,white,nonhispanic,Somerville,MA,02143
a1bb16ff-eac4-4bd8-a1f9-ffe1dfc68396,1994-09-07,F,white,hispanic,Quincy,MA,02169
9704711e-cd4f-408a-a8ad-1692fb13fb1e,1975-05-16,M,asian,nonhispanic,Brookline,MA,02445
68d7ecc9-e27f-4b97-97c9-ca4e70559bb3,1963-06-23,M,black,nonhispanic,Quincy,MA,02169
8cece3f2-3a73-44cb-9355-985719fc4b74,2006-10-25,F,white,nonhispanic,Somerville,MA,02143
986af43e-d811-4b2f-8627-8c343e2c13d0,1987-03-02,F,white,nonhispanic,Boston,MA,02115
984b52e6-6e86-4fdc-b3cf-3db86e7a0141,1980-09-16,F,white,hispanic,Boston,MA,02115
1fff0b3b-4a56-4782-a5d0-834b51e446fd,1968-02-25,F,other,nonhispanic,Brookline,MA,02445
bd20556f-6bad-4a9f-b828-14c365c1ad81,1938-12-15,M,white,hispanic,Cambridge,MA,02138
91328123-4f2e-4938-8ff2-d693889b332a,1956-03-31,M,white,nonhispanic,Malden,MA,02148
296b55e6-1f8b-44b1-8b88-5c5719f834da,1961-07-14,M,white,nonhispanic,Newton,MA,02458
f91216d3-c01d-433d-94dc-d33e284160a8,1985-10-07,F,asian,nonhispanic,Cambridge,MA,02138
5a850fac-7b23-4c15-8f2d-c8aa3b397e2b,2013-11-21,F,other,nonhispanic,Boston,MA,02118
b4e54d6f-57a7-474a-aacc-5281370dd6a3,1967-02-11,M,other,nonhispanic,Newton,MA,02458
7ba70658-3eb7-4527-9fb2-78a54099c346,1993-06-19,F,white,hispanic,Malden,MA,02148
a145be8b-4ba5-49d5-80f5-dce5cb8d4e3d,2018-08-09,M,white,nonhispanic,Boston,MA,02118
066f9cd4-250c-4e79-9c76-e591bb71cc46,1981-03-29,M,white,nonhispanic,Malden,MA,02148
c113cd30-b1a3-44e0-969e-e4348d2015f4,1981-06-02,F,asian,nonhispanic,Somerville,MA,02143
935c3757-1ca2-4329-992a-77042c02e84b,2005-12-23,M,white,nonhispanic,Newton,MA,02458
1302aab6-ac44-4ab6-bfb8-e5730d29359c,1992-12-06,F,black,nonhispanic,Boston,MA,02115
fc016aaa-521f-425b-9fa5-8f7a710aa578,1937-04-23,F,black,nonhispanic,Brookline,MA,02445
43c11e7b-f43a-4453-b85e-20f876b05b43,1975-06-16,M,other,hispanic,Quincy,MA,02169
5c4bb924-4a1b-4504-9d46-ed7a6d0f839d,1977-06-12,F,white,nonhispanic,Newton,MA,02458
5fe8079b-4094-4205-a599-1b026e84ff9b,2002-10-06,M,white,nonhispanic,Waltham,MA,02451
fad2f441-e5fa-4414-ac64-05d6251f6333,2000-01-09,M,white,nonhispanic,Waltham,MA,02451
a8016e4f-db40-4388-8d68-fe4493395a0f,1997-04-25,F,white,nonhispanic,Boston,MA,02118
63b13edb-2828-438f-aa26-c8d4f79b9e17,1965-11-19,M,black,nonhispanic,Quincy,MA,02169
a3bc2498-3d30-4e44-85de-acaef356398f,1984-01-26,M,other,nonhispanic,Boston,MA,02115
4f086b20-5b52-4628-ae85-3496a2670a9f,1980-08-17,F,white,nonhispanic,Brookline,MA,02445
714d1287-92fc-47e5-b39b-297bf7182dba,1975-05-28,F,white,nonhispanic,Brookline,MA,02445
50ed142b-e02a-4c2b-aca7-a5f3ede702cb,1956-02-13,F,white,nonhispanic,Brookline,MA,02445
f739524f-2e6a-4e28-8d59-80268abe5a45,1998-02-12,M,black,nonhispanic,Brookline,MA,02445
f393a35a-14ab-4b5a-b679-eca940e4c0dc,2003-01-30,F,black,nonhispanic,Somerville,MA,02143
423b36b9-f82b-4705-a21b-816001b063c4,1984-09-17,M,asian,nonhispanic,Waltham,MA,02451
1dd8fbda-55fa-4ae3-9ff9-01626acbbcfb,1952-11-24,F,white,nonhispanic,Medford,MA,02155
42460f2e-2483-4d29-8d99-998953ce831c,1984-02-01,M,black,nonhispanic,Medford,MA,02155
2ee22e5d-73cc-4aeb-ae92-bbf16cab8dd8,1977-09-07,M,black,nonhispanic,Boston,MA,02118
50fdddb1-468d-4f30-b0b1-1360dad4359c,2010-02-09,M,white,hispanic,Somerville,MA,02143
368ce85d-b9c7-40a6-987b-6272ef654034,1994-06-17,M,white,nonhispanic,Brookline,MA,02445
d65344b1-c95f-401f-ad02-ca874c0967e3,2017-07-20,F,asian,nonhispanic,Malden,MA,02148
96b15e2d-fc52-4e24-8c09-4ac727966da2,2015-07-21,M,black,nonhispanic,Boston,MA,02118
911b1734-5ae9-42ab-bdf7-1e26e8616478,2017-03-15,F,white,nonhispanic,Waltham,MA,02451
54129bbf-6eed-4211-a2fc-683e6f98c4dd,1994-10-12,M,white,nonhispanic,Brookline,MA,02445
911811d2-7c61-4e8b-b201-1a91538d770e,1946-07-17,M,white,hispanic,Quincy,MA,02169
ead416ac-45e1-4b3e-9565-ae7e1806191a,1971-08-27,M,white,hispanic,Brookline,MA,02445
1d3163bb-0e46-40f0-9c91-1cd1cd6ca2cf,1938-05-23,M,black,nonhispanic,Malden,MA,02148
bd36aed3-1d86-42e8-997d-a4d40e415037,1940-11-24,F,other,nonhispanic,Somerville,MA,02143
a9dbed8c-6b76-43e1-bb80-fd16ede22da6,1948-12-12,F,white,nonhispanic,Boston,MA,02118
39064947-ceb2-46e8-bcd3-b392a40d574f,1941-09-01,M,black,nonhispanic,Newton,MA,02458
74b0f45a-cbc3-4b55-893a-83e901c3b070,1964-06-25,F,white,hispanic,Waltham,MA,02451
95728313-b384-4ed4-83a3-471eef72c1a5,2000-06-27,M,other,nonhispanic,Somerville,MA,02143
a850656e-dc62-446b-9495-08d64fe0368e,2017-07-09,F,other,nonhispanic,Waltham,MA,02451
a219614a-92e0-4c4b-be6a-087114381cbe,1978-04-22,F,white,nonhispanic,Boston,MA,02115
c2d27bd8-1cc7-429b-ac8d-891603039f2d,1991-01-16,M,other,hispanic,Quincy,MA,02169
364ec702-fd80-4d8e-b704-863cc99ac52e,1978-07-12,F,other,nonhispanic,Boston,MA,02115
a5a79800-bf80-4439-a189-ee30cb040e79,1985-06-16,F,asian,hispanic,Medford,MA,02155
3ec70f45-0e7d-435f-b6e2-8b534cb29e51,1941-04-28,M,white,nonhispanic,Waltham,MA,02451
782cef8f-4afa-47bd-9812-e8c6c65ab5bf,1980-10-10,F,white,nonhispanic,Newton,MA,02458
70d20291-2d31-4e10-823c-8e01682cf599,1943-09-22,F,white,nonhispanic,Quincy,MA,02169
f2bf7de9-7989-4a72-aeae-48a17fba22af,1993-10-04,M,white,nonhispanic,Medford,MA,02155
6d131d91-5fbe-4bde-aa2c-1385396ae4f4,1977-11-21,F,white,nonhispanic,Boston,MA,02118
b98409fb-ecfc-447f-a614-aa6d58dc7a49,1958-10-07,F,black,nonhispanic,Brookline,MA,02445
846d5516-0d3b-45ad-b40c-36a1ed98f9cc,1978-11-10,M,asian,nonhispanic,Newton,MA,02458
77188591-4948-40a8-bb7b-9546904d40cc,1964-09-21,F,other,nonhispanic,Boston,MA,02115
ec03eb64-0309-4134-8c77-ec311da2db45,1939-05-10,M,black,nonhispanic,Newton,MA,02458
bdae4d9e-2517-4da3-b0e4-e0321d1174a7,1994-03-07,M,asian,nonhispanic,Waltham,MA,02451
f5554a32-444e-4aac-b987-7f930bee5154,1968-12-17,F,black,nonhispanic,Malden,MA,02148
a98d6780-31c6-4d1d-a2fb-d227a36c029d,1940-10-26,M,white,nonhispanic,Waltham,MA,02451
527463d8-8c05-47c7-a015-55889b4db09d,1950-07-08,M,black,nonhispanic,Cambridge,MA,02138
60832cdd-692d-4c55-b0a9-4667dc0c8b53,1958-01-10,M,other,nonhispanic,Newton,MA,02458
88efa5bc-3646-4ab3-af22-13d21690898e,1963-07-22,M,white,nonhispanic,Medford,MA,02155
6c9e5b76-7dbd-435d-954b-f4016fe6062c,1955-05-30,M,white,nonhispanic,Quincy,MA,02169
a97211ca-6f05-44b6-ab57-930a6db477ec,1995-09-15,M,white,nonhispanic,Somerville,MA,02143
99d1174c-4ab3-4b5b-8c7f-52818cb4706c,1988-07-17,M,white,nonhispanic,Somerville,MA,02143
7d23ac55-9388-4b93-9567-93f9a7dfb76e,1977-03-23,F,white,nonhispanic,Cambridge,MA,02138
69934fab-d06b-4905-aa5d-5e200094da33,1954-12-31,F,black,nonhispanic,Boston,MA,02115
e3055cc9-9c35-445a-95ae-7017afdb91a5,1969-12-31,F,white,nonhispanic,Quincy,MA,02169
1c534ad6-9616-47d2-87a5-89cb867003d4,1999-04-07,F,white,nonhispanic,Boston,MA,02115
9c03f503-8f0d-47db-88d8-661864c93a77,1995-01-30,M,other,nonhispanic,Boston,MA,02115
83fed724-6e70-4619-b628-1c6337b3657d,2014-11-01,M,asian,nonhispanic,Malden,MA,02148
eec22a65-6106-4197-9d26-9ed87677f1bf,1969-01-18,M,white,nonhispanic,Boston,MA,02115
e153cea7-0d92-4d41-bcb1-cba2516d9b7b,1992-09-10,F,black,nonhispanic,Waltham,MA,02451
77cf4cb7-7758-4eb1-894d-d54971e0fcee,1990-02-23,F,white,nonhispanic,Boston,MA,02115
b1410abb-b613-4ce2-a06e-d4a84f1633b7,1947-09-26,F,asian,nonhispanic,Malden,MA,02148
a8a70909-3af2-4b7e-bf24-ab231968bab5,1981-12-03,M,white,nonhispanic,Waltham,MA,02451
6a4bedd7-eecb-423b-8291-bd771c2911ed,2021-11-01,M,white,nonhispanic,Cambridge,MA,02138
a3b570b2-8094-4eb7-9d2a-17eba2f2cfb1,1936-08-25,M,white,nonhispanic,Boston,MA,02118
406b4c0d-5d5a-4010-a56f-d52104fd4cf3,2001-11-05,M,white,nonhispanic,Medford,MA,02155
1422a858-9e5d-46ce-82ce-0dfe4f5c4bf1,2001-03-22,M,white,nonhispanic,Newton,MA,02458
5b398544-f317-402c-9eed-e9ae5eb57286,2017-03-09,M,white,hispanic,Boston,MA,02115
2324b7ac-52a1-4528-8a15-3ca7f106f3c6,2004-08-09,F,white,nonhispanic,Brookline,MA,02445
1cdda72a-866a-4b85-983f-0b1cf5960a8d,1995-04-22,M,white,nonhispanic,Boston,MA,02118
9689d9a3-eb7c-46b7-b931-c87a39cc67d1,1939-03-27,M,black,nonhispanic,Medford,MA,02155
dffaf96e-12ec-4296-9974-41e3d898f693,1940-07-16,F,black,nonhispanic,Boston,MA,02115
e9d8cac3-6b9f-4355-8d77-00a0bcacbe5f,1969-12-17,M,asian,nonhispanic,Medford,MA,02155
c8346f49-a4c1-4553-9638-a3f995c599c5,1979-07-09,M,white,nonhispanic,Boston,MA,02115
28af40fc-b9f7-4d0d-8ee6-066cbeabdaca,2007-06-11,F,other,nonhispanic,Boston,MA,02115
5acde535-9692-4c96-b57c-521f98be64c8,2000-11-17,M,asian,nonhispanic,Boston,MA,02118
259fcea7-a79a-480b-bffa-aa96060c5457,1974-04-04,F,white,nonhispanic,Brookline,MA,02445
4cade701-94b5-491a-a92c-b9f75ccb600c,1977-08-15,F,black,nonhispanic,Newton,MA,02458
3825636c-7339-4276-b729-951b3164be22,1993-06-03,M,white,nonhispanic,Malden,MA,02148
77c6f4ef-9433-439e-9664-c3ce185e9b8e,1993-05-21,M,black,nonhispanic,Brookline,MA,02445
523efad2-2c66-4e67-b7e3-a01da3aa45f3,2017-04-30,M,white,nonhispanic,Cambridge,MA,02138
410b22aa-4da6-4d89-a653-928db0ec6c38,1994-08-22,M,other,nonhispanic,Somerville,MA,02143
dff3f461-40ac-46e4-a44e-ad99e9fcd19e,1966-12-21,F,white,nonhispanic,Medford,MA,02155
a41b6233-1ff3-41bf-8905-3a4944ff8196,1961-02-22,M,white,nonhispanic,Brookline,MA,02445
dd15efc8-85bb-4463-80c1-d7d2e075b540,1997-03-09,M,white,nonhispanic,Cambridge,MA,02138
3713176f-98fb-4f76-829b-8509af274b32,2017-12-02,M,asian,nonhispanic,Cambridge,MA,02138
f61e7ee3-4706-4cf2-9634-a2d728942c69,1968-02-16,F,white,nonhispanic,Boston,MA,02118
11418a6f-9cd8-46de-a798-fc5df9ed315f,1959-02-15,M,white,hispanic,Brookline,MA,02445
92dd35e9-fda2-4950-94aa-3f1ab612f1ca,2010-12-16,F,asian,nonhispanic,Somerville,MA,02143
d7b716d5-2661-4592-bace-0bcd9094dce7,1957-04-29,M,white,hispanic,Quincy,MA,02169
07b7d494-8360-4b7e-90a3-cfb3b2c019e4,1956-01-21,M,white,nonhispanic,Boston,MA,02115
3ddea9a9-eb5a-48e3-b826-27ce71af4506,1987-05-27,M,white,nonhispanic,Malden,MA,02148
bb7314ce-1bc2-4106-9216-ab7185450f06,1981-12-31,M,black,hispanic,Quincy,MA,02169
19a09c2e-31c7-460c-8a32-ee48b8d4dc14,1939-04-22,F,asian,nonhispanic,Malden,MA,02148
a6a9401b-bbed-4c46-bf91-ac6ab517c42d,1978-07-17,F,white,nonhispanic,Cambridge,MA,02138
d5b105c1-7d1c-4ebe-bd9b-a368cc6986f7,1990-02-23,F,other,nonhispanic,Quincy,MA,02169
e90ae8f0-e463-4617-b201-acafef6c1322,1991-02-27,F,other,nonhispanic,Medford,MA,02155
c2f10917-da99-4c8f-8ee1-c46d306fa945,1988-06-04,F,white,nonhispanic,Waltham,MA,02451
d4fffe97-e29f-4276-8fd7-e608431a8abe,2007-03-05,F,white,nonhispanic,Newton,MA,02458
c0eb5c49-e707-4285-80fb-f5f28f402dfd,1966-12-18,M,white,nonhispanic,Brookline,MA,02445
aee4931a-c1d6-4bdd-898c-6702df301a2a,1966-03-03,M,white,nonhispanic,Quincy,MA,02169
c0024d12-1bea-4961-92ae-a804ec2c47fe,1988-12-04,M,black,nonhispanic,Boston,MA,02115
587eb8c1-d13e-4163-bf2b-f68badf4d1a3,1995-06-30,M,white,nonhispanic,Cambridge,MA,02138
32e5358e-9172-4d7d-af56-e7346b746441,1988-08-04,F,white,nonhispanic,Medford,MA,02155
0ef19069-ec57-4845-9742-2010bd3f0e06,1984-12-16,M,asian,hispanic,Medford,MA,02155
c435c1c6-effe-4922-a2c8-838ebaed992d,2002-02-06,F,white,hispanic,Waltham,MA,02451
cd7060f8-9cc5-4741-9ccb-e7a85aa4b4e2,1989-10-14,M,black,hispanic,Medford,MA,02155
5c802c25-5901-4e4d-b57a-638c9d463c53,1985-07-08,M,white,nonhispanic,Malden,MA,02148
930ec989-3af0-4d94-ace0-832c204cf007,2004-08-18,F,black,nonhispanic,Cambridge,MA,02138
cd9edce5-26e0-4233-90d7-e222ea38a809,2005-09-23,F,white,nonhispanic,Waltham,MA,02451
143ead5d-db64-4d37-8db2-a66ebd0f29ef,1977-03-06,F,asian,nonhispanic,Waltham,MA,02451
ede1cb54-18b9-4080-a71a-8f751757e35e,1980-04-21,M,white,nonhispanic,Brookline,MA,02445
08ff5c2f-f755-465d-9317-268944ec909e,1986-01-29,F,white,hispanic,Malden,MA,02148
75877dff-cbd0-41ca-af38-f2eaa8846ffb,1939-07-04,F,black,nonhispanic,Quincy,MA,02169
264f1f6f-c918-4182-aac3-414fb20cb0b4,1995-03-21,M,asian,nonhispanic,Newton,MA,02458
f53649b2-03f8-4a63-8f7f-c416f11acbf2,1973-09-23,M,white,hispanic,Waltham,MA,02451
dae402cc-ab13-4dc1-b028-a1fd501d0a84,1964-06-02,M,other,nonhispanic,Waltham,MA,02451
3c573873-535c-418d-9052-cfa3754533ff,1982-09-01,F,black,nonhispanic,Boston,MA,02118
3cdd0f77-c8b4-4aee-898c-a3350c2a0f31,1962-06-14,M,black,hispanic,Cambridge,MA,02138
409a9b9f-cbb0-4248-9f40-ab47b5cf3c6d,2012-03-13,M,white,nonhispanic,Cambridge,MA,02138
6b042c33-e02c-47f9-b00c-2a0ec28612ec,1964-03-02,F,black,hispanic,Medford,MA,02155
702cad56-8a96-4db3-8d84-b94fa796ae12,1954-08-06,M,white,nonhispanic,Cambridge,MA,02138
e0e6af19-eb7b-40d4-947b-0e4ba38a22b5,2004-12-27,M,white,nonhispanic,Somerville,MA,02143
88ed3e16-5701-4661-9826-007ffe5463d2,1991-01-30,F,white,nonhispanic,Boston,MA,02115
fcbb9b03-ceda-4d99-9043-5c310c808c56,2000-03-25,M,white,nonhispanic,Medford,MA,02155
459bb7c4-204c-4c34-bd83-3c21a471bb84,1944-06-13,M,black,nonhispanic,Boston,MA,02118
1af32c3b-a477-48a0-8182-f59a2a846806,1998-06-17,F,white,hispanic,Brookline,MA,02445
d430aead-2341-4812-9c16-1206b56f42d0,1974-03-24,M,white,nonhispanic,Medford,MA,02155
bea5eaf1-4fc1-479d-ad55-4d63d5aea6bc,1938-09-24,F,asian,nonhispanic,Medford,MA,02155
c5951aec-48e3-4017-ba79-e505f37c4176,2001-05-21,M,white,nonhispanic,Newton,MA,02458
d4b88e05-e121-4f56-a45e-f7002c7d88e0,2009-11-10,M,white,hispanic,Boston,MA,02118
41528e7c-a647-4ddd-a7aa-8b8a8029b6cb,1978-07-30,M,white,nonhispanic,Waltham,MA,02451
598355d3-667e-43ff-9fe6-4a1d7b348a25,1995-01-07,F,asian,hispanic,Newton,MA,02458
eed28b00-c4f7-4500-80c0-b3b81a9374dc,1975-03-04,M,white,nonhispanic,Waltham,MA,02451
babd5abc-f6db-4fb8-8fe7-01f7e8fe7fa6,2016-09-05,M,white,nonhispanic,Waltham,MA,02451
53a333a9-ec50-4c1f-962c-158164831319,1963-09-01,M,asian,nonhispanic,Waltham,MA,02451
10778325-dd58-45ad-b232-4cf5f6796b98,1979-09-19,M,white,hispanic,Brookline,MA,02445
19a11411-7795-409e-8e68-7432b47a23a7,1994-05-26,F,other,nonhispanic,Boston,MA,02118
50db3436-24b5-4481-a248-2dc5bbf4344b,1947-07-03,M,asian,nonhispanic,Boston,MA,02115
1855c0a2-900a-4b7b-b5e8-40637edfb277,1998-05-10,F,black,nonhispanic,Somerville,MA,02143
12b8bc8e-72cb-43bc-b973-bf153e4f00ef,1979-04-04,M,white,hispanic,Boston,MA,02118
53b64790-b326-4421-835a-c5b87ea78afb,1966-06-17,M,black,hispanic,Boston,MA,02118
0cf752ce-48ef-4822-ac2a-3eef7cb72f33,1992-08-03,F,white,nonhispanic,Medford,MA,02155
38c2fa01-3417-4858-b599-3a12ff5557ac,1970-11-25,M,black,nonhispanic,Medford,MA,02155
b6220630-2cf2-4b38-8195-448e1a34e3ca,1967-07-25,M,white,nonhispanic,Malden,MA,02148
6c4c5a86-02fa-4635-a16b-6025146d9977,1993-06-30,M,black,nonhispanic,Medford,MA,02155
d252c51e-7c7e-4aa7-af3d-4e49a2ac2ea0,1986-02-23,F,white,nonhispanic,Malden,MA,02148
7185f134-9b21-4430-a399-c9118c8ae80f,1994-07-09,F,white,nonhispanic,Brookline,MA,02445
6271e834-d9c3-49e2-848f-d1c720723c48,1992-02-25,M,white,nonhispanic,Somerville,MA,02143
20f39e48-bdeb-4643-ba65-809ffaa0ca0c,1981-02-03,F,black,nonhispanic,Newton,MA,02458
19338919-5413-401e-8eaf-74ce9ff237d7,2012-05-22,M,white,hispanic,Newton,MA,02458
6ed64ba0-c536-4169-907f-bfedf9e4e9bb,2016-01-06,F,white,nonhispanic,Malden,MA,02148
b242d2a7-7ed3-4ca9-940f-837bf3078980,1936-03-16,M,asian,hispanic,Boston,MA,02118
1654faa1-ab4b-429a-9932-22438e56bf73,1969-05-24,M,white,nonhispanic,Waltham,MA,02451
a1481f72-175d-4f3a-a392-0bacbd0aa38e,1998-05-23,F,asian,nonhispanic,Newton,MA,02458
e31d4ea1-a40c-4f7f-97e4-642c54bba041,1943-01-04,F,white,nonhispanic,Malden,MA,02148
f7342ed2-d3d0-42fa-9971-90a662f43ad2,1952-10-27,F,other,nonhispanic,Newton,MA,02458
54ed452c-cad3-4247-9632-18c13377b34e,2006-11-11,F,black,nonhispanic,Waltham,MA,02451
e12e4d95-c94b-4aaa-8d3c-8455b4349f59,1968-08-19,M,white,hispanic,Boston,MA,02115
cf295ce0-02df-4756-afb8-f1236e0d83c4,1966-12-13,F,other,nonhispanic,Medford,MA,02155
8ba8c11f-af0a-4574-b606-e65199c1034f,1985-01-18,M,other,nonhispanic,Newton,MA,02458
6c71835d-6553-407e-aa8f-cb5620bfb4b9,1996-07-10,M,white,hispanic,Boston,MA,02118
8b442bf7-67bc-43bb-b740-45a329dbf3e4,1994-09-08,F,white,nonhispanic,Brookline,MA,02445
d16192a6-5f7f-4685-b9f3-93c422bd6852,1968-01-23,M,white,nonhispanic,Brookline,MA,02445
b0e29e91-dd3e-4a95-b016-9fa8129d5c92,1994-10-02,F,black,nonhispanic,Newton,MA,02458
9282376c-e272-4f3c-a486-8f4dd25e5cb9,1990-11-17,M,black,nonhispanic,Somerville,MA,02143
9f9a253b-7ce5-4564-9ea4-35f01c21a6d0,1966-07-24,M,other,nonhispanic,Brookline,MA,02445
5e427605-62ea-46ef-be86-3d65dab519e8,2006-02-18,F,white,nonhispanic,Brookline,MA,02445
2407e62f-6968-4036-a570-cd1014612e0e,2000-06-04,F,white,nonhispanic,Boston,MA,02115
0ae4bcbf-1992-4c7b-a589-843a8f03de7b,1966-11-18,F,white,nonhispanic,Boston,MA,02115
3dc86fe4-4034-4ab3-a746-1d958e29356e,1974-04-10,F,black,hispanic,Boston,MA,02118
fc0c804c-40ac-45c7-a971-318b3504bda3,1976-06-12,F,white,nonhispanic,Boston,MA,02118
31ddc86b-395c-44d1-ae51-f307814aa8ea,1991-04-15,M,white,nonhispanic,Somerville,MA,02143
45e6ac7b-9872-48ed-8f2c-9bd972642f94,1989-05-10,M,white,nonhispanic,Boston,MA,02115
267094fb-c5d0-409c-8765-215eba5e9daf,1986-12-09,M,white,nonhispanic,Waltham,MA,02451
5da5278f-97da-4287-ada0-5f6b1d4f393c,2005-03-28,F,white,nonhispanic,Somerville,MA,02143
8d993d51-f21f-4914-aa7c-29a4c74efed7,1936-10-11,F,black,nonhispanic,Boston,MA,02115
f5782cec-fe89-49e6-a15c-2a5955862d7b,1971-12-02,F,black,hispanic,Boston,MA,02118
8a67940a-b64d-4912-8513-3c710dd5c0c6,2004-12-17,M,black,hispanic,Quincy,MA,02169
ac3b02d5-80a8-45f4-b3ef-f083df129522,1953-10-17,M,asian,nonhispanic,Medford,MA,02155
52dd4eb9-022e-4a7b-bf7e-0a727e72d8d4,1999-02-10,M,white,nonhispanic,Boston,MA,02118
9282626b-5947-4d84-ba57-d2df975a3455,1989-02-23,F,other,nonhispanic,Newton,MA,02458
85ca3646-6bea-429e-8397-23912a479a65,1983-09-09,F,white,nonhispanic,Boston,MA,02115
bd143ee7-6de6-492a-86dd-221003c298b3,1983-11-11,M,white,nonhispanic,Boston,MA,02115
494ef4ea-6a59-4678-9967-83e1ae6ce0c1,1979-02-27,M,black,nonhispanic,Boston,MA,02118
cda72ba0-46e0-45af-bad2-8539c8b67947,2002-12-27,F,black,nonhispanic,Quincy,MA,02169
a81f0d42-2b12-4561-b84e-90f9f2839908,1977-07-25,M,white,hispanic,Quincy,MA,02169
efba97cf-1d2b-4d83-b77e-b42de2981678,1939-05-27,F,asian,nonhispanic,Cambridge,MA,02138
9714c3a1-7709-48c6-ba2d-f54a80fbdf47,1974-08-05,F,white,nonhispanic,Boston,MA,02115
977b2dd9-392b-44bd-91e2-66eeeb98d863,1992-08-03,M,black,nonhispanic,Boston,MA,02115
c26de12f-3f2f-4eec-a716-07fb7e7fe344,1992-12-21,F,white,hispanic,Boston,MA,02115
dee9fd8f-8874-4dea-9fa4-12095eb5426b,1961-01-27,M,white,nonhispanic,Boston,MA,02118
fb20c084-070c-4c75-83c1-9200b86c8806,2000-01-12,M,other,nonhispanic,Newton,MA,02458
9edaabe5-2e35-4355-826c-67e9837cdc7e,1979-08-21,M,black,nonhispanic,Malden,MA,02148
62aba4b5-d729-4ee4-950b-ff1bf1a6e2fd,1998-11-12,M,white,nonhispanic,Brookline,MA,02445
32f606cb-0657-4f78-8161-d261d206e443,1970-11-27,F,white,nonhispanic,Waltham,MA,02451
43ae9cce-001e-4e4d-bb97-9b929a6140e4,2002-11-11,F,white,hispanic,Malden,MA,02148
ed4a1e69-b9b0-4796-a4ba-db0c390eb221,1997-04-11,F,white,nonhispanic,Cambridge,MA,02138
b52c0042-0e70-40ab-acd1-6391788b67d8,1960-02-18,F,white,nonhispanic,Waltham,MA,02451
aa5fed8c-86d6-45e4-bceb-a1895c32a520,1941-10-23,M,white,nonhispanic,Malden,MA,02148
1beccc46-99b1-445b-9311-f144e7290728,2004-11-20,M,white,nonhispanic,Waltham,MA,02451
6357ebe5-b808-4e5d-bda6-e669b0eb0fc0,1960-04-20,F,asian,nonhispanic,Newton,MA,02458
df153338-2f9b-47e6-9681-af5a57022e7b,2011-03-30,M,white,nonhispanic,Boston,MA,02115
5d011068-0c83-4f2b-86d9-0c9ddc5b60cd,1948-12-09,F,asian,nonhispanic,Medford,MA,02155
f10239ce-0c8a-4c6e-9e49-ea9669f43c06,1957-01-31,F,white,hispanic,Cambridge,MA,02138
0d42c517-3011-4e2e-ab52-45a8d1262ac8,1967-06-30,M,white,nonhispanic,Cambridge,MA,02138
e00e8901-5c2c-46d2-945e-cd5d26e2f42d,1970-06-12,M,black,nonhispanic,Waltham,MA,02451
ffa43eb0-73c8-4943-a2a1-38397954cc2b,1960-04-24,F,asian,nonhispanic,Medford,MA,02155
4336af15-97a2-4235-9136-559187ad9220,1997-12-11,F,white,nonhispanic,Malden,MA,02148
13777f63-010a-46c7-a493-f8a445fc8c7d,1998-11-18,M,white,nonhispanic,Brookline,MA,02445
4da2dbc6-2172-4047-9011-fd531240ad92,1999-06-15,M,white,nonhispanic,Newton,MA,02458
e99a21ef-0e75-4670-b2e9-a113f4a56541,1965-11-26,M,asian,nonhispanic,Boston,MA,02115
65ffd48d-53a3-4dbb-a3c1-4063f08c2387,1976-07-25,F,asian,nonhispanic,Boston,MA,02118
dcf82801-e81e-4427-9c3b-e4b92c541d91,2002-11-26,M,black,hispanic,Boston,MA,02118
2b926858-9045-4b2c-a39f-07f6a144d88b,1990-11-30,F,black,nonhispanic,Cambridge,MA,02138
16f87d6b-f051-4f90-99f9-5d341ba6d459,1983-11-21,F,black,nonhispanic,Cambridge,MA,02138
77de9e9d-a6fe-47e2-932c-debca0d719b6,1984-02-17,M,white,nonhispanic,Newton,MA,02458
3f5d8c20-55ad-402d-ae36-ad886b61a10f,2000-07-24,F,other,nonhispanic,Boston,MA,02115
432c9752-ccc9-4142-b669-b09ea10d8a34,1979-03-21,F,other,nonhispanic,Waltham,MA,02451
f8570b51-a399-440a-9396-21a6d3db9a03,1991-12-25,F,white,nonhispanic,Somerville,MA,02143
c38d2633-4bd3-437c-913e-608236417565,1990-03-01,F,white,nonhispanic,Boston,MA,02118
3d46e061-0d2a-4313-bc3e-e7430b3d7b51,2005-03-13,F,black,nonhispanic,Somerville,MA,02143
b6e4c63a-280d-45dd-86e4-2140cabe90af,1945-11-30,F,black,hispanic,Brookline,MA,02445
5cc95e7b-9aa2-41aa-bab3-f1874b0c0448,2018-10-14,M,white,nonhispanic,Newton,MA,02458
c20b0831-90d2-4b3b-b721-f3c9106e26d8,2006-01-13,M,white,nonhispanic,Waltham,MA,02451
7658ae5f-0e69-4368-88f8-78bb105ef525,1967-12-23,M,asian,nonhispanic,Boston,MA,02118
0aa35b4b-e68b-4257-8fb5-2186351e6a90,2006-12-13,F,asian,nonhispanic,Boston,MA,02115
13551748-b88e-45d4-a6e1-0ffe22de46f3,1956-04-12,M,asian,nonhispanic,Boston,MA,02118
f51dcf44-15ac-4628-b0cd-272d1a200fbd,1953-05-05,F,asian,nonhispanic,Waltham,MA,02451
bb9ca0fa-b363-47ed-ad3a-5b8896abd009,1951-03-02,M,white,nonhispanic,Medford,MA,02155
d9aea20d-adc3-403f-8730-6db8dfb2ca4f,1987-07-20,F,black,nonhispanic,Somerville,MA,02143
c9b60fa5-d4d4-4f14-a2ee-e19febc248ce,1966-02-06,F,black,nonhispanic,Cambridge,MA,02138
c4641cba-c166-4369-99d2-6d6697955f95,2000-02-03,F,asian,nonhispanic,Newton,MA,02458
43b67f07-9f72-4668-a037-d677e9c9bb29,1967-02-10,F,white,nonhispanic,Malden,MA,02148
e1db35fa-80ef-4d5d-acab-799e5b34374b,1960-03-30,F,asian,nonhispanic,Waltham,MA,02451
9218fc7d-ab32-45a7-a76d-7590aaf0d0fb,1993-05-30,F,white,nonhispanic,Cambridge,MA,02138
97ee1848-80b7-4056-b5b7-1fac6b7be9de,1962-02-21,M,white,nonhispanic,Brookline,MA,02445
9abb6a10-612f-410d-a61b-23284db5e906,1997-06-23,F,white,nonhispanic,Cambridge,MA,02138
4e8f7e54-d34a-4958-9861-8baaaade2886,2009-11-25,F,white,hispanic,Cambridge,MA,02138
dc42690f-c984-4fc8-9c40-f94a92426fcd,1981-03-23,F,other,nonhispanic,Boston,MA,02118
5b8f25f3-3a39-4dbc-afff-014d8c4ff40e,2015-07-16,F,asian,nonhispanic,Malden,MA,02148
e576ac8b-4dc6-4a16-8fa3-3a43210e236d,1998-05-24,M,black,nonhispanic,Brookline,MA,02445
798f1b89-84b1-4f18-ad4f-2ade885f73e6,1940-12-24,M,white,nonhispanic,Quincy,MA,02169
41cfbbd7-a687-4d49-85ec-a9053b686264,1938-07-11,M,white,nonhispanic,Somerville,MA,02143
efd8ca67-6172-429b-89a7-e90ba89fa5f0,1969-09-30,F,other,nonhispanic,Quincy,MA,02169
5abf6e9f-b973-49cb-9912-3d2b03338708,1948-06-11,F,black,nonhispanic,Malden,MA,02148
44ef9f51-927d-4617-92b3-d90cd180a780,1978-09-18,F,white,nonhispanic,Cambridge,MA,02138
a4029714-e2f7-469f-94a9-5245b2061a16,1993-12-05,M,black,nonhispanic,Brookline,MA,02445
79154338-c80b-4183-9f5e-539808b4fca7,1970-10-10,M,white,nonhispanic,Medford,MA,02155
6de208ef-4068-4273-b22a-95259dc7f7db,1991-09-12,M,asian,nonhispanic,Medford,MA,02155
aebb23b8-9e40-4c8c-b355-c2c36888abf2,1964-12-17,M,black,nonhispanic,Boston,MA,02115
2873518a-0e4c-4623-884e-4a95e06c1c22,1940-05-01,F,white,hispanic,Boston,MA,02118
c17b955b-4223-409b-b166-8194fe507b57,1992-09-30,M,white,nonhispanic,Newton,MA,02458
371dbeb1-501f-4a3f-8fc7-79523c882c4c,2017-04-28,M,white,nonhispanic,Malden,MA,02148
4d6338d0-b399-483e-9488-837d0b44e7ad,1987-10-28,M,white,nonhispanic,Malden,MA,02148
23016978-4389-45df-b26b-c38e8247a670,1936-08-22,F,white,nonhispanic,Brookline,MA,02445
85e54a27-48b5-4c04-8ca8-24163585d60a,1944-06-23,M,white,nonhispanic,Somerville,MA,02143
0d3c0d0e-f8b1-4fd1-96e4-fac21b416180,1981-12-23,F,white,nonhispanic,Malden,MA,02148
a0fe3e87-9cf5-4876-bef8-cf158a5062d2,1952-10-11,M,white,nonhispanic,Cambridge,MA,02138
bb9de511-a91f-4c5d-b230-776db012ab43,2018-08-24,F,white,nonhispanic,Waltham,MA,02451
f5d43c6b-aa8c-420b-85c2-1af49e9c4063,1963-12-24,M,asian,nonhispanic,Somerville,MA,02143
c102f191-3753-4a42-a576-aa6f4e385414,1966-06-25,M,asian,nonhispanic,Newton,MA,02458
3440321a-e6b1-4992-9f68-0f2d6869ea87,2009-06-20,F,white,nonhispanic,Malden,MA,02148
537ce021-f5af-47f2-86cb-d5f566f26d89,1975-01-02,M,white,hispanic,Boston,MA,02118
267ab274-422d-4cad-be36-aec598c7e1f3,1986-12-08,F,asian,nonhispanic,Malden,MA,02148
c64a1975-2a0a-4ecb-93eb-8500d72a1043,1956-09-08,M,asian,nonhispanic,Boston,MA,02115
c0ff461d-1117-4605-8876-e86b59670d00,1954-09-19,F,asian,nonhispanic,Brookline,MA,02445
b6556eff-d5bc-41c2-89b1-70b00374e773,1957-12-19,M,black,nonhispanic,Malden,MA,02148
130b58b2-88ba-4c1b-8115-f4471419f4e5,1972-04-07,F,black,nonhispanic,Cambridge,MA,02138
49c3d46e-9cfe-4c24-8c9a-cbebb6eede42,1996-01-13,M,white,nonhispanic,Newton,MA,02458
81b031c4-94e5-4c11-9282-cc4b565f45a9,2013-10-01,F,white,nonhispanic,Boston,MA,02115
639e5678-7c89-4a55-97e2-23a12353a3f1,1961-06-24,F,black,nonhispanic,Boston,MA,02118
643d5026-f7da-42f9-8fa7-837154d6ade6,2012-06-29,F,white,nonhispanic,Malden,MA,02148
fe48d580-692a-4e0a-ab4d-c159aade35a2,1967-01-16,F,white,nonhispanic,Boston,MA,02118
f1afeea5-cb2f-43eb-820f-6babb22453fb,2000-09-20,F,white,hispanic,Newton,MA,02458
e552d429-24f2-4358-8cc8-8baa176157b2,1999-11-05,F,black,nonhispanic,Newton,MA,02458
c12dff10-9f24-4f7a-8532-d937421e1f1f,2003-05-05,F,black,nonhispanic,Quincy,MA,02169
1db25158-ca14-4341-b5bb-13899807438d,1950-05-16,F,black,nonhispanic,Medford,MA,02155
2bf2724b-93ad-4a66-966f-e4f57c30f19e,1958-12-17,F,white,nonhispanic,Boston,MA,02118
29f35761-9fbf-435a-b198-9753d7dc61f2,1998-02-10,F,white,nonhispanic,Brookline,MA,02445
c82ddc1b-08ce-4b05-9f5c-8cc4b198970b,1950-03-21,F,black,nonhispanic,Cambridge,MA,02138
6338aa04-83fa-4b16-b1c2-b8164f271f38,1964-03-18,F,other,nonhispanic,Medford,MA,02155
034ea3f3-5255-4562-a8b0-73e187ff4226,1963-01-14,F,white,nonhispanic,Quincy,MA,02169
6f53c4dc-a7a6-454f-9a68-4aa25f40fc6c,1992-08-08,F,white,nonhispanic,Somerville,MA,02143
a71479f2-b05e-4938-8bc9-d25873e7bfa2,1978-12-07,M,asian,nonhispanic,Cambridge,MA,02138
23351f95-5515-4a15-b67c-cb1dd3ab554a,2017-10-16,F,white,nonhispanic,Cambridge,MA,02138
ec55e211-270b-416e-b8ab-4adda52f6ac5,1965-03-28,M,white,hispanic,Medford,MA,02155
2ab4a484-c536-4d1f-b9e2-de1edb6f4289,1989-10-26,M,white,nonhispanic,Somerville,MA,02143
ba817483-2c99-4a44-94ec-30469c1d92c1,1944-04-19,M,white,nonhispanic,Waltham,MA,02451
4aedcceb-4ec2-45df-a1be-b4cf2d189d29,2022-06-27,F,asian,hispanic,Somerville,MA,02143
8629a461-0223-4eda-8fc7-bda27ea1a2d6,1976-11-25,M,other,nonhispanic,Waltham,MA,02451
1cc1a5dc-1977-4147-98e1-5453e2d35a79,2006-07-17,F,white,nonhispanic,Newton,MA,02458
e24a2415-f4e2-4e65-a2df-b8bc9be4ca3c,1999-12-10,F,white,nonhispanic,Brookline,MA,02445
c5cf3f0e-6299-429a-a84f-e86a62f8c1f2,2018-02-23,F,white,nonhispanic,Malden,MA,02148
5b43b46f-864f-4887-a199-f3b5682fb028,1993-10-04,F,asian,hispanic,Malden,MA,02148
79dac1fb-a13b-4ab5-81e8-8bd935a5823b,1960-04-03,F,black,nonhispanic,Newton,MA,02458
c18dfbba-cb9e-460f-8e24-d15173064fe7,1959-04-07,M,black,nonhispanic,Medford,MA,02155
82e68fd2-213c-474f-956d-433fb4ff331d,2019-09-10,F,black,hispanic,Newton,MA,02458
cd9ece2a-7035-4cc0-bbdc-127f34139146,2002-07-29,F,white,hispanic,Brookline,MA,02445
6db1e9d2-2dad-4e3b-947e-b5fd1a40ee2c,1989-07-22,F,other,hispanic,Quincy,MA,02169
70a85802-d938-4730-a6ac-653e79c1ad84,2000-09-06,M,white,nonhispanic,Brookline,MA,02445
488b5361-30a2-4afa-be3d-e499f3566a0d,2009-08-27,M,white,nonhispanic,Somerville,MA,02143
7922006e-5c04-4240-b6ff-51be15f28eb1,1996-11-15,M,white,nonhispanic,Quincy,MA,02169
382402c9-36e3-48c2-8666-de389ff1acfb,1969-03-19,M,black,nonhispanic,Boston,MA,02115
7a1524a1-3e7a-4760-ba0b-e627c6df8fa2,1942-11-15,F,white,hispanic,Boston,MA,02115
7cc9de75-d0a6-45d1-81bc-d8fbe9bd75d4,1953-10-05,M,white,nonhispanic,Waltham,MA,02451
61f6351e-ff5a-4167-a600-a93df29c215e,1995-12-31,F,asian,nonhispanic,Somerville,MA,02143
7c76d8f0-880f-4323-b83b-4c31c4f5ef44,1964-08-24,M,black,nonhispanic,Boston,MA,02115
7668fd63-f806-4d2c-868c-ba3aeffe6bf3,1944-02-01,M,white,nonhispanic,Medford,MA,02155
af633395-07f6-4ece-895c-596a4be2e3c8,2021-10-29,F,white,hispanic,Boston,MA,02115
f464e274-41df-419b-bdfa-3e7e46b32a18,1991-09-30,F,asian,nonhispanic,Waltham,MA,02451
1b8ee9b3-9178-404d-8283-70b95a333f86,2014-05-10,M,white,nonhispanic,Quincy,MA,02169
23133014-55be-43c6-a9fe-f815b553b7e0,2012-09-12,M,white,hispanic,Newton,MA,02458
ce7454ac-1d30-415e-8e03-9ddade640a80,1981-01-06,F,black,nonhispanic,Cambridge,MA,02138
648f3760-f237-41ea-aa07-a5e1ff013306,1981-08-23,F,white,hispanic,Malden,MA,02148
e1b4c235-a395-4289-ab77-849ea78a376e,1946-08-01,F,white,hispanic,Medford,MA,02155
805247cd-d4fc-4ec0-9ec2-974880f28e54,1973-02-14,M,white,nonhispanic,Malden,MA,02148
0448b593-6a9d-4c4a-8dfa-c5ae7e716781,1990-12-31,F,white,nonhispanic,Waltham,MA,02451
db210676-f214-46e7-b1de-abf07ecd226f,2003-07-28,M,white,nonhispanic,Malden,MA,02148
48a7983d-60e2-41b1-b10d-16075913480c,1962-01-29,F,asian,nonhispanic,Boston,MA,02118
bbcc4592-1ab3-45ce-b258-fed21014dd5a,2007-12-22,M,white,nonhispanic,Quincy,MA,02169
96713546-8e5d-4fc2-8b78-def94bb2e18e,2000-09-17,M,white,nonhispanic,Newton,MA,02458
73715797-62a2-495c-85f7-1a9c6a8543ed,1973-11-04,M,black,hispanic,Newton,MA,02458
fa7a7801-1a7a-49b6-bc43-8238b01fc4dc,2019-02-25,M,white,nonhispanic,Cambridge,MA,02138
a5708246-635d-465d-a576-07d1d8fc6fc0,1964-10-27,F,white,nonhispanic,Waltham,MA,02451
22e27644-ca46-41d9-a282-9ce5c256ca89,2002-12-05,F,white,nonhispanic,Somerville,MA,02143
495b606e-0275-4593-bb63-c3751b4a9e34,1974-07-11,F,asian,nonhispanic,Boston,MA,02115
bb7890dc-8714-4e18-897e-fd77d5763ca1,1995-01-01,M,asian,nonhispanic,Malden,MA,02148
f642e0d3-bebb-469a-9bdd-cd628314fc5f,2002-05-06,M,white,nonhispanic,Brookline,MA,02445
854fdfdc-a746-48aa-9eff-850ef1667b50,1950-08-04,F,white,hispanic,Quincy,MA,02169
c8366b87-4d1b-4c31-a6a8-bae872938549,1978-10-06,F,white,nonhispanic,Newton,MA,02458
9909f014-b5bc-4935-9ac8-f943ca4f9fe7,1984-08-08,F,other,hispanic,Boston,MA,02115
660b983e-5654-436f-9c48-0a48911a6f6a,1990-01-14,F,white,hispanic,Newton,MA,02458
54a14a1d-a7a7-4142-ac3a-e8a7c481d354,1983-03-23,F,white,nonhispanic,Malden,MA,02148
84307ac4-755c-46b7-a556-54dc5a33c497,1964-08-17,F,white,nonhispanic,Cambridge,MA,02138
603ade04-bdd0-4b8b-94d0-bccc98db4c50,2006-10-07,M,black,nonhispanic,Boston,MA,02118
508d4018-8742-483f-9e37-669d39e19817,1956-11-02,M,asian,nonhispanic,Brookline,MA,02445
18be2bb1-0ac6-439f-a6dc-7ea36477b873,1988-09-28,F,white,nonhispanic,Quincy,MA,02169
2979c079-bac2-4e45-9de3-6f0caa8e222c,1944-08-23,F,asian,nonhispanic,Quincy,MA,02169
b8864f0b-a68d-4cde-9348-07e077efaca0,2005-04-17,F,white,hispanic,Boston,MA,02115
09f1d2c7-a0ce-478e-98a5-49724b2b9278,1938-07-13,F,white,nonhispanic,Newton,MA,02458
ad498604-48dd-47e6-9c27-b85ceaaa577b,1996-12-21,F,black,nonhispanic,Cambridge,MA,02138
dce90b7b-4aaf-4337-9f4e-88b5272f1898,1968-05-05,F,white,nonhispanic,Boston,MA,02115
5cfd9463-af9e-440d-be93-83881b62b4fc,1957-06-17,M,white,nonhispanic,Malden,MA,02148
29b64bb3-1410-4ddc-954f-a3c87646fbcb,1963-07-19,M,white,hispanic,Quincy,MA,02169
0aeb6ce8-51dc-4435-8739-7248b6be7c1e,2004-04-02,M,black,hispanic,Waltham,MA,02451
cc86f597-e0e2-4e21-8a26-15afae5526e5,1959-06-20,F,asian,nonhispanic,Cambridge,MA,02138
3a1c6a04-836e-4f9a-91b2-08733fcec0a7,1976-05-24,F,white,nonhispanic,Somerville,MA,02143
342a4751-1a18-4c2e-98ae-d9486d5b2a7f,1945-01-12,F,black,nonhispanic,Newton,MA,02458
278db247-a44f-4f93-a62c-74b93f6e5bf5,1998-12-01,M,white,nonhispanic,Boston,MA,02118
658a8b97-1871-4880-b7c0-ece34f9c54a6,1970-11-30,M,black,nonhispanic,Somerville,MA,02143
410678b7-caae-4907-9633-8c1d2e9f3fdf,1968-11-04,F,black,nonhispanic,Quincy,MA,02169
abba7928-9f72-460d-a4ae-33a9c629ae27,1967-03-07,F,white,nonhispanic,Boston,MA,02115
ba930b47-2abe-4819-bced-b19a02ed21ff,2001-10-14,M,asian,nonhispanic,Cambridge,MA,02138
6cdc7c4e-7f78-4fca-ab59-c42b2bbef32d,2001-07-03,F,black,nonhispanic,Quincy,MA,02169
2a9a34ac-073b-4aab-a63a-6edc0ade193a,1952-04-05,M,asian,hispanic,Malden,MA,02148
0ad0544d-827f-4f7f-b081-e2b80d748b98,1990-01-22,M,asian,nonhispanic,Somerville,MA,02143
19443cc8-5aa1-4e34-9491-dc023b2ade9b,2018-10-30,F,other,nonhispanic,Medford,MA,02155
9cdfede3-3823-4c98-8aca-90c2d717611b,2003-11-30,F,white,nonhispanic,Malden,MA,02148
82156b12-49d1-48e7-a1a6-73dee17d2e2b,1952-01-21,M,white,nonhispanic,Boston,MA,02118
d9a2b0d1-51d2-4076-a8c8-b707f9479484,1956-12-10,F,asian,nonhispanic,Newton,MA,02458
2e209664-ff39-49d5-8033-9bf6c0d7d565,1946-04-05,F,white,nonhispanic,Quincy,MA,02169
e48e623d-48eb-43ed-b013-d63967cc9475,1961-09-24,M,white,nonhispanic,Medford,MA,02155
38b394ed-8690-408d-bd40-1dc898f845fb,1948-02-04,M,asian,nonhispanic,Somerville,MA,02143
c91dc4cb-f9ba-4a0b-8e18-c9bebb106dd8,1975-04-23,M,white,nonhispanic,Quincy,MA,02169
9b5bd726-57e6-4ca7-b731-b41e49df35c3,2000-10-05,M,white,nonhispanic,Waltham,MA,02451
50ea90d2-b9e4-4e7f-86f0-1deddee460aa,1993-03-20,F,black,hispanic,Boston,MA,02118
6ecfce08-5eda-479a-9c68-968438ee992e,1983-07-29,F,white,nonhispanic,Medford,MA,02155
62cc9743-a33c-4936-b6ec-efc80e1b9ce2,1981-12-18,F,white,nonhispanic,Newton,MA,02458
9dce239f-008e-48e8-b28a-5b269b4454d8,2000-03-12,M,asian,nonhispanic,Malden,MA,02148
fcf87d28-5c15-48e6-bd4c-fef0727b4311,1948-08-12,M,white,nonhispanic,Waltham,MA,02451
3bcb8439-b239-400f-b624-8532fefa113d,1993-07-25,F,white,nonhispanic,Newton,MA,02458
541497fe-d730-41d9-a74e-2dbb50a536fc,2008-11-09,M,black,nonhispanic,Malden,MA,02148
8ac635a3-13fe-4189-b5ce-fa5907b77654,1992-02-27,M,black,nonhispanic,Newton,MA,02458
5cc38504-3db1-4e47-859f-6ff8063a8e7e,1946-06-27,M,other,nonhispanic,Cambridge,MA,02138
8e60b41d-5150-49af-bc5e-2a9ba0d0d736,2007-11-23,M,white,nonhispanic,Boston,MA,02115
5b527c14-ccee-483b-a643-cae747ad34d8,1976-10-08,F,white,nonhispanic,Waltham,MA,02451
2783ac89-39d2-4a52-8bac-0436cc069e8b,1938-10-04,M,white,nonhispanic,Medford,MA,02155
d9ea3146-983b-466d-888f-746255710b55,1987-03-20,F,white,nonhispanic,Somerville,MA,02143
4e58cdd3-296a-4ad5-8450-23fa994882e9,2005-04-28,F,white,nonhispanic,Brookline,MA,02445
c7ecac7b-0347-4e82-b6a0-9aa21763fe18,1962-01-22,M,asian,hispanic,Somerville,MA,02143
5e0486e2-0bb6-41d8-a2e5-768c190edec4,2010-09-05,M,other,hispanic,Newton,MA,02458
cf7b5d9a-4a27-48b4-9797-f794e856a6cc,1987-04-08,F,black,nonhispanic,Brookline,MA,02445
2e717f97-797b-4bde-9466-4db22c8baeef,2003-06-14,M,white,nonhispanic,Cambridge,MA,02138
b49fccd2-4381-4c41-9db1-f615fc3bbfdd,1953-02-08,M,white,nonhispanic,Medford,MA,02155
9c64c812-51e5-4da4-b3ed-0c5f6e4bc76b,1992-10-08,M,white,nonhispanic,Cambridge,MA,02138
e276877e-52c6-4e3c-98fa-d157d08a9805,1949-12-30,M,other,nonhispanic,Brookline,MA,02445
ed6f4c1e-1e7b-41ec-9bed-faedc70e24f0,1961-04-23,F,white,nonhispanic,Quincy,MA,02169
c1af3e4f-e815-4b37-98ad-5e187d39cb1c,1994-02-11,F,white,nonhispanic,Boston,MA,02118
20921295-327a-4c35-b7c9-b4e678c55185,2016-02-21,M,white,nonhispanic,Quincy,MA,02169
047c2106-62ce-40cd-b947-b788ff2206f2,1977-05-12,F,black,nonhispanic,Boston,MA,02115
4bca99fd-6515-4319-b531-51e0d6e48f29,1962-05-02,F,asian,hispanic,Malden,MA,02148
aae9fc08-57a7-4ee6-8362-63cd8fe0fb37,1986-09-10,M,asian,nonhispanic,Quincy,MA,02169
3a7403ff-03b2-4943-9257-8d2dd9879dec,1979-10-08,M,black,nonhispanic,Malden,MA,02148
24984b37-60e9-429e-b9cc-99c38aab5469,2003-11-20,F,white,hispanic,Cambridge,MA,02138
f1df88c2-7091-4700-8263-e1ff89293b68,2010-07-22,F,white,nonhispanic,Newton,MA,02458
13b708ff-3a1c-4aaa-8bc5-4186119d22a5,1995-07-21,F,white,nonhispanic,Medford,MA,02155
9a7ae0e1-f996-48b5-a9cc-86729631d331,1990-05-13,M,white,nonhispanic,Brookline,MA,02445
26f98032-b24a-4119-8324-ac33e074f9d8,1988-08-09,M,other,nonhispanic,Boston,MA,02118
10e37b1b-eaa0-4d4b-a0e8-19fbc851936d,2014-03-12,F,asian,nonhispanic,Boston,MA,02118
42f30e5e-fdd2-4203-934c-a16c7f74b9a8,1986-07-20,M,black,nonhispanic,Medford,MA,02155
eed6f20d-f7ec-4201-a12a-5b1f9b334fd3,2020-06-09,F,white,nonhispanic,Boston,MA,02115
4daaf482-2f6c-452e-a15d-c8fdf145df71,1939-07-13,F,white,hispanic,Brookline,MA,02445
9e7480db-0dd4-4754-8640-e18be40f164b,1986-07-23,F,black,nonhispanic,Newton,MA,02458
3e3dea4a-04d1-4d7f-ac99-dc9aaea4c612,1983-05-04,F,white,nonhispanic,Newton,MA,02458
4453e6d5-1e7e-4218-8768-e43e26be0624,1973-07-02,M,white,nonhispanic,Boston,MA,02115
1d0a1233-63ba-4798-af9c-23c4ddda5612,1975-12-07,F,white,nonhispanic,Somerville,MA,02143
24f41dc9-fd98-4cab-8077-516bcf7fa832,1984-11-12,M,white,nonhispanic,Boston,MA,02118
44c4ff55-072d-4575-ac40-cd68b0073c9e,1983-08-13,F,black,nonhispanic,Medford,MA,02155
2bd7dc56-9550-4a53-879c-e4e4fa66563c,1987-08-28,M,white,hispanic,Medford,MA,02155
951d2c37-72b5-4fb7-958f-7aea7d539252,1975-05-11,M,other,hispanic,Waltham,MA,02451
3927c77f-8775-4497-8383-4ee3c7e6a15d,2002-08-08,F,white,nonhispanic,Medford,MA,02155
c07f5c6d-7d1a-4960-b7c6-729f14a72893,1943-09-29,F,asian,nonhispanic,Waltham,MA,02451
afb8bcfe-09db-4345-ba3b-602d121ae078,1960-05-03,F,other,hispanic,Quincy,MA,02169
77c8cbdc-2bdb-4cf5-9170-41fe90403fa9,1965-08-01,M,white,nonhispanic,Quincy,MA,02169
f3591a9a-3434-468c-be4f-98bbdf536993,1948-04-14,M,white,hispanic,Quincy,MA,02169
5156217b-911d-416f-9597-271c64472273,1984-08-28,M,black,nonhispanic,Medford,MA,02155
bb373fef-e81a-49a1-92e6-fcfc41a45fb4,1971-06-25,M,asian,nonhispanic,Medford,MA,02155
2d5e9ca3-3fbe-4842-9b18-4c618368e938,1962-08-06,F,white,nonhispanic,Malden,MA,02148
8dbe4241-4a23-45bb-b7ff-c1e68bddf960,1965-06-20,F,white,nonhispanic,Malden,MA,02148
f0dc0cf5-e10f-4551-98ec-fcda4d160764,1967-08-01,F,white,nonhispanic,Somerville,MA,02143
d7be777d-9a25-4cc5-aa83-d47ea4aacd53,2004-10-16,F,white,nonhispanic,Cambridge,MA,02138
565544ef-bfe2-4723-955d-691f62935a62,1998-12-02,F,white,nonhispanic,Waltham,MA,02451
c62e7f6a-0a88-47ae-9bcf-1873bf3c8f20,1939-12-04,F,white,nonhispanic,Boston,MA,02118
bb776173-8b0f-4302-87dd-ff21392eae81,1998-10-23,F,asian,nonhispanic,Boston,MA,02118
7a0eb1c3-8a5a-4341-bbe1-f0e9fbfc7501,1959-12-12,M,white,nonhispanic,Brookline,MA,02445
d0f6d1d6-6b4a-4ef0-bcdb-1ffe6c93da7a,1942-06-24,M,other,hispanic,Cambridge,MA,02138
2ae2cc05-8233-4854-8d8e-e67a1909b4d4,2008-09-29,M,white,hispanic,Brookline,MA,02445
58fdb543-6289-4180-8ce1-8b9570aa9204,1994-02-17,M,asian,nonhispanic,Brookline,MA,02445
7d0cbbe5-7991-491a-8e6c-d601c7cc16a5,1962-03-13,M,black,nonhispanic,Quincy,MA,02169
8e88a906-cd3d-4e32-94ac-7a70839c3082,2016-11-14,F,asian,nonhispanic,Newton,MA,02458
55d38dd0-3fa1-4f1b-8986-9854433eb3f0,2004-08-30,M,white,nonhispanic,Waltham,MA,02451
9156b231-c40e-4261-891c-2b3ba9bc9564,1969-11-21,F,white,nonhispanic,Boston,MA,02115
800988bd-a635-4c45-a482-0e4b00db1d46,1975-03-16,F,black,hispanic,Brookline,MA,02445
3c41f048-a86d-4e32-ac68-da391d0a75dc,1937-10-17,M,white,nonhispanic,Brookline,MA,02445
40e8663c-fe45-439b-8466-3098be7a4746,2003-02-28,M,white,nonhispanic,Boston,MA,02115
d0f0edef-ff54-4a99-8b67-0a7320381845,1947-01-22,M,white,nonhispanic,Newton,MA,02458
69bb603d-9068-4d88-8dfa-bc3e393ec1c2,2002-02-14,F,black,nonhispanic,Waltham,MA,02451
371304a3-91ac-4d22-b412-fd017d230d92,1942-09-14,M,white,nonhispanic,Newton,MA,02458
5ecf79e4-9810-4c5f-a779-0fd7cb2d7990,1937-09-12,M,white,nonhispanic,Newton,MA,02458
5412aac1-6765-4431-b141-e047ed873a73,1993-09-01,F,other,hispanic,Cambridge,MA,02138
dcd1ac9a-ed06-4fc5-8355-a2c6218ce80f,1978-12-28,F,white,nonhispanic,Brookline,MA,02445
b1075f9f-a611-4a0e-a900-5a3584973720,1997-10-01,M,white,nonhispanic,Waltham,MA,02451
a222b66c-e2e6-4018-8e25-13c47cf118db,1996-08-21,M,black,nonhispanic,Brookline,MA,02445
18711c1a-a7e6-40d9-ac81-1394092376eb,1944-10-05,M,white,nonhispanic,Somerville,MA,02143
5f56c8d8-4fda-4894-b94c-a4c88f25e630,1940-07-06,M,white,hispanic,Brookline,MA,02445
5585837a-1d01-46bb-a39b-5c5c7ebec40e,1963-12-14,M,white,nonhispanic,Malden,MA,02148
821913d7-2797-4918-92fc-99db9dc5aae9,2020-01-19,F,white,nonhispanic,Boston,MA,02118
9a0c28a2-91e5-42d2-8037-2fd88ee14355,2000-08-26,M,white,nonhispanic,Quincy,MA,02169
515762c1-21c1-4ca6-bcad-441f6724610d,1948-10-11,M,white,nonhispanic,Boston,MA,02115
41a735be-0e81-48b2-9356-614284e9ee3c,1996-03-21,F,asian,nonhispanic,Quincy,MA,02169
d0779138-6153-48a4-b745-8f716460a5e4,1984-06-16,M,black,nonhispanic,Medford,MA,02155
00b6147b-dddd-45ec-ae1e-9cb21aaf7efe,1981-03-19,F,other,nonhispanic,Quincy,MA,02169
a8b85a26-af60-4f6f-a8ad-e4bc80219091,2005-02-17,F,white,hispanic,Somerville,MA,02143
0e9ff317-2ba1-4f13-aa12-0a5b74908eac,1947-03-04,F,white,nonhispanic,Waltham,MA,02451
fde64e44-1881-460e-90d8-983a374ae676,1962-11-29,F,white,hispanic,Boston,MA,02115
907aa4f3-52d6-4354-945d-c28a6c92ab97,1969-10-08,M,white,nonhispanic,Medford,MA,02155
f85a23c5-2a3b-42e7-98a9-9c4e0a1c68af,1963-11-04,M,asian,nonhispanic,Brookline,MA,02445
71a1293b-730c-4a51-a555-54f94cd97942,1966-07-02,M,white,nonhispanic,Brookline,MA,02445
d5be97ab-22e5-4f62-85ed-d6b05496e419,2001-03-17,F,asian,hispanic,Boston,MA,02118
36dd6ba7-0f7a-499a-8fd6-7738f4b34dc9,1990-04-04,M,other,nonhispanic,Quincy,MA,02169
41eba4d9-6b16-4462-bf35-4d8d017e53eb,1994-07-10,M,white,nonhispanic,Waltham,MA,02451
ebe8ca24-ba1f-44b6-8102-9641f447edcc,1990-05-14,F,black,nonhispanic,Newton,MA,02458
8e1c82a6-5e6a-42c2-a5e5-6d36f5af1b88,1955-07-10,M,white,nonhispanic,Boston,MA,02115
f7b26aa0-7ac6-4c38-92c9-17dfea9dee95,2010-04-12,M,white,nonhispanic,Brookline,MA,02445
6ad83049-acb7-498b-b16e-d993550beffe,1947-11-02,F,white,nonhispanic,Quincy,MA,02169
232b4eda-90ef-4c52-bbc1-ff7ae7f3553f,1960-10-25,F,white,hispanic,Waltham,MA,02451
51ecff1c-bf60-45d2-95e9-e5c561cdb436,1982-07-08,F,asian,nonhispanic,Malden,MA,02148
c62ce855-d7ad-41b2-92f6-54ae49cbaee1,2001-04-20,F,white,nonhispanic,Cambridge,MA,02138
f59be7e5-791e-4ad6-84ee-32b7b8bf46f0,1961-07-16,F,other,nonhispanic,Waltham,MA,02451
b68ad4be-1909-4c8c-b21d-cce2aae6ee30,2003-02-25,F,white,nonhispanic,Somerville,MA,02143
4b13dd4d-2fde-4db5-a0de-f57e2a3ff4d0,1976-12-24,M,white,nonhispanic,Cambridge,MA,02138
c2f8edd7-0ade-4ddc-808f-e408c9989fdf,1963-01-11,F,asian,nonhispanic,Brookline,MA,02445
1965a044-3ef1-4827-9058-4405cfe1d396,1996-07-08,M,white,nonhispanic,Medford,MA,02155
4582ecd0-76b2-4b10-8ca5-16cf9699f9ef,1959-05-29,F,asian,nonhispanic,Newton,MA,02458
4ac6a910-8148-4c73-9989-941f6ba49155,1943-11-16,M,black,hispanic,Boston,MA,02118
00f41536-05b6-4f5f-957a-b41cef96ffbd,1948-09-08,F,asian,nonhispanic,Brookline,MA,02445
09b36688-08e6-445e-801b-f9dae75d2e2f,1953-11-04,M,white,nonhispanic,Malden,MA,02148
a8e7b779-0836-49eb-9ef6-0d99bd036df8,2018-06-03,M,black,nonhispanic,Malden,MA,02148
c762e2db-154d-4c07-9b8a-55d8e8c6dfb3,1962-10-29,F,white,nonhispanic,Malden,MA,02148
c3938c71-b55b-45bb-a363-a1466f090442,1982-11-21,F,white,nonhispanic,Newton,MA,02458
f1fa42d7-58d9-4937-bce7-11852deea31e,1971-01-24,M,asian,nonhispanic,Brookline,MA,02445
4819377e-aad2-418c-b6fb-66d9b7ade570,1994-07-07,F,other,nonhispanic,Medford,MA,02155
8c7f8a15-d566-403b-8349-55111623436f,1975-09-12,F,black,nonhispanic,Medford,MA,02155
48506f62-29b7-4b3e-a27d-e37330eb9f8d,1984-07-16,F,asian,hispanic,Newton,MA,02458
e5a761ad-7cfb-48e5-8ea6-633b47522170,1954-11-10,F,white,nonhispanic,Boston,MA,02115
f538ffaf-ac48-4b12-8b29-b3b8de24ab49,1956-06-01,M,black,hispanic,Medford,MA,02155
c89c62e8-5c78-45d6-b29f-8922a2e1f26f,1981-05-23,F,black,nonhispanic,Waltham,MA,02451
c5c28aec-6980-4bda-8b5b-e931e2854270,2002-07-18,M,white,hispanic,Boston,MA,02115
1c3e39cb-9e93-4de7-b6df-8ce27458dc85,1963-12-25,M,white,nonhispanic,Cambridge,MA,02138
abaf870b-4a72-47f6-9ca5-aa2400a8bffe,1964-05-08,M,white,nonhispanic,Malden,MA,02148
773b8efa-e176-41c2-a751-8d84e20a4d3d,1994-05-22,F,black,hispanic,Boston,MA,02115
51146977-4dbf-4251-8798-8514909b8cd8,1960-07-09,F,black,nonhispanic,Malden,MA,02148
c7cfaa5a-e4b9-4738-8be6-33963dbb178f,1981-10-06,F,other,nonhispanic,Newton,MA,02458
6a49c3b1-5a99-4244-bf6b-0c8a733ab68a,1962-04-07,F,other,nonhispanic,Newton,MA,02458
f503fc56-ef0c-494e-af36-166853015196,1965-02-25,M,white,nonhispanic,Somerville,MA,02143
d8cc555e-905d-4df1-9d5d-9d13cbef239a,1937-01-14,M,asian,nonhispanic,Brookline,MA,02445
047ec3bf-b591-4df4-b2b3-45f6c52030c2,2008-07-22,F,black,nonhispanic,Newton,MA,02458
c0432715-2eed-4e1b-a34f-4de9fc13b4e6,2011-07-22,F,asian,nonhispanic,Medford,MA,02155
06faefcf-480b-492c-82ee-35294c2f840c,1958-05-03,F,white,nonhispanic,Boston,MA,02115
4c44ea23-d170-4601-8aee-b91e86d13160,1994-03-01,M,white,nonhispanic,Waltham,MA,02451
f846020f-399b-49c1-9715-868a67884471,1978-04-04,F,black,hispanic,Boston,MA,02115
b12a8aac-7138-42e4-b859-89bf75a6ab39,1960-02-10,M,black,nonhispanic,Malden,MA,02148
0a975fb2-d220-4da4-9ec3-45fa172cef5a,1991-02-11,F,white,nonhispanic,Newton,MA,02458
1ebfb60d-efed-4889-83aa-677635286d24,1996-12-25,M,white,nonhispanic,Quincy,MA,02169
8991d4e5-9404-4603-9b78-e060198f656f,1938-11-20,F,asian,nonhispanic,Somerville,MA,02143
cefcd598-50fd-4080-80d4-dc44a731243c,1983-06-19,F,white,hispanic,Medford,MA,02155
a99c93e5-4674-4fc4-894c-1f19c5fa59c4,1964-08-12,M,white,nonhispanic,Boston,MA,02115
b28f3ca1-18cc-49b0-b5e1-0ee4a333dde5,1994-12-18,M,white,nonhispanic,Newton,MA,02458
dff2c25f-ac58-4918-a626-e71df81874b6,1997-07-05,F,black,nonhispanic,Newton,MA,02458
598f7bb4-f808-470a-9f5b-dbbba89f2a05,1979-04-22,M,white,nonhispanic,Brookline,MA,02445
e7b63533-4f39-4ae6-9333-c3b89d8682b1,1992-06-21,M,other,nonhispanic,Quincy,MA,02169
5178b92c-7538-4c14-9d55-7c23be2a653d,1986-07-30,M,white,nonhispanic,Malden,MA,02148
3f651688-c51d-4ebf-be66-11d383fe2c73,2006-10-31,M,white,nonhispanic,Malden,MA,02148
6e5cf7ce-13c3-4b65-b607-b36b1daf5742,1965-04-18,F,black,nonhispanic,Quincy,MA,02169
9fdf915c-7335-4389-8dae-336a66044e0c,2005-03-26,M,white,nonhispanic,Waltham,MA,02451
64328834-7312-4c24-8378-45e83f081d29,1962-09-19,F,white,nonhispanic,Malden,MA,02148
fb5ed14a-34c1-459c-a0f2-d0185e02c76a,1958-04-19,M,white,nonhispanic,Medford,MA,02155
1e235e2b-d617-44ab-8da7-42da11f4e5f9,1969-07-12,F,white,hispanic,Malden,MA,02148
50f169dd-da9d-4c57-9aa4-38550e76115d,1982-09-28,F,white,hispanic,Newton,MA,02458
f45dd2ae-78ae-4bc5-94b9-b22c4ba77a2a,1974-03-30,M,asian,nonhispanic,Cambridge,MA,02138
c626d31f-ed43-43b0-852c-d674c6273e6e,1949-08-12,F,asian,nonhispanic,Medford,MA,02155
1ae538a6-ae79-4aae-8a66-869a7dbbb1ba,1993-09-26,M,white,hispanic,Boston,MA,02115
7859b0cf-584e-47c1-9466-32cc1e9bdd00,1995-11-19,F,white,nonhispanic,Boston,MA,02118
ca735529-e0d7-4601-8668-789c750a60d8,1986-08-11,M,other,nonhispanic,Cambridge,MA,02138
6c629f67-31f1-4d82-a705-deb55dc49a5e,2015-12-23,M,white,nonhispanic,Newton,MA,02458
83af7a7a-4c50-48bc-a076-27a2d5795e4a,1949-07-11,M,white,nonhispanic,Newton,MA,02458
9157cbac-42e2-403f-8105-65cfb9eac2d9,1965-07-30,M,white,nonhispanic,Newton,MA,02458
22991879-2fe6-4b66-bdcf-1ce3c7196fb0,1948-03-02,M,black,nonhispanic,Brookline,MA,02445
4da82eb5-dff9-431b-8f23-5cf79cc4d8a4,1983-03-08,M,white,nonhispanic,Boston,MA,02118
3bf947ea-7e65-43b1-bc59-68338f0fad6c,1967-10-04,M,other,nonhispanic,Somerville,MA,02143
0343eb3e-f0d2-4809-9906-9beaf97ef21e,1975-04-11,M,black,nonhispanic,Boston,MA,02115
e6fd5076-e4c4-4299-8a60-d2cd94f69213,1969-10-08,M,white,nonhispanic,Boston,MA,02118
bb4e1ccd-890c-43f1-9147-80318c64314b,1968-09-07,F,black,hispanic,Newton,MA,02458
0fa06b30-47dc-4d9a-b08c-6fb6860ed2f1,1979-01-22,F,asian,nonhispanic,Boston,MA,02118
cc16eef4-3018-478a-a745-4eef2c970fa4,1994-07-14,M,black,nonhispanic,Somerville,MA,02143
c0610d0e-a0ee-4ab8-a7a5-629c3240c53c,1973-12-20,M,white,nonhispanic,Medford,MA,02155
552dd97d-09e1-4a72-a590-6eed4871b3c6,1999-10-16,M,white,nonhispanic,Medford,MA,02155
576627db-44f6-4355-9667-2158400aea07,2003-12-10,M,white,nonhispanic,Cambridge,MA,02138
101aa9d7-9c2b-443e-a33d-3d008172207d,1980-02-12,M,white,nonhispanic,Boston,MA,02118
04a6c620-adc3-4e5f-8dcc-8295148085f0,1989-02-02,F,asian,nonhispanic,Cambridge,MA,02138
9f714b0d-a2ca-4d6f-9ccc-291c7adab8b5,1984-03-04,M,black,nonhispanic,Malden,MA,02148
e11a1716-261c-4fea-8fec-5fecf8d84df7,1963-04-20,M,white,nonhispanic,Malden,MA,02148
d6b14e97-2bd5-4a75-ae62-5e45e58a1654,1999-11-04,M,black,nonhispanic,Newton,MA,02458
9b0ba599-9445-4871-9d5f-2b8f734b4233,2001-10-21,F,white,nonhispanic,Waltham,MA,02451
dba5c92c-28a9-49a9-8996-09ce066cca0d,1985-01-02,F,white,nonhispanic,Newton,MA,02458
50666e4e-1383-48c3-93c4-bbbaf5ac39b1,1963-05-20,F,black,hispanic,Boston,MA,02115
885ffc46-3bc2-40f8-831f-3b41b6e315cf,1964-12-13,F,white,nonhispanic,Boston,MA,02118
66832ce0-2059-484e-b587-e6475734f2c8,1965-05-15,M,white,nonhispanic,Brookline,MA,02445
5655aaf8-8d81-4c29-ac38-3882363923c2,1937-12-19,F,black,nonhispanic,Newton,MA,02458
dea15f3e-9bde-4014-8e49-813a342d5d69,1945-07-14,M,black,nonhispanic,Quincy,MA,02169
ec44fd01-0b1f-43a6-8de7-c707e46e0ad2,1990-12-09,F,other,nonhispanic,Medford,MA,02155
c1e4971c-3aa7-4119-a91a-42076e395a3e,1990-06-13,F,white,nonhispanic,Medford,MA,02155
44cf8793-2cf9-489b-864b-f03cd53f6040,1994-07-02,M,black,nonhispanic,Newton,MA,02458
3f4cb5cd-f5d8-4b1b-b27a-86b71d809025,1998-05-02,M,white,nonhispanic,Boston,MA,02118
3ade8777-58e7-4b1f-afdb-5fd81a8c09de,2021-09-24,F,black,hispanic,Boston,MA,02118
cef4e9b7-b440-4714-8519-668c511f7396,1974-11-26,F,white,nonhispanic,Boston,MA,02115
dfca16e1-8a58-40cd-a0d3-e5489a83e388,1970-09-05,F,white,nonhispanic,Malden,MA,02148
ab4cf4ba-e10e-4021-9385-1e7b561b6611,1998-11-17,M,black,nonhispanic,Quincy,MA,02169
044e4cba-a51b-4ba2-9436-be73bb440eae,1961-02-03,M,white,nonhispanic,Newton,MA,02458
bb3ec54d-21c1-40f1-8ebf-b353c8d0987f,2008-05-13,F,asian,nonhispanic,Boston,MA,02115
a2459fae-6284-4660-97b2-39b8a2db7a3f,1958-02-01,F,asian,nonhispanic,Brookline,MA,02445
9ed53afd-1358-4a21-9500-25441f2acfe0,2002-02-24,M,white,nonhispanic,Medford,MA,02155
4fe8b694-5864-42ed-8ae8-3c59957240c4,2014-06-25,F,white,nonhispanic,Newton,MA,02458
f5e87039-a02e-4ed0-bf82-47661330d2b3,2004-08-14,F,white,nonhispanic,Boston,MA,02118
e64768fd-7fc1-40a1-874e-e94e0cf93ced,1976-08-15,F,black,hispanic,Boston,MA,02118
4021db5f-6033-40d3-a47e-fa35f36b8ea8,2017-05-13,M,white,hispanic,Boston,MA,02115
dded4c48-ab0d-4c31-bae8-e16020318309,1942-12-20,F,black,nonhispanic,Quincy,MA,02169
0ced2840-d7aa-4a98-bde8-fda3d8275679,1973-04-27,F,black,nonhispanic,Newton,MA,02458
ff173e1f-e6a9-4c7e-a6ee-576282b1fec3,2010-01-11,M,black,nonhispanic,Brookline,MA,02445
2b5e334c-2088-4837-8154-12ce3e8d8496,1976-04-13,F,asian,nonhispanic,Boston,MA,02118
3fef47fa-246a-4c22-a5b3-2d28c81ebbcd,1956-12-11,F,asian,nonhispanic,Cambridge,MA,02138
42ada17f-61b8-411b-96ee-bc1659280535,1939-02-18,F,asian,nonhispanic,Newton,MA,02458
a6222343-d9f6-4641-a4d5-1b6abc6107de,1957-07-16,F,black,nonhispanic,Waltham,MA,02451
b98f254e-e2cb-4d56-a590-40c62efe4fb3,1997-09-17,F,white,nonhispanic,Boston,MA,02115
ae81f379-98bb-40ff-9935-38c1a563d1c0,1978-08-05,F,white,nonhispanic,Boston,MA,02115
130d9c4d-9319-48e1-a093-353a327eff5f,2005-09-24,M,black,nonhispanic,Medford,MA,02155
3d488c40-267a-4f68-a34c-1806e9677d81,1959-06-08,M,white,nonhispanic,Cambridge,MA,02138
6d4c27b0-bbc9-426f-8191-937822f17d40,1942-07-07,F,black,nonhispanic,Quincy,MA,02169
d586600f-bbd9-40cd-90d1-5e86aff7fdcb,1946-07-06,M,other,hispanic,Boston,MA,02115
7bdf7f86-19d3-4c3f-9b50-36f5ad85c676,1967-12-13,M,white,nonhispanic,Boston,MA,02115
d6728e65-3ebf-4882-ac2a-df24da1f4db2,1987-04-08,M,white,nonhispanic,Brookline,MA,02445
6e26f07b-7675-4fc5-877e-992d184cce59,2013-11-12,F,asian,nonhispanic,Somerville,MA,02143
3971c0b4-0d2a-4f90-8905-cbfe50fcdc6f,1959-05-21,M,black,nonhispanic,Newton,MA,02458
e7935382-aeac-4578-bb7d-da5c18b0460c,2014-02-19,M,white,nonhispanic,Brookline,MA,02445
9c32fb72-7fe2-4988-9913-cb1fabcfd558,1974-02-15,F,white,nonhispanic,Brookline,MA,02445
944bfcc6-4bb4-4a57-96e3-8b4ab77049c1,1997-02-26,M,white,nonhispanic,Somerville,MA,02143
e649c30e-9c90-459a-8a07-1c59f14ef39b,1943-07-03,F,white,hispanic,Medford,MA,02155
d765479b-9072-45de-9778-1baa2d613211,1941-01-15,F,white,nonhispanic,Newton,MA,02458
8db636b7-b63b-4778-bc2a-d74ec420398f,1943-12-17,F,white,hispanic,Brookline,MA,02445
a1e8adbf-4737-48ee-a02c-7553d98252e2,2014-03-18,F,white,nonhispanic,Brookline,MA,02445
cab0d6ac-4cee-4284-8784-5bf962dc4127,1957-04-09,F,black,nonhispanic,Malden,MA,02148
ad9a3446-fcdd-479a-98c6-7b548ea325a4,1971-05-20,F,black,nonhispanic,Quincy,MA,02169
4fb59f6f-d47a-4a61-b275-96925689ff07,1940-12-12,F,white,nonhispanic,Quincy,MA,02169
84333470-8eb1-4e17-821c-81aa2f998256,1969-09-08,F,white,nonhispanic,Newton,MA,02458
6952193c-b110-4526-82f9-4e05f5010ef9,1978-01-16,F,white,nonhispanic,Brookline,MA,02445
c8c19522-91db-43da-9e2e-9698a39ca754,1946-10-29,M,white,nonhispanic,Newton,MA,02458
bc8ad48e-0079-4764-a0a4-dd7a9e81f70b,1944-09-12,F,white,nonhispanic,Cambridge,MA,02138
a1b13167-19d5-4e06-bc53-b3f799732aaa,1969-04-19,F,white,nonhispanic,Newton,MA,02458
e9c61b13-f5c9-4fbc-a840-226cf250ab87,1993-04-10,F,white,nonhispanic,Medford,MA,02155
3660eebb-0016-4f33-8736-de451ca19c5b,2002-08-22,F,black,nonhispanic,Waltham,MA,02451
3c4c972f-1e3f-474a-b866-0412b191121d,1961-05-05,F,asian,nonhispanic,Medford,MA,02155
305be254-5c68-4097-b3ae-211e0b2c6622,2001-12-12,M,black,nonhispanic,Malden,MA,02148
c289304e-8593-4cea-bdbf-56f0ad335e7c,1952-05-11,M,black,nonhispanic,Somerville,MA,02143
c329d6d5-0111-407b-bae7-ffc35712a03c,1996-11-16,M,black,nonhispanic,Quincy,MA,02169
e9e786f3-ac76-48ef-b017-0c415e28f29d,2009-04-02,F,white,nonhispanic,Cambridge,MA,02138
97b58ef4-3244-4a0f-93d3-4a749e02613b,1948-02-09,F,white,nonhispanic,Newton,MA,02458
e6d9aa33-17e9-4c34-b09a-448d3e80e0e4,2012-04-04,M,white,nonhispanic,Waltham,MA,02451
53bba97a-57ef-4636-bb27-a06e7e6a79fd,1946-12-30,F,white,nonhispanic,Brookline,MA,02445
ef2a397c-5eb2-4a00-8ea8-7ab191bcb552,1975-02-18,M,other,nonhispanic,Malden,MA,02148
7394ca67-900d-4815-b6a8-35bf36a40af7,1944-04-17,F,white,hispanic,Malden,MA,02148
5ee82958-32d5-454d-a2b4-4b1337f3ccce,2011-02-18,F,other,nonhispanic,Boston,MA,02115
9dc8959c-b34b-4367-8b29-a9452874ba2c,1955-09-12,M,white,nonhispanic,Boston,MA,02118
49c9f02c-e4ad-49a6-9e70-8d853384d2f0,1956-02-12,F,black,nonhispanic,Cambridge,MA,02138
4e00774c-2062-4cb1-977e-925202954ab4,1978-12-09,F,white,nonhispanic,Brookline,MA,02445
56ca506f-878c-4975-8eb0-f9073a713669,2020-06-20,M,white,nonhispanic,Brookline,MA,02445
777aa3eb-5133-4398-975c-38cc65ff3ed1,1973-10-24,M,white,nonhispanic,Malden,MA,02148
b4845917-d95d-4fa4-aa7e-8f91f34c1a62,1990-06-21,M,black,nonhispanic,Brookline,MA,02445
9f902c61-6980-432e-8933-1a5212c023c2,1985-05-11,F,white,nonhispanic,Cambridge,MA,02138
7ecbb6c6-24a3-457c-ab06-f5651918f87b,1992-08-09,F,white,nonhispanic,Quincy,MA,02169
5e7fb12b-d76d-489c-bba3-9fc0a4d894ff,1998-02-20,M,black,nonhispanic,Cambridge,MA,02138
4523d9fc-0983-47e3-a197-8e6ac930fd2a,1998-06-01,F,asian,nonhispanic,Waltham,MA,02451
a14963ae-26fa-40ce-ac96-12d6316a30be,1940-12-22,F,black,hispanic,Waltham,MA,02451
2c39ebce-04c1-487f-9ab3-70349461d051,2001-12-17,M,white,nonhispanic,Malden,MA,02148
fcd52740-e933-4170-b8b5-c1dddf3121d4,1967-09-13,F,other,hispanic,Somerville,MA,02143
5c323853-98c9-43cf-a90a-7630fb5f24ee,1959-11-15,F,asian,nonhispanic,Somerville,MA,02143
36f96736-1ff9-4981-8026-93e24d925b2c,2002-09-10,F,white,nonhispanic,Boston,MA,02118
fc4a1cf3-c4ab-4352-a45c-837521af28e8,1984-10-25,F,asian,nonhispanic,Somerville,MA,02143
31a9357f-7eef-4e5b-8bb1-663f8d2c7ad4,1963-12-06,M,white,nonhispanic,Waltham,MA,02451
f3c6446e-5f9c-4c4c-904f-bd8938c1d749,1952-09-17,F,white,nonhispanic,Boston,MA,02115
1b9eb327-c00a-451b-8e2e-ccfc5f092a04,1963-05-12,M,asian,nonhispanic,Somerville,MA,02143
8ff5e373-5553-4d74-8b26-f41dbd8732ae,1957-12-28,M,white,nonhispanic,Boston,MA,02115
a436698c-9ef8-4d33-9dd5-0221384ce2c2,1941-08-13,F,asian,nonhispanic,Boston,MA,02115
c9ed7b1f-c676-4b44-95c2-9e0b7aa0afaf,1959-05-18,M,white,nonhispanic,Quincy,MA,02169
23db432d-7129-4f30-ac6b-047c9dc5c027,1973-08-23,F,black,hispanic,Malden,MA,02148
d2ef4dee-a2cb-4841-b7a5-c83bbf0d2aac,2012-09-24,F,asian,nonhispanic,Brookline,MA,02445
8efa041e-5838-48c1-af3e-993b9bc269a3,2015-11-08,F,white,nonhispanic,Waltham,MA,02451
34ab67d6-c68d-437a-831c-50cf15cb6443,1962-04-13,F,black,nonhispanic,Newton,MA,02458
4605d836-a28b-4b25-b580-785d729f0d6d,1987-10-28,F,asian,nonhispanic,Newton,MA,02458
bc8e410e-fc49-403d-99d8-dcd62a05704f,2010-06-12,M,white,nonhispanic,Cambridge,MA,02138
bf7bccd8-be8e-45c3-91f0-fff4ac5c24b2,1955-02-17,M,white,nonhispanic,Newton,MA,02458
96ea0163-ce58-4280-b2ed-544762e448af,1977-12-26,F,asian,nonhispanic,Waltham,MA,02451
9a38fe0b-b1aa-4d49-9534-f91d70f65ff1,2018-01-16,M,white,nonhispanic,Brookline,MA,02445
24f38f11-b256-4525-9a85-10bd406b8ac8,1962-12-29,M,white,nonhispanic,Waltham,MA,02451
0b619b1f-e90b-4fee-a6a9-b3d3b7dc7a8f,1942-08-17,M,white,nonhispanic,Boston,MA,02115
63b3a368-e801-4af7-ba6d-72d60103ce69,2000-01-23,F,black,nonhispanic,Boston,MA,02115
6fe91982-eb75-4664-bbc1-48de427728dc,1971-12-30,M,asian,nonhispanic,Brookline,MA,02445
5574dc5b-88ee-44be-9bb8-f1340df204d5,1952-12-01,F,white,hispanic,Quincy,MA,02169
8bdf5c23-2bb1-40ad-90ff-b7c3c162898c,1968-02-23,F,white,nonhispanic,Newton,MA,02458
139602a8-fb67-42c8-a4df-0bf4d9cda04f,1962-06-07,M,white,nonhispanic,Somerville,MA,02143
64389247-2f19-4ecf-be81-9d3eb61bfd34,2007-09-12,M,white,nonhispanic,Newton,MA,02458
59cfa5d6-e76b-44e5-9feb-7e2181fb6cd0,2011-09-19,F,black,nonhispanic,Somerville,MA,02143
d8da8367-2477-4a63-943e-a8c5842db61f,1937-08-05,F,white,nonhispanic,Waltham,MA,02451
e33b414e-a844-4c86-a68c-94456601da68,1942-03-19,M,white,nonhispanic,Quincy,MA,02169
eae2d739-2954-4ee1-a484-385be42f6947,2002-12-24,M,black,nonhispanic,Quincy,MA,02169
69d52522-08e7-48e5-af82-6789a8015b06,1984-10-22,F,white,nonhispanic,Brookline,MA,02445
73510a1f-6816-46b5-99ac-96cef7d46dc2,1977-11-12,F,white,nonhispanic,Waltham,MA,02451
7429952c-48cf-43fe-b287-e32d8b7494f8,1996-02-08,M,asian,hispanic,Newton,MA,02458
aa6f3f43-3996-4ced-a8f6-3686aab4c986,2007-02-27,M,white,nonhispanic,Medford,MA,02155
46ca1c82-ed5e-4d8a-9586-76f863d9c7f7,2001-03-13,F,white,nonhispanic,Brookline,MA,02445
2afa17ec-40ee-48ff-8a79-50ad732f4c1c,1966-11-09,M,black,hispanic,Quincy,MA,02169
09fd1b84-9ab3-4aa5-83e4-aabd37ad90dd,1992-10-29,F,white,nonhispanic,Boston,MA,02118
158b0ed6-1365-4d5b-a0a3-66907a464753,1973-10-10,F,white,nonhispanic,Boston,MA,02115
b7ee2c78-a207-4086-9f1e-5e08b57e1a07,1993-11-16,M,other,nonhispanic,Quincy,MA,02169
83392b23-8635-4da6-bcd4-7d4ccf744f79,1972-07-30,M,white,nonhispanic,Boston,MA,02118
b7b822eb-26ed-4dff-9281-ebe4b1575a78,1946-07-29,M,asian,nonhispanic,Cambridge,MA,02138
e45b0fd4-1a5f-433c-acdd-a854ad0958f4,1975-03-04,F,black,nonhispanic,Newton,MA,02458
b236669e-0173-47fb-96a3-b1fefdec263e,1966-06-28,M,white,nonhispanic,Brookline,MA,02445
783151b4-3046-4ae8-bef8-bef5a98c9e36,1940-11-16,M,black,nonhispanic,Boston,MA,02118
06d63d8a-c857-4230-9ee1-6019e89134b8,1983-09-30,F,white,nonhispanic,Waltham,MA,02451
39848722-8598-4647-90f4-57b41474082b,2011-08-06,F,black,nonhispanic,Waltham,MA,02451
554fe161-6471-46ae-aba3-3757090a56b2,1951-06-23,F,asian,nonhispanic,Newton,MA,02458
aabc5f41-ce88-402b-9c89-5d14857c0247,2007-08-05,M,black,nonhispanic,Waltham,MA,02451
dc8f4d66-9b5d-4f11-84e4-eb3aaa1c78c1,1943-08-21,M,white,nonhispanic,Boston,MA,02118
10f5a964-72bb-4107-9c9f-c8b3481f8017,2019-03-30,M,black,nonhispanic,Boston,MA,02118
63699061-4ba8-4c7c-8d69-3cf3e2c2fe7f,1967-01-09,M,white,nonhispanic,Waltham,MA,02451
6fa2f5b9-ae7f-4b70-8752-821877f8db99,2012-08-14,M,asian,nonhispanic,Medford,MA,02155
746001f8-a04a-47d7-af07-2f0e08fd6f1e,2014-02-01,M,asian,nonhispanic,Waltham,MA,02451
3bc0d613-9b52-4c16-b5b3-ec0e1689cb16,1946-01-23,M,white,nonhispanic,Boston,MA,02115
863e8299-10b5-4578-b00f-a9cfab063497,1978-03-26,F,black,nonhispanic,Quincy,MA,02169
251efa52-2658-490a-b822-78cc1bb3e5f6,1959-12-20,M,white,nonhispanic,Cambridge,MA,02138
7c4094a4-c251-4f23-917e-7e8962a571f2,1955-07-13,F,other,hispanic,Boston,MA,02118
b0ddda2b-86d4-48a7-97b1-779760e93a87,1961-10-27,M,asian,hispanic,Waltham,MA,02451
9cf6a60f-9c56-44f7-b1d9-cd6659805192,2006-03-12,M,white,nonhispanic,Brookline,MA,02445
8d01afaf-b1f8-4588-bf80-64d8604829b8,2003-12-04,M,black,nonhispanic,Newton,MA,02458
07013b83-d40c-431d-843b-c9805ad14dd2,1943-12-23,F,black,hispanic,Waltham,MA,02451
52a19f31-e48e-4401-be83-8c61783e8c60,1956-02-15,F,white,nonhispanic,Somerville,MA,02143
2f64c66b-aaeb-447b-8d30-223697b89364,2006-06-10,M,white,nonhispanic,Boston,MA,02115
1c0635eb-2963-4196-9029-0ba41d5c8b5f,1965-10-11,F,white,nonhispanic,Quincy,MA,02169
6a0a4473-a3ca-427a-aa07-05d27fab9700,1994-03-25,M,white,nonhispanic,Newton,MA,02458
c4e82c5e-5300-4e58-b82d-0b4b503acecf,2009-04-01,F,white,hispanic,Waltham,MA,02451
73ecbda7-3267-491a-850e-62c5b86e9310,2003-10-04,M,white,nonhispanic,Cambridge,MA,02138
4eb4ccac-9677-4d2f-9d59-f8795118f7ac,1938-12-30,M,asian,nonhispanic,Cambridge,MA,02138
9597b2e9-f9d5-4989-a1a6-ef44ede6db42,1958-09-08,F,black,nonhispanic,Brookline,MA,02445
f8d8e54c-a817-4ac3-93ed-41f65ef3f07f,1945-12-23,F,white,nonhispanic,Brookline,MA,02445
ab8367aa-3898-45c3-9777-6c7da49d4f83,1998-06-30,F,white,nonhispanic,Quincy,MA,02169
ed713b03-ea29-42aa-a60c-f8c0565cf463,2012-03-08,F,asian,nonhispanic,Boston,MA,02118
d7ed172f-f16e-45fd-bc97-fe4f6cddcf28,2001-04-25,F,asian,nonhispanic,Brookline,MA,02445
aa741341-d27c-485c-a32d-edee2a2759f7,1973-12-30,M,asian,nonhispanic,Quincy,MA,02169
64cb5aab-2a40-4e2a-843c-261788673e53,1961-07-15,F,white,nonhispanic,Medford,MA,02155
1ef238e5-3233-42a4-8f2d-c2d9581ec15d,1959-05-02,M,white,nonhispanic,Brookline,MA,02445
cedd21ea-9d53-4890-ab98-e4fc0eb69d6a,1975-06-17,F,asian,nonhispanic,Boston,MA,02118
b9dddf57-41f3-4533-b342-3cc30d8f732f,1980-01-10,F,white,nonhispanic,Boston,MA,02115
b950625b-288b-445d-b55e-4680cfe75550,1963-06-15,M,white,nonhispanic,Newton,MA,02458
8befb584-83b1-4154-a849-0c33053ff4fc,1948-12-25,F,black,nonhispanic,Somerville,MA,02143
6a65d108-dba5-4bca-a63d-ea0625a50c27,1967-09-17,M,white,nonhispanic,Medford,MA,02155
ef196cc9-64f3-49a4-ae62-4012bc439047,1976-09-21,F,white,nonhispanic,Somerville,MA,02143
ea4fdf67-e3cf-400e-b705-dff5a248b9cb,1986-09-15,M,white,nonhispanic,Malden,MA,02148
68c3030a-5509-4ced-b125-0d362bb4d69a,2005-04-04,M,white,nonhispanic,Boston,MA,02118
c22d67df-9f03-44bf-8966-8d86d6e618fb,1964-07-20,M,asian,hispanic,Quincy,MA,02169
ed1f9410-bc38-4d9f-893f-18ef06377000,1945-06-15,M,white,nonhispanic,Malden,MA,02148
3ed40a0f-d753-4cb9-96ae-5470dfd484ca,1961-08-20,F,black,hispanic,Malden,MA,02148
8f541850-4148-4ce5-b58f-d4148262fd9c,1951-05-23,M,asian,hispanic,Newton,MA,02458
64040443-c33c-40a4-a9ef-eda4f0e669cd,2019-01-05,F,white,nonhispanic,Waltham,MA,02451
a294618b-1c37-40a3-a0ad-304fa7d950c7,1969-07-29,F,asian,nonhispanic,Malden,MA,02148
0a921dce-f325-473f-97a1-db658d1ba08b,1960-10-15,F,asian,nonhispanic,Waltham,MA,02451
c2d3b5d2-7840-4699-9644-d38922b53b96,2010-02-15,F,asian,nonhispanic,Cambridge,MA,02138
303d4d57-5ab8-46b8-b79f-71cec0861f82,1996-10-31,F,white,nonhispanic,Boston,MA,02115
a5a3a277-ccca-4bfb-9076-87e5331f8ef7,1959-05-27,M,black,hispanic,Quincy,MA,02169
eccea1b0-f617-4d57-bb60-5623a9155e41,1944-08-06,F,white,nonhispanic,Newton,MA,02458
60cd1c2c-218b-40aa-987c-eadc1139c8df,1958-04-15,M,asian,nonhispanic,Malden,MA,02148
8514b8ed-aa54-46ce-a404-9c54acee989e,1999-02-03,F,white,nonhispanic,Waltham,MA,02451
485fdc88-3388-4ed2-84b7-078d4c5faf5b,1984-06-22,F,white,nonhispanic,Waltham,MA,02451
b3941f54-648b-4bdd-a7f6-cadda242bd06,1967-09-20,F,black,nonhispanic,Quincy,MA,02169
0ae83188-2578-43f7-9abc-f3a3f7064b64,1971-12-02,M,asian,nonhispanic,Newton,MA,02458
9a0260be-f253-4da1-b862-dbca8f006280,1988-03-24,M,black,nonhispanic,Waltham,MA,02451
71e9bc99-80c5-4b12-b284-19e814ce85e2,1997-10-17,F,black,nonhispanic,Cambridge,MA,02138
c8955c98-57ef-4947-8637-0f72145941d4,1953-04-27,M,asian,nonhispanic,Somerville,MA,02143
88732fe2-c71d-4998-af70-695dec58c00d,2007-07-20,M,black,nonhispanic,Waltham,MA,02451
86c2817e-0b33-45d1-ba39-4239d6cbbdd2,1989-04-25,F,white,nonhispanic,Quincy,MA,02169
8adc1497-09b4-4f49-a34c-a857a602cfcd,1959-06-30,M,white,nonhispanic,Boston,MA,02118
6f69a3c9-9b0f-43bf-9bde-02dff35fee33,1955-09-16,F,black,hispanic,Boston,MA,02118
ee02fde8-c9f7-4e8d-91b7-7c52eb4e6b99,1991-05-29,M,white,nonhispanic,Newton,MA,02458
72b50f0e-5e22-43f1-81f4-715d163cbe64,1972-01-19,F,white,hispanic,Medford,MA,02155
d6916178-d802-4672-ad44-e724a0a04aaf,2002-07-04,M,asian,nonhispanic,Malden,MA,02148
df8a9dc6-214c-47d1-9334-93cac2e8d923,1969-03-26,F,white,nonhispanic,Somerville,MA,02143
3ae4dd5d-595b-49b7-acf7-4e13c344f533,1961-03-11,M,white,nonhispanic,Boston,MA,02115
f7029e77-343b-4307-9b7c-fbc16af2fe59,1953-12-05,F,black,nonhispanic,Newton,MA,02458
a92ce763-420a-4bfe-8f96-6229ed8660c6,1988-10-19,M,black,hispanic,Newton,MA,02458
47024d5d-2af1-49d1-b926-000bb6c99dd7,1957-11-28,F,white,nonhispanic,Newton,MA,02458
4c3af1ef-9c77-42d2-a8a1-8e214f5484df,1977-01-19,M,white,hispanic,Brookline,MA,02445
56a91bd9-6f98-4497-a39f-387412321bb6,1992-11-16,F,white,nonhispanic,Malden,MA,02148
d1a0f5d7-e572-4772-8863-5d613d9ad1fe,1944-12-04,F,asian,hispanic,Medford,MA,02155
3553e694-47d3-426b-bccb-29bb9752c7b2,1998-03-13,F,white,nonhispanic,Quincy,MA,02169
c1193aa6-fe3e-4353-91fd-039904d467d8,1965-07-27,F,white,hispanic,Cambridge,MA,02138
62c7cc03-62ae-4765-8bc3-d03317dee1f6,1973-12-11,F,black,hispanic,Boston,MA,02118
64dd73d1-bb9c-456d-893d-1eb029d17e0d,2017-05-02,F,white,nonhispanic,Waltham,MA,02451
d5356553-bfae-4610-b874-8d7748a21b92,1951-03-18,F,white,nonhispanic,Newton,MA,02458
650900e2-fc70-4d6d-a2b7-3f8694b0220b,1989-02-16,F,black,hispanic,Waltham,MA,02451
9c1dedf2-aa94-49e0-8a18-ab5615af0c13,1958-06-04,M,black,nonhispanic,Boston,MA,02115
85fa088f-f753-4317-b885-aa45c573f385,1998-11-20,M,black,nonhispanic,Cambridge,MA,02138
ad22a29a-32ce-4a95-a0e1-7c771dcdfe25,1959-01-31,M,asian,nonhispanic,Newton,MA,02458
52fd0c4d-a65b-4eca-81d1-0ecea988a73e,1982-09-15,M,white,hispanic,Cambridge,MA,02138
3fe57acc-db0b-48d8-8282-61b8d7f2ddf2,1985-03-02,M,white,nonhispanic,Brookline,MA,02445
212aef0e-0851-4d0b-a95c-88802c7c016f,1981-03-05,F,asian,hispanic,Waltham,MA,02451
c758b62f-458a-4fd6-a213-9616eef505d4,1984-05-04,F,white,nonhispanic,Newton,MA,02458
cf1a1ebd-3c64-4a3b-9061-e28f0029369b,1949-01-31,M,black,nonhispanic,Brookline,MA,02445
1638b74a-914c-4df8-867d-0df2a1f2edb5,1966-04-01,F,black,nonhispanic,Medford,MA,02155
c2a363dc-3d4e-44c2-a7cc-ea2760d64a18,1994-03-25,M,asian,nonhispanic,Waltham,MA,02451
f518b290-269c-4962-8423-eaf46c6f7808,2002-01-30,M,white,nonhispanic,Medford,MA,02155
bbc4c687-55b6-4cc8-a027-25651696e5a5,1984-08-07,F,white,nonhispanic,Malden,MA,02148
c3132ebe-7353-4319-a99d-ce5aef5e0c0a,1970-10-13,F,black,nonhispanic,Malden,MA,02148
0052289f-9064-4e49-b751-de200554f933,1988-04-21,M,black,nonhispanic,Medford,MA,02155
7d557150-f3a1-4ede-ab3d-0916f4802ac8,1943-03-13,M,black,nonhispanic,Medford,MA,02155
d50347bd-1a6b-4965-992a-ee0b14a66ecd,2014-12-05,F,white,nonhispanic,Medford,MA,02155
4e6c747c-64af-4341-968b-fb7c2220d388,1980-04-17,F,black,hispanic,Medford,MA,02155
d8a484ed-8f08-4852-b43c-b0d01fce7d29,1993-08-19,M,asian,nonhispanic,Somerville,MA,02143
e8df3f9e-e250-4bf2-867c-126e6338dee1,1960-03-27,F,asian,nonhispanic,Newton,MA,02458
793d2ff7-8b3d-4826-a9b9-4202d65d28f0,1986-05-31,M,asian,nonhispanic,Brookline,MA,02445
c7dd1952-5deb-4bb1-ac85-6d39174604f0,1956-02-29,M,asian,hispanic,Cambridge,MA,02138
6d7f3b1f-499a-4ce1-83a9-55fea95949f0,1942-11-11,M,white,nonhispanic,Medford,MA,02155
bd599328-34d7-4a24-862b-efe5ef898b49,1965-06-18,M,white,hispanic,Boston,MA,02118
30fe27e2-07e8-432f-a396-1813ec6ef561,1978-07-18,F,white,nonhispanic,Waltham,MA,02451
f73b810d-c948-495d-995e-32031611add6,1998-11-24,M,white,hispanic,Somerville,MA,02143
b6ec696e-0900-4716-9a77-c35305fb04b4,1993-08-09,M,white,nonhispanic,Boston,MA,02118
2dd14a90-c566-4517-8be3-23807da1961f,1995-05-03,F,black,nonhispanic,Cambridge,MA,02138
15e730bf-4d71-4b3e-85e7-e81e30babb12,1973-09-25,M,white,hispanic,Quincy,MA,02169
dd89d718-5960-45f7-a179-2ffb8a6c6773,1968-05-16,F,black,nonhispanic,Somerville,MA,02143
dedc63e0-43eb-4650-b308-8cc639faa1dc,1998-04-14,F,black,hispanic,Newton,MA,02458
9631746e-6bad-49d2-aff7-a1550d1fe5bc,1964-07-25,F,black,nonhispanic,Waltham,MA,02451
ae960281-4f37-4b95-b80e-2148bca45508,1946-04-13,F,white,nonhispanic,Malden,MA,02148
efdd76ce-b4b0-4184-8cc7-1dc8c5a1bcc8,1983-09-16,F,white,nonhispanic,Medford,MA,02155
1a1df8a2-24ae-47ea-aa30-70ff448ff1ab,1978-03-07,F,white,nonhispanic,Medford,MA,02155
d828cd96-1ab5-4bf1-a818-fe79aa499288,1994-09-18,F,white,nonhispanic,Somerville,MA,02143
207816f0-b4ff-4cba-b1d1-67c0be34ec9f,1975-06-14,F,asian,hispanic,Boston,MA,02118
e888ef84-20dd-4fda-ac3a-bdf5190c6787,1985-03-08,F,white,hispanic,Boston,MA,02118
1957df55-f3c4-41b8-9271-c2461405390f,1945-06-13,M,white,nonhispanic,Newton,MA,02458
c775d295-581f-4816-b674-fd6dc766e6d1,1973-02-10,F,white,hispanic,Quincy,MA,02169
efdfd0c8-ad90-4781-940e-f53c94e2e3f6,1996-01-29,M,other,nonhispanic,Waltham,MA,02451
a5706b47-0e33-4e3e-bab1-a23383b3e45b,2022-01-19,F,black,hispanic,Newton,MA,02458
0d5fb8ff-0006-4adb-a40e-5bc984470e62,1946-05-30,F,black,nonhispanic,Somerville,MA,02143
fbaa2bc1-fef6-45de-bda1-3985876b6f81,1995-08-21,F,asian,nonhispanic,Brookline,MA,02445
49e6b19b-ddc0-48e3-94be-dc888733a996,1955-12-05,F,white,nonhispanic,Medford,MA,02155
eb256209-65a0-4dd0-bc29-ffd3221ad662,2004-02-20,M,black,hispanic,Waltham,MA,02451
ee86a989-3286-4fb5-9c2b-3ac6784ffd46,1989-06-03,M,white,nonhispanic,Medford,MA,02155
c48ceac7-9270-4375-ad85-8ea7af4da7f9,1972-05-02,F,black,nonhispanic,Brookline,MA,02445
b7063e30-8e17-4ac0-8135-90f9cec508ae,1990-01-09,F,white,nonhispanic,Waltham,MA,02451
90c69161-3487-4291-abf6-ef46ef15c8c5,1986-08-06,F,white,nonhispanic,Medford,MA,02155
60bd2366-78f4-4e43-a718-5b0cad3836da,2011-03-27,M,white,nonhispanic,Somerville,MA,02143
77c22b52-e420-43f4-ba96-f288dc73835f,1997-09-30,M,white,hispanic,Boston,MA,02115
e5237dcc-4563-4488-8487-1e4df6b94f20,1976-04-07,M,white,nonhispanic,Boston,MA,02115
fea22ada-2052-4c78-85db-fcfa9a3e93fc,2015-12-08,F,white,nonhispanic,Waltham,MA,02451
87dbee87-061c-4210-9b6e-fe1b6a697711,1999-09-04,F,white,nonhispanic,Boston,MA,02115
c5152505-b340-4428-b65f-d17324bfdb53,1992-09-24,M,black,nonhispanic,Boston,MA,02115
ecf0b83b-8c90-4f98-a61c-13f04f76fee1,1994-03-09,F,white,nonhispanic,Somerville,MA,02143
a8f666bf-8cb0-4e56-af4c-3c9f77135722,1967-03-17,F,black,nonhispanic,Malden,MA,02148
66fe504f-4d2d-49ec-9031-c1e86667dbc3,2007-08-29,M,white,nonhispanic,Newton,MA,02458
6a904425-9486-4347-9a46-fe3fdd753c2c,1966-08-06,F,white,nonhispanic,Waltham,MA,02451
179e8024-bc3e-4d76-8f92-2f07a06bb2bb,1998-08-03,M,black,nonhispanic,Brookline,MA,02445
7446d1ea-2c0c-4968-93bd-7a7d663e7f1a,1989-02-05,M,white,nonhispanic,Brookline,MA,02445
3c4bfcb9-79c7-4f10-978a-485a0c31cbfd,1997-07-11,M,black,hispanic,Boston,MA,02115
236ee12c-5577-4498-a4ba-c53bbabc357c,1955-11-18,M,black,nonhispanic,Somerville,MA,02143
229bced5-e15b-4510-a15f-938d928a831a,2000-05-19,F,black,nonhispanic,Brookline,MA,02445
149172ab-ca1a-4b2f-b9ca-38be07e03ab2,1977-09-10,M,white,nonhispanic,Malden,MA,02148
7058b0b9-f3b3-4cdd-a1e8-bc9a6abde4b1,1937-12-07,F,white,nonhispanic,Waltham,MA,02451
361eb835-b2b6-48e4-8238-3e616ce16b8c,1957-02-24,F,white,nonhispanic,Malden,MA,02148
9a1c4df2-c4c3-47aa-a237-304790671042,1959-01-25,F,black,hispanic,Newton,MA,02458
0d3632b5-dae3-4335-93a5-b571532b9fcb,1957-02-03,F,white,nonhispanic,Malden,MA,02148
f917097d-7694-44d8-9697-02d4111a1589,1979-10-21,M,white,nonhispanic,Cambridge,MA,02138
13a1c004-da40-4ad1-84b2-d13911e9f4d7,2005-01-15,M,asian,nonhispanic,Boston,MA,02118
318fa1ea-8179-4932-9d2b-7af317131178,1940-03-01,F,white,hispanic,Brookline,MA,02445
78b37541-09c5-4fb1-85c8-2bc174fd5e03,1964-04-28,M,white,nonhispanic,Newton,MA,02458
6a3b95d6-9098-4309-90f7-a2d7c734891b,2012-06-30,M,asian,nonhispanic,Waltham,MA,02451
3eef28d5-7c38-4616-8cb6-bb22c36fbf7d,2006-06-04,M,black,nonhispanic,Waltham,MA,02451
66de20a6-ef04-4ccf-b362-b414facb33db,1976-03-29,F,white,nonhispanic,Cambridge,MA,02138
8f04bca0-d303-4329-9260-0f44db1b6afa,1969-11-03,M,black,nonhispanic,Newton,MA,02458
087a54dd-1819-4bfc-821e-54a1a8ec674c,2006-10-31,F,black,nonhispanic,Boston,MA,02115
bd5d4ede-8feb-41a1-9619-d72abbc6fc51,1972-06-18,F,black,nonhispanic,Medford,MA,02155
03b4a3f8-9b94-4a6e-ae48-6314f321e50b,1955-06-13,F,white,hispanic,Cambridge,MA,02138
bdbefe4e-7a54-4897-973d-ee068bcf7463,2017-01-26,F,black,hispanic,Boston,MA,02118
76b6c4aa-5a44-4c84-80d0-a34e70d05bb6,1963-08-10,M,white,hispanic,Newton,MA,02458
fddce781-2108-4340-8d91-6bb3f9b9f8ab,2012-05-03,M,white,nonhispanic,Waltham,MA,02451
86de3996-3381-4752-8900-6939e41e1b42,1936-05-01,M,white,nonhispanic,Somerville,MA,02143
0c5ec99e-860b-4d29-a096-2d3e3a06199c,1999-01-11,M,white,nonhispanic,Boston,MA,02118
31096579-c2bb-47e8-8232-3dd29fcae3a3,1966-08-07,M,white,nonhispanic,Brookline,MA,02445
6fa85207-4464-4933-b6cd-8c89cb4e7fb0,1939-06-25,F,white,hispanic,Boston,MA,02118
1025de7b-f209-4d1c-b5a4-e910e8c425f2,1982-08-19,M,white,nonhispanic,Medford,MA,02155
1fa8e7bd-b77b-435f-af9f-d82dbeb17327,1953-10-10,F,white,nonhispanic,Medford,MA,02155
462d8a0b-3890-437b-befe-0d4ce6f44fd0,1971-03-15,M,white,nonhispanic,Brookline,MA,02445
d7a73ec5-1f06-4fe0-b617-a6d24e47e00d,1953-10-26,M,black,nonhispanic,Malden,MA,02148
d2148e44-aeed-4803-a9ca-749529266dd7,2019-04-19,F,white,nonhispanic,Waltham,MA,02451
d53ec08d-78fa-48d4-a7cc-ed34b97573dc,1971-11-13,M,white,nonhispanic,Brookline,MA,02445
a578e83f-0133-4e3e-86e7-41abe90f9162,1944-10-31,F,white,hispanic,Quincy,MA,02169
dbc57e6d-a3c9-46e6-9e19-20add75ead85,1960-12-05,M,asian,nonhispanic,Malden,MA,02148
793b53ac-0367-4b8d-8eaf-4e61d0a64a09,2015-06-08,F,white,nonhispanic,Boston,MA,02115
7bad729d-4485-4803-a45b-a6d15ae9e362,1972-06-06,F,black,nonhispanic,Quincy,MA,02169
a7b50a01-919e-438a-b6f5-204b373555b4,1964-01-20,M,black,hispanic,Malden,MA,02148
cb291587-439e-4219-9f5f-247d4b50e4f0,1988-05-26,F,white,nonhispanic,Waltham,MA,02451
7298a3db-4195-4f45-9699-db86b1e2dd34,2014-02-04,M,asian,hispanic,Quincy,MA,02169
a0c619e6-db86-4d55-8829-55dcac28c85c,1996-05-08,M,asian,nonhispanic,Somerville,MA,02143
b0e62fd9-05cc-4ffd-b40a-430c00145a8e,1960-12-07,M,black,hispanic,Waltham,MA,02451
0fab4a90-9cd5-4abc-bb0e-f33f8dee35de,1957-09-12,M,black,nonhispanic,Waltham,MA,02451
09bdd01b-88a6-4c62-bf96-1cea189540ed,1961-05-07,M,white,nonhispanic,Boston,MA,02115
a8b0e111-fa4c-4400-a5b8-434c12cc363b,2016-10-02,M,asian,nonhispanic,Newton,MA,02458
48d77287-e6a6-4e77-a999-61502b2d9589,1975-11-04,F,white,nonhispanic,Boston,MA,02115
bbb182ca-f762-4b7b-ab95-dd1c4ab59932,1998-09-11,M,asian,nonhispanic,Brookline,MA,02445
ad01e7ee-4d59-4bac-b4ff-4c2f00bf21ef,1992-03-04,M,asian,nonhispanic,Newton,MA,02458
28b2fc01-eea2-4b80-a34c-cfd37b081b72,2002-07-08,F,white,nonhispanic,Quincy,MA,02169
c74ff0ad-d53e-464d-906a-efe8c1990960,2003-01-20,F,black,nonhispanic,Malden,MA,02148
07e3df57-62df-435d-ba62-111908b6bd98,2009-03-27,F,white,nonhispanic,Boston,MA,02118
b77369f8-fc05-4d1d-a485-899725ebdb82,1986-10-20,F,white,hispanic,Medford,MA,02155
aaeeeb52-51ee-4989-a1f4-9b4859afa0d7,1952-08-18,F,white,nonhispanic,Newton,MA,02458
7db0d80d-1170-416f-9a28-9f996f35a873,1987-04-08,F,asian,nonhispanic,Cambridge,MA,02138
78c3ee8e-4603-42c1-94b2-f03bbfc3c1b0,1986-01-14,F,white,nonhispanic,Medford,MA,02155
d07e898a-aeb0-4e53-99d6-f9569cb3d133,1952-07-17,F,white,nonhispanic,Waltham,MA,02451
ceecf898-c949-4601-93c6-07b39f4d6ab2,1968-03-22,F,white,nonhispanic,Cambridge,MA,02138
d4536790-bf4e-4a1c-8ece-6991965b83f1,1976-06-03,M,white,nonhispanic,Boston,MA,02115
4f7cfafa-e33e-4ae9-9e03-2dd7d5adb665,1983-11-26,F,white,nonhispanic,Malden,MA,02148
bea9526b-70b6-4e06-8a74-7983eea812c4,1972-09-25,F,white,nonhispanic,Somerville,MA,02143
25508f63-2b8b-44c3-8df3-86e1268ddfc2,2004-10-30,F,white,nonhispanic,Malden,MA,02148
30471ea3-1712-4b59-8c58-54f6b747c4c5,1975-10-10,F,asian,hispanic,Malden,MA,02148
80d46cf2-c90e-4187-9269-2f26dbdf39ce,1948-08-26,M,white,nonhispanic,Brookline,MA,02445
e61fe7a3-bae6-4f1e-a2fd-efc2599d151b,1967-10-24,M,white,hispanic,Newton,MA,02458
b6408ec0-63f8-4844-92a4-3bbafb659206,2011-01-31,F,asian,nonhispanic,Quincy,MA,02169
ecff6f5e-e102-46cf-a725-3ab96d92497d,2003-03-30,M,white,hispanic,Cambridge,MA,02138
2f9bcd85-e4e7-4474-8232-b446092ec0ae,1964-09-18,M,white,nonhispanic,Somerville,MA,02143
7c45b14f-26a0-4a35-b6b0-4127cfec56ab,1953-12-08,M,white,hispanic,Malden,MA,02148
caa2dfb4-b940-4724-b0fa-1d1dc2850139,1938-12-30,M,other,nonhispanic,Malden,MA,02148
b078c986-a5c8-4ca1-b5ea-37f9d95e3558,1938-12-18,F,white,hispanic,Boston,MA,02115
a2fd42ec-72fa-4678-ada3-501338eee16a,1979-05-25,F,white,nonhispanic,Newton,MA,02458
778e501b-4f08-4fc8-b7f0-a3cd5c672d05,1945-03-21,F,white,nonhispanic,Quincy,MA,02169
c0450900-5899-498b-8959-3ec6e3a896a0,1995-04-16,M,black,nonhispanic,Cambridge,MA,02138
0cd48527-4f79-4878-9760-8bf0911dc6c7,1942-06-12,F,white,nonhispanic,Malden,MA,02148
e0e97c07-b0e8-4a4c-9cf1-d289eba44e08,1992-11-07,M,white,nonhispanic,Boston,MA,02115
3129f2c9-f8ae-424f-a08e-63827daa24f6,1979-01-26,F,white,hispanic,Cambridge,MA,02138
356f0527-1847-47af-961e-9f8483951b9e,1940-12-15,M,white,nonhispanic,Somerville,MA,02143
3ef3b234-6718-43aa-ae63-4e7ebc76a1be,1965-09-04,F,white,nonhispanic,Waltham,MA,02451
e35709ce-44c5-4c7f-ad54-ce3de1eafaff,2007-05-11,F,white,nonhispanic,Boston,MA,02118
89e58739-2e50-4891-b36e-f0a7652c799a,1991-07-17,M,white,nonhispanic,Somerville,MA,02143
d5f3aa80-41a8-4a7c-8733-1fea348b39b6,1994-01-24,F,white,hispanic,Newton,MA,02458
b5c12a36-0ed8-420c-874e-db2097905169,1976-03-27,M,asian,hispanic,Boston,MA,02118
49d16ebf-cc2b-4bff-b7e5-d61d636165c3,2011-08-13,M,white,hispanic,Boston,MA,02118
f2072642-bafb-48eb-ad8e-4504049644fa,1964-07-09,M,white,hispanic,Boston,MA,02115
a324ae62-395c-4655-ada8-89d76e42764e,1939-11-08,F,white,nonhispanic,Newton,MA,02458
2465aa38-1ca1-4ff5-8eec-56ad25d55197,1968-09-18,M,white,nonhispanic,Quincy,MA,02169
1ab2f081-5c81-4c1d-b897-f25397782a83,1988-02-06,F,white,nonhispanic,Boston,MA,02118
81eb99fb-23ff-4fd7-8b01-9fc7a9d691e4,1948-02-06,M,white,nonhispanic,Malden,MA,02148
848f35b1-8973-45a7-b308-f4b669a0ecfb,2022-06-19,M,black,nonhispanic,Somerville,MA,02143
298c8280-5f2e-420e-ae50-65647c960623,2001-04-01,F,asian,hispanic,Waltham,MA,02451
6bcb0bda-08d7-43ff-80ac-16010a683037,2013-04-30,F,white,nonhispanic,Boston,MA,02115
68260880-143d-4a51-bf65-b37d008434ad,1960-04-27,F,other,nonhispanic,Waltham,MA,02451
fc044330-762c-4c8e-9e06-16b4874ee178,1963-02-16,M,white,nonhispanic,Medford,MA,02155
5eabba9c-d903-4d6f-85f1-6fd43c452546,2001-02-10,F,black,nonhispanic,Malden,MA,02148
d42d169d-f410-4cc2-ac65-680472829bde,1977-05-23,M,black,nonhispanic,Quincy,MA,02169
572358e2-cdb3-47a9-9daf-45e5540df2ba,1965-02-23,M,white,nonhispanic,Waltham,MA,02451
c63f5c88-7576-47fd-9b31-1e83a0bcfd55,1956-08-09,F,white,nonhispanic,Brookline,MA,02445
4bd80e45-1a9f-4ec6-b3f8-eb847dd51595,1996-08-06,F,asian,nonhispanic,Waltham,MA,02451
6505ff45-b409-463c-9d73-8083ec6cb9f0,1936-08-23,M,asian,nonhispanic,Quincy,MA,02169
bdcbba75-504f-4c1d-930b-e23aa5e4857d,1944-11-06,M,white,nonhispanic,Boston,MA,02115
fba772f6-3ed8-4d2e-8cc2-ec318a3aa266,1994-12-21,M,asian,hispanic,Brookline,MA,02445
d3135265-6681-454e-9314-27a5d2aca0af,1972-07-20,F,black,nonhispanic,Medford,MA,02155
97337a6d-13c0-4508-ab6c-b43c3a311ec6,1959-01-03,F,white,nonhispanic,Medford,MA,02155
0fdde81c-1750-44f0-9577-6359feeadaa3,1983-04-16,F,asian,hispanic,Waltham,MA,02451
32d75c85-2a54-4472-897b-9dab7a0394e2,1998-12-28,M,white,nonhispanic,Newton,MA,02458
468b33da-c35d-4e6b-8095-440822cf8d82,1937-04-06,M,white,nonhispanic,Malden,MA,02148
e44a213d-c458-44a4-86d1-ca3422a292a4,2004-05-28,M,black,nonhispanic,Cambridge,MA,02138
9314a295-a6f1-4385-94f5-3cf2ce55a73f,1991-03-18,F,white,nonhispanic,Cambridge,MA,02138
2e6d52ff-0f02-44a0-bcb4-2a68a9207c1c,1997-05-01,M,white,hispanic,Boston,MA,02118
a0b7ee8e-b82a-4abd-9c0d-2cce93e09bbc,1967-01-06,M,black,nonhispanic,Cambridge,MA,02138
8a9caf38-c3d2-4fdb-8713-900f82941522,1945-12-25,F,white,nonhispanic,Somerville,MA,02143
fb50f54e-211e-40ee-a90d-4b88157f9f64,1953-09-05,M,white,nonhispanic,Cambridge,MA,02138
c13e089e-7a88-4d85-8ff7-0826620100a0,2022-01-31,F,white,hispanic,Cambridge,MA,02138
79848873-55fa-4a97-a888-514e7504a243,1971-08-03,M,asian,nonhispanic,Quincy,MA,02169
dccc9507-67c5-4c37-9d0e-dace6d6e2165,1947-03-01,M,black,nonhispanic,Quincy,MA,02169
a7273526-5833-481e-a403-30884c74f3e4,1992-10-29,F,asian,nonhispanic,Cambridge,MA,02138
618a749a-9b2d-4262-9247-772c94b2b26c,1939-04-19,F,white,nonhispanic,Waltham,MA,02451
d41a00be-2b2e-41c6-bb82-12a20518744e,1989-12-03,F,asian,nonhispanic,Boston,MA,02115
9362717d-5013-45c6-97ed-b7041a2b2d5c,1984-03-21,M,asian,nonhispanic,Somerville,MA,02143
ee2b3aa1-73cb-43bd-acbe-6878e8b741e4,1987-03-04,F,black,nonhispanic,Boston,MA,02118
7d02789a-3b6e-462f-881d-543eda9ea37c,1968-01-25,F,white,hispanic,Waltham,MA,02451
0890adba-9940-4f78-a3c0-db4a06869c0f,1967-06-03,M,white,nonhispanic,Waltham,MA,02451
fd215573-f0a1-425f-b5d1-a52866ba1ae0,1961-02-04,F,black,hispanic,Somerville,MA,02143
1940c30a-baa4-4e95-adc5-800858e7d2ad,1990-06-15,M,white,nonhispanic,Malden,MA,02148
ce2475f7-9cfa-4deb-848b-de7c6976d0e3,1976-08-03,F,other,nonhispanic,Waltham,MA,02451
74120fdf-de10-4dc7-bc7b-0e84de9060f5,1972-03-04,M,white,nonhispanic,Brookline,MA,02445
fd231c10-f386-4c2c-b8ae-c341d074ba1c,1979-07-08,F,white,nonhispanic,Quincy,MA,02169
8fd7c0a9-da0a-4833-875a-291b3f61c66d,1970-10-25,F,asian,nonhispanic,Malden,MA,02148
5dc26e38-2948-4bb5-9880-33fc0c1d40c7,1937-04-01,M,white,nonhispanic,Newton,MA,02458
3cd5933e-85c6-4d7d-ba9a-41d2103c2f2f,2007-08-06,M,white,hispanic,Cambridge,MA,02138
eb39830a-c641-4421-bd01-5987f3466598,2000-07-30,M,white,nonhispanic,Medford,MA,02155
e3aa5977-50e5-44cc-9853-94d2fd49b367,1991-04-11,F,white,nonhispanic,Cambridge,MA,02138
b83742df-02a0-4239-88b4-7b0b74259e47,1973-06-02,M,white,nonhispanic,Cambridge,MA,02138
571415cd-785e-4138-a058-ae23a391686a,1965-06-11,F,asian,nonhispanic,Quincy,MA,02169
88800c55-3475-46ec-97a4-6ac79a7ef803,2000-03-03,M,other,hispanic,Boston,MA,02115
0ba5b942-eeaf-43a0-85b6-04efa4d0dc2c,1986-01-01,F,white,hispanic,Medford,MA,02155
bdfe0cb1-38ad-4506-99c2-ae16e32ab158,1989-04-02,M,black,nonhispanic,Somerville,MA,02143
7f36e4b1-6e51-4024-a5b7-eafbaeb9a4f7,1970-09-23,F,other,nonhispanic,Waltham,MA,02451
deca103f-c55e-4d76-a7f9-a4ea45f6dd2d,1961-04-30,F,asian,nonhispanic,Cambridge,MA,02138
c5f434f6-3e83-4948-aab3-1f0470490d6a,1941-09-14,F,white,nonhispanic,Brookline,MA,02445
2123b54d-4cf5-49df-a991-ff80d846a8a4,1999-01-29,F,white,nonhispanic,Cambridge,MA,02138
1e23ea0c-e1cc-4b8a-b5fa-3f6280ed687f,1998-03-09,F,asian,nonhispanic,Malden,MA,02148
851fdb72-6ee4-4f18-aaca-f998607beb99,1984-10-29,F,white,nonhispanic,Somerville,MA,02143
5ac4aade-77cd-421c-ad4b-b514229e23f4,2009-08-07,F,white,hispanic,Quincy,MA,02169
ff8d1fe5-fe6b-4de4-9dcc-9a488a2497b8,1979-12-17,F,white,nonhispanic,Malden,MA,02148
902a67c1-9eb3-462a-9721-dcc11349c7a9,1969-11-10,F,black,nonhispanic,Boston,MA,02115
10bde2b0-0a88-4372-8ae7-35de5321cb14,2001-01-06,F,other,nonhispanic,Newton,MA,02458
9685a94b-12b5-466c-96f2-1181d012cab5,1970-03-06,M,asian,nonhispanic,Somerville,MA,02143
e639620b-6ef1-4a30-a303-1627f86a6e8e,1988-01-22,F,white,nonhispanic,Waltham,MA,02451
cc399d44-2588-4d9d-bd43-fa98089c59d9,1968-12-21,F,asian,nonhispanic,Cambridge,MA,02138
3b225259-5c59-453d-80fe-5647271d06e0,1937-07-21,M,white,nonhispanic,Cambridge,MA,02138
f2c5c7f1-4f67-43c6-b3a1-53193e277ae7,2008-09-21,F,black,nonhispanic,Newton,MA,02458
c874b3de-0293-4c9a-9c23-46336c8920ee,2012-03-30,M,black,hispanic,Brookline,MA,02445
e808dba2-08ee-4b09-a2f4-1627bc418db0,1938-05-06,M,asian,hispanic,Brookline,MA,02445
d49cea85-68d7-4304-bd7c-3c9c915446ea,1994-11-14,M,white,hispanic,Somerville,MA,02143
458e1e3f-3c30-42a2-bf15-d9388afd8244,1989-04-03,F,white,nonhispanic,Boston,MA,02115
71de07b6-6f99-41c1-be00-9ffe8284cde2,2019-04-23,F,other,nonhispanic,Cambridge,MA,02138
c9a70879-4a31-4b1f-8a86-eb864c279548,1993-04-24,F,white,nonhispanic,Newton,MA,02458
c883945a-8c60-43d8-931e-d6074242c694,1964-09-15,F,asian,hispanic,Medford,MA,02155
61e27fd3-7e49-4df4-8438-f289b63dc0a7,2002-08-12,F,black,nonhispanic,Malden,MA,02148
815201ba-5261-4c87-8a4f-6480c09e0839,2002-05-17,F,white,nonhispanic,Boston,MA,02115
2562d80f-5b9f-4ad7-941f-c146ca78be3f,1975-01-04,M,black,nonhispanic,Cambridge,MA,02138
dd063ae7-6853-45e5-9b8e-384bd9b0a283,1992-11-04,F,white,hispanic,Newton,MA,02458
551037a8-84db-470f-bc29-bd356bdffde7,1980-05-18,F,white,nonhispanic,Malden,MA,02148
5ba809ff-15dc-4274-8103-9dfc00cd7602,1959-02-15,F,white,nonhispanic,Boston,MA,02118
63667dc5-9bbb-4887-a12a-a62ecfa98b9b,1937-11-29,M,other,nonhispanic,Medford,MA,02155
a67180c1-dde2-452c-9487-f9b0df903912,1956-10-15,F,asian,nonhispanic,Newton,MA,02458
66c9b52d-3673-4b2b-91d9-dc8116edcc48,1998-10-26,M,white,nonhispanic,Boston,MA,02118
a1a15f8c-17ea-4c30-b930-877fe1916764,1999-03-24,F,white,nonhispanic,Waltham,MA,02451
18bf0b6b-cf0c-4cc4-a83b-aa6465cc51e7,1971-02-25,F,black,hispanic,Waltham,MA,02451
0ce39230-a13f-4ae5-8e0c-fe5997af7165,1997-02-01,F,white,nonhispanic,Medford,MA,02155
5f90e11d-1176-42ad-9716-03ebc641c8c6,1978-12-20,F,asian,nonhispanic,Quincy,MA,02169
85bc1111-0a2d-4161-9b7f-7a4c6b4b4671,2003-05-21,F,white,nonhispanic,Somerville,MA,02143
1c6e714c-77df-49f4-bdad-c6f4da4ba1af,1936-07-01,F,white,nonhispanic,Waltham,MA,02451
e03c2e16-769f-491d-9074-49cdc73d5e75,1940-07-25,M,white,nonhispanic,Quincy,MA,02169
d218b4fa-63ff-4f80-bf3f-6ebb6bc0460b,1944-11-27,M,asian,nonhispanic,Waltham,MA,02451
3bf6f694-1e36-4fa0-b0a8-8d46cfc86870,1997-04-26,F,white,nonhispanic,Boston,MA,02118
a97b8275-451f-41e6-9a2d-44c5ee111b9d,1986-09-14,F,black,nonhispanic,Somerville,MA,02143
67ae89d5-2e92-435e-a0ed-93e3392ec621,1955-03-07,F,white,nonhispanic,Boston,MA,02118
4c6007a0-f37f-4a28-9a34-d2104d8c4db5,1976-07-02,F,black,hispanic,Boston,MA,02115
3514f3a5-96e3-4e1a-ace1-be1c695249c0,2015-11-29,F,white,nonhispanic,Waltham,MA,02451
608eaf1d-3995-4095-beec-3e304b7ae6ca,1964-12-09,F,black,hispanic,Somerville,MA,02143
90c32045-e8aa-4b48-a316-8c425485b543,2011-08-26,M,white,nonhispanic,Quincy,MA,02169
06db2ca1-ae53-4766-85ee-5861e4fd787f,1967-09-21,F,white,nonhispanic,Somerville,MA,02143
5466e0d9-8d55-4706-a4e8-da4564779f37,1969-11-26,F,asian,hispanic,Medford,MA,02155
2206db5f-16ec-4c4d-9959-e6b951e00997,1997-08-08,M,white,nonhispanic,Brookline,MA,02445
286380b0-ae28-4578-9b0f-173cd79fd9ed,2003-04-06,F,asian,nonhispanic,Newton,MA,02458
3ea0acd9-5c75-46f1-8b35-bf287e1dc846,2003-03-17,F,white,hispanic,Somerville,MA,02143
d7c03371-2e5a-4f8b-9115-f61f8283be55,1977-07-19,M,black,nonhispanic,Somerville,MA,02143
acf06e85-3a9e-4253-ba58-8841b62b79b6,1951-07-29,M,other,nonhispanic,Boston,MA,02115
a80d4423-1bd6-48c0-a92e-bb1c6e2acf5e,1973-03-10,F,white,nonhispanic,Newton,MA,02458
66d40cfc-bfb5-4ae4-8327-695312d5bfcd,1997-09-17,F,white,nonhispanic,Somerville,MA,02143
9998bab9-68f1-482b-9525-deaf2f66d606,1984-03-21,F,white,nonhispanic,Brookline,MA,02445
cea3b51c-458a-48d0-88a4-91b9dc7b3548,1956-10-08,F,asian,nonhispanic,Boston,MA,02118
4b9a1d7d-0c60-49f8-b1e8-e2d33b7943ac,2005-06-25,F,white,nonhispanic,Waltham,MA,02451
c91f0dd5-c606-4cd6-a250-f590d93faab9,2022-07-22,M,white,nonhispanic,Medford,MA,02155
3a790048-546a-4cc2-bcf4-fc6b2992dee4,1973-06-18,F,white,nonhispanic,Malden,MA,02148
e6d35fdd-51f2-4470-b2b5-9e1ac7956ac2,1967-12-01,F,asian,nonhispanic,Medford,MA,02155
2664c545-68fd-4daf-9ef8-daa307deef03,1996-04-25,M,white,nonhispanic,Cambridge,MA,02138
163c01b8-7636-451b-a7ff-f2713c36bd7d,2021-10-01,F,asian,nonhispanic,Boston,MA,02115
33529b8e-d117-4d0b-8202-75356b861f00,1991-02-20,F,asian,hispanic,Waltham,MA,02451
c0222422-7d78-4f4f-b1b7-9b7994e5cbea,1978-11-12,F,black,hispanic,Cambridge,MA,02138
74ec0705-5945-483f-97bc-4f360ed6cebd,1997-05-28,M,white,hispanic,Boston,MA,02118
16a34ea6-ba55-478c-9f78-378433e4b5b7,1989-04-18,M,white,nonhispanic,Boston,MA,02118
c05e732b-218e-4494-a28a-cfa375802234,1986-12-12,F,other,nonhispanic,Waltham,MA,02451
8a10cd50-abbc-442b-9858-80e522b70aa7,2011-02-23,F,white,nonhispanic,Medford,MA,02155
c397a8a2-c039-4a79-96e5-4b9b3ddf4b7b,1999-12-04,F,white,hispanic,Quincy,MA,02169
6230e0c4-3065-4801-8d11-c02c78f607c3,1962-02-06,M,white,nonhispanic,Boston,MA,02118
482c8e7e-4e72-4595-bd62-9534d8f0f116,1960-09-27,M,black,hispanic,Boston,MA,02115
34d7b310-72c5-4fc9-b1eb-10373199792e,1973-07-01,F,white,nonhispanic,Boston,MA,02118
36b71d84-77e3-4d68-b85b-e79790763a88,2002-06-12,F,white,hispanic,Cambridge,MA,02138
a9e095dd-a489-4b33-8cf9-4b01007fa157,2013-08-26,M,white,nonhispanic,Somerville,MA,02143
43561a76-f9f8-469b-aa07-ba53998b9317,1966-12-12,M,asian,nonhispanic,Somerville,MA,02143
ed065fa3-efba-4b59-86f3-8cc2b6bbc2f2,1965-03-03,F,white,hispanic,Boston,MA,02115
e8700fe3-f2e7-40b6-b777-3fb1e2688039,1991-11-13,M,white,hispanic,Boston,MA,02115
98cd1ccf-63d0-4d87-9161-94fa90221258,1955-05-02,F,white,nonhispanic,Boston,MA,02115
0f7e70ca-8470-498a-a1c7-509944272734,1991-08-21,F,other,nonhispanic,Newton,MA,02458
d7c87cd2-2d5f-4ae7-8ff1-ab87194ff7fa,1965-02-08,M,white,nonhispanic,Boston,MA,02115
7917e978-934b-4e1c-b148-bce7edd7cdbe,1942-01-04,F,white,nonhispanic,Boston,MA,02118
40311707-48eb-4132-8458-58739a86adb5,1949-04-23,M,white,nonhispanic,Waltham,MA,02451
ba738a2b-4a7d-4c76-bca2-51dfccc43297,1993-05-06,M,black,nonhispanic,Malden,MA,02148
fac7bf36-53a4-469d-a4ab-9cdab0d3eaf8,1964-07-10,M,white,nonhispanic,Boston,MA,02115
9655c922-a287-45a0-ba65-b252b695c6dd,1952-02-22,M,white,hispanic,Waltham,MA,02451
1b5d5022-c6ad-4c7f-bb31-6eef2ca36b40,1942-05-27,F,white,nonhispanic,Medford,MA,02155
4a496af5-627a-46da-a697-8fdf43dd4637,1965-01-20,F,white,nonhispanic,Somerville,MA,02143
41652ea5-3ddf-48ca-9785-f2f43db90948,1992-04-22,F,white,nonhispanic,Newton,MA,02458
dd80c126-e370-4727-b26d-9b747a2ccdf6,1963-07-27,F,black,nonhispanic,Somerville,MA,02143
2c5692c2-28a1-48d4-8b04-f6a387fea95c,1985-04-08,F,white,nonhispanic,Newton,MA,02458
590424ce-18ae-49ba-95f7-523febd6d472,1936-11-05,M,asian,nonhispanic,Boston,MA,02118
7b4048cf-ed9f-4918-a302-cdff368e3145,1977-12-26,F,black,hispanic,Malden,MA,02148
554f8c88-ee66-4ec7-a13d-56bdf6ef73be,1967-09-22,M,white,nonhispanic,Medford,MA,02155
427f932d-d96d-4115-9cff-7359e2f3fe7e,2017-09-03,F,other,nonhispanic,Waltham,MA,02451
58fc32d6-0f10-4c1e-8b01-d3f12189aa6f,1960-07-18,F,black,nonhispanic,Medford,MA,02155
b2f5ec83-2741-4588-b658-0ca8487e2140,1957-12-01,F,other,nonhispanic,Medford,MA,02155
de455f8f-5c2f-46c6-80c1-cdac2fa4e595,1982-12-03,F,black,nonhispanic,Boston,MA,02115
f2ff7815-a419-46e5-ad6e-576f44de974d,1959-03-29,M,other,nonhispanic,Boston,MA,02115
e9de5bef-ff30-477f-8214-9f0d73212076,2014-07-14,M,white,nonhispanic,Malden,MA,02148
b3b452ae-8c03-4d67-be93-0a94c6773bb8,2002-02-15,M,black,nonhispanic,Quincy,MA,02169
2fdd0aeb-5043-4577-812f-a7357f170fdd,1997-04-04,M,white,nonhispanic,Somerville,MA,02143
99083791-d3a4-4217-9a81-41ed1419c54b,1973-12-09,F,black,nonhispanic,Waltham,MA,02451
691b91c1-7c6f-4d88-a5c9-7dd4a9eba9b4,1972-02-29,F,white,nonhispanic,Quincy,MA,02169
890afe8c-83ad-4206-bbf5-c6f6a5203ce9,1941-09-16,F,white,nonhispanic,Newton,MA,02458
bded8c27-4111-461a-bcb5-c2a3ed36b18e,1936-07-05,F,white,hispanic,Waltham,MA,02451
fbc780fb-d108-4532-b191-ed94df7a31d2,1991-02-25,M,white,nonhispanic,Boston,MA,02115
8930f603-13b8-4548-97e4-6f00355bf96c,1971-08-29,F,white,nonhispanic,Waltham,MA,02451
42cdb709-f91f-44de-b782-145a4363a4c8,2009-03-26,M,white,nonhispanic,Boston,MA,02115
7411275a-542e-4ee9-a4ff-89540c9525dc,1964-09-21,M,white,nonhispanic,Medford,MA,02155
806dcf1a-3003-4859-ad9c-418d359c13af,1948-08-11,F,white,hispanic,Cambridge,MA,02138
eb79d2f2-5755-4f41-94ab-fbdda421f395,1964-01-16,F,white,nonhispanic,Quincy,MA,02169
1d63ab88-0e8a-4070-b35f-ac85e32c534d,2002-06-29,F,white,nonhispanic,Medford,MA,02155
0b8921b9-ddea-4ec3-aacc-571989e0cb20,1967-09-10,M,white,nonhispanic,Somerville,MA,02143
bea75b0f-469d-43d0-8530-8b80ae78e384,2004-06-18,F,white,nonhispanic,Quincy,MA,02169
b923919a-99ab-4c39-8d0c-89a2704acc97,1998-05-24,M,white,nonhispanic,Quincy,MA,02169
b25b8db7-e898-498e-8116-87a0214e014a,1956-12-26,M,white,nonhispanic,Boston,MA,02118
4520a39c-25a2-400b-b6df-1de531854595,1951-12-27,M,asian,nonhispanic,Brookline,MA,02445
de8a4d26-3e97-428a-8477-7ae2e0ce2d20,1977-06-23,M,asian,nonhispanic,Malden,MA,02148
9c25e37d-b913-4b33-9ba7-093c05258b80,1939-10-25,M,asian,nonhispanic,Boston,MA,02115
611fae3c-b108-4d4b-af70-1f105c744107,1941-11-15,M,white,nonhispanic,Newton,MA,02458
95a905e7-54b1-40cb-a74f-d6ef11944e96,1992-03-14,F,white,nonhispanic,Quincy,MA,02169
be580728-429f-4f37-80c0-8fb96c0cb894,2003-12-19,F,black,nonhispanic,Brookline,MA,02445
92fe9357-96e1-4c02-9670-a83227c98216,1960-12-18,M,white,nonhispanic,Cambridge,MA,02138
fe9be9d0-9816-477c-b7a1-8ab9b5852a07,1999-03-18,F,black,nonhispanic,Cambridge,MA,02138
fd193408-1143-4d04-ab69-5203ca8422dc,1967-04-18,F,asian,nonhispanic,Medford,MA,02155
7938fb5a-6d91-42d7-b3f6-1f6e7f59cf60,1974-03-06,M,white,nonhispanic,Boston,MA,02115
279d4b2c-305f-4f7b-ade2-b2d19bdd2647,2018-10-21,M,white,nonhispanic,Cambridge,MA,02138
24b6777a-a49d-4939-87c8-c70ed1f09fe4,1958-01-29,F,white,nonhispanic,Newton,MA,02458
74e5628b-4151-4924-b0de-61a59eb6907f,1994-09-08,F,white,nonhispanic,Malden,MA,02148
560748df-ec53-4442-bbfa-0f44a17a6571,2006-04-04,F,white,nonhispanic,Boston,MA,02118
5a113854-2805-483b-a002-2920899f28fa,2022-08-06,F,white,nonhispanic,Malden,MA,02148
d8fb300c-74b9-44b9-8169-c72317eef8bf,1974-11-28,F,black,nonhispanic,Malden,MA,02148
9686b162-b793-43cc-a387-3454dd54d511,1938-12-15,M,white,hispanic,Medford,MA,02155
c2128ca3-8ab5-4de7-aa98-1b0a1a08c76d,1982-03-16,M,asian,nonhispanic,Waltham,MA,02451
eebe6057-ad4e-49ef-9430-556c802557cf,2008-09-24,M,white,hispanic,Malden,MA,02148
b1661e9d-5995-462d-9ef4-15276558ffb3,1998-05-28,M,white,hispanic,Somerville,MA,02143
f77224ff-4d97-48ae-b8c6-3206ff70676d,1983-09-21,M,white,hispanic,Quincy,MA,02169
16f127f7-9f7b-41d6-87a5-3ad3218524f3,2004-12-11,F,white,nonhispanic,Medford,MA,02155
7734da00-d529-4722-9bbe-d25da70b8a71,1949-03-07,F,white,hispanic,Quincy,MA,02169
643cb5c0-7438-4b92-ade1-ddd8c7cb1779,1963-08-24,F,black,nonhispanic,Boston,MA,02115
c85ddd7d-b069-4585-a04a-fdbb13442ebb,1978-09-11,F,white,hispanic,Newton,MA,02458
62fdf98b-60b3-4ef6-abac-34b316f88e38,1991-06-22,F,white,nonhispanic,Boston,MA,02118
cad60580-fc37-4236-9e6f-40346d6dec3e,1999-08-24,F,white,nonhispanic,Somerville,MA,02143
6e322e90-26a2-41c9-b760-34375cd53f39,1954-05-03,F,black,nonhispanic,Brookline,MA,02445
ba9b3dec-4bb3-4eb3-847c-285951debebd,1990-09-19,M,black,nonhispanic,Cambridge,MA,02138
463309de-2c94-41ca-b8d6-d64dba9b3ab3,1983-10-09,M,asian,nonhispanic,Waltham,MA,02451
d297d086-457d-4bcf-ac9e-27e887e82b26,1958-12-04,M,black,hispanic,Malden,MA,02148
44edffeb-bf77-484c-8e0e-1f2aad6d7c38,1978-07-09,M,white,hispanic,Somerville,MA,02143
ea97739b-0e83-4e21-b924-d31056ba1688,1954-08-27,M,asian,hispanic,Medford,MA,02155
e0932762-ba67-429b-84f2-94b13895667e,1985-01-07,F,asian,hispanic,Malden,MA,02148
3e6c790b-b7f0-458d-ba7f-ece0e145df44,1986-09-11,F,black,nonhispanic,Cambridge,MA,02138
ef2d238a-2695-4ca5-9bba-d2afefe711d1,1949-11-02,F,white,nonhispanic,Waltham,MA,02451
41f1217f-2622-45fc-a6eb-8c39d165bca8,1991-01-22,M,white,nonhispanic,Medford,MA,02155
7890d1c4-efda-49b3-9000-b297d584a051,1976-02-21,F,white,nonhispanic,Malden,MA,02148
9ccfc32e-b89b-46ee-b69d-ecebf8839d06,1955-01-22,F,white,hispanic,Brookline,MA,02445
726ad8bd-6935-4fb7-bf8c-ff0e3b564d3a,1980-10-20,F,other,nonhispanic,Malden,MA,02148
b803360d-b839-42a2-9027-fc128a3657de,1953-08-26,M,white,nonhispanic,Medford,MA,02155
759c8823-1f58-406c-a037-61e32166afac,1983-09-21,F,white,nonhispanic,Boston,MA,02115
fdc31f50-acac-43a1-b60b-146bc1d0c649,1992-12-29,F,white,hispanic,Boston,MA,02115
90549130-291d-457b-a97d-c54d62bc0ca7,1961-10-01,M,white,nonhispanic,Boston,MA,02118
a0d33a07-cb90-4a63-a124-57f5b9210482,1962-10-08,F,white,hispanic,Somerville,MA,02143
76d3f7f7-885f-4f06-858e-7b88bdfbb642,2009-07-25,M,asian,nonhispanic,Medford,MA,02155
01e0fdc6-c9b9-4aff-8b74-e90c518e99f8,1969-11-27,M,black,hispanic,Somerville,MA,02143
0ce3a0ee-05f6-4d0b-a096-d7ded9dbfd20,1962-09-14,F,white,nonhispanic,Waltham,MA,02451
2c6b3db8-92e3-4b2b-af57-65329a62a61e,1949-10-27,F,other,nonhispanic,Boston,MA,02118
3ca5edf8-5aac-4cf7-9e80-b69ebfcf6050,1954-08-03,M,white,nonhispanic,Brookline,MA,02445
af24a5bf-3b8d-4d88-86a9-c76b29b4f871,1986-06-24,F,other,nonhispanic,Quincy,MA,02169
f9a22aee-ffba-4ca6-ba09-6bd9ebc7182c,1952-03-06,M,white,nonhispanic,Quincy,MA,02169
9cea1fa1-2b83-4aba-984c-0ab4a494ff2d,2001-10-12,M,white,hispanic,Boston,MA,02118
aff6b5d9-f0a2-4eb2-a0a4-0b664da344ac,1976-10-26,M,white,nonhispanic,Newton,MA,02458
59381d02-9694-49a5-b1c7-c6ad519ced88,2005-11-11,F,white,nonhispanic,Boston,MA,02115
87ee70f2-c3ab-4e6c-a1af-297fa3c90af6,2016-05-21,M,asian,nonhispanic,Malden,MA,02148
65eeb9ff-cf9a-43dd-95b7-4eb0817b1ac1,1958-07-25,M,asian,nonhispanic,Boston,MA,02115
e14880d0-97c0-415b-be93-259404fd2ff5,1975-12-21,M,white,nonhispanic,Boston,MA,02115
f7516085-bac5-4f15-b963-ca84dea62ba7,1982-06-17,M,white,nonhispanic,Brookline,MA,02445
fb5b9954-3b45-492e-b0a1-7c64b1d72237,1998-05-29,F,asian,nonhispanic,Somerville,MA,02143
ec8bb5b1-72e2-4033-8501-39614214e939,1969-05-21,M,asian,nonhispanic,Medford,MA,02155
4fb50095-3ad9-4a72-b341-b094992a1286,1956-01-27,F,black,nonhispanic,Malden,MA,02148
6942893d-6d47-4d5a-8f62-fce69d8f887b,2020-06-18,F,white,hispanic,Newton,MA,02458
3eb4af34-e7d3-43b6-8f56-716a007bc6cd,2008-04-15,F,black,nonhispanic,Boston,MA,02115
81c22be9-12c4-4058-8ee2-2101bf9947a8,1943-02-08,F,white,hispanic,Boston,MA,02115
3e2f1878-553f-483a-8410-a5fc4086c66c,1952-06-24,F,white,nonhispanic,Boston,MA,02115
ba0e2754-b179-4105-bbd8-2aedfa640f64,1990-02-19,M,white,nonhispanic,Boston,MA,02118
139f88ad-a7a6-4326-b5ff-387440e1b498,1987-05-04,F,black,nonhispanic,Newton,MA,02458
19f258da-3118-4ec7-8033-5548decd9610,1969-06-12,F,white,hispanic,Boston,MA,02118
f09207d5-0eba-4cc5-b26b-cdc2462b7b27,2021-05-07,M,black,nonhispanic,Malden,MA,02148
01b74e9f-2780-4455-83a1-3ce29558eb95,1953-12-23,F,white,nonhispanic,Waltham,MA,02451
b2dc04b1-6d44-4f20-8e13-f7a065d58d01,1977-09-10,F,white,nonhispanic,Malden,MA,02148
de85dd7c-487b-41e4-9ce0-6b2de29eb1e1,1944-05-15,M,other,nonhispanic,Quincy,MA,02169
29668354-ab1b-4bc9-9552-56c80b714244,1961-04-08,F,white,nonhispanic,Waltham,MA,02451
b24e29ff-f86b-4dff-b883-3cb427831874,1954-09-05,F,white,nonhispanic,Somerville,MA,02143
8d3d19b8-a853-4911-a49b-176318cd3c2f,2019-09-27,F,white,nonhispanic,Cambridge,MA,02138
df7c2e37-a68d-46b7-af2b-2453e88f462f,1937-09-06,F,white,nonhispanic,Boston,MA,02115
e836d020-a3e5-48e5-8231-a0ee005f4b6e,1964-10-07,M,black,nonhispanic,Boston,MA,02118
74430ebf-a487-4ceb-805a-cbdd4064a2ad,1983-03-11,F,white,nonhispanic,Medford,MA,02155
0851282c-b8fa-458b-963a-fcaed8fd5f15,1937-10-14,M,white,nonhispanic,Cambridge,MA,02138
7b6febb4-1ade-4cbb-8905-aec934176bda,2003-12-07,M,white,nonhispanic,Cambridge,MA,02138
70d90d1a-7f94-4511-91cd-a963811da1ed,1982-05-01,F,black,hispanic,Malden,MA,02148
79518d77-7268-47bb-9125-172301a29a8b,1969-06-12,F,white,nonhispanic,Brookline,MA,02445
41f1ec5a-107e-4d6d-96e0-0aa037894352,1995-07-20,F,white,hispanic,Medford,MA,02155
8049edd5-86af-414e-adc8-fcd5dcab194e,1985-06-25,M,asian,nonhispanic,Quincy,MA,02169
f751d331-d544-4b82-83d4-f4a22999a1e8,1936-12-29,M,asian,nonhispanic,Cambridge,MA,02138
a9778b00-680b-4ae1-b7f7-d5b0f8e55003,1993-07-14,F,white,nonhispanic,Newton,MA,02458
61d17f1a-d69f-4e83-b16a-b57d0dafda0b,1946-02-06,M,black,nonhispanic,Somerville,MA,02143
07c8ee1f-9707-4cf6-8fcb-98008bdecf55,1971-02-01,F,white,hispanic,Quincy,MA,02169
0e244a17-ae38-4543-acd1-7c4f121b397c,1978-01-17,F,white,nonhispanic,Quincy,MA,02169
c74e2bf4-1034-4ce2-81c7-6bb3048dd90b,1964-04-30,F,white,nonhispanic,Cambridge,MA,02138
1c176c99-2477-4d4c-95ad-18d4c5ae5c25,1937-07-16,M,black,nonhispanic,Cambridge,MA,02138
87061ffe-32c0-4055-a18d-9e000bb2a68e,1985-02-15,F,asian,nonhispanic,Somerville,MA,02143
005b1acb-9a63-4bac-be1e-76043d85cd80,1989-08-12,F,white,nonhispanic,Boston,MA,02115
3b56ffac-8530-4fa2-9366-78c9d81600f1,1997-02-05,F,white,nonhispanic,Cambridge,MA,02138
afa33ada-40c5-4c6f-83a1-84be8c8f7496,1990-08-18,M,white,hispanic,Brookline,MA,02445
5cc71c68-eb11-4e0c-b466-8d0ac65d3000,1998-12-19,M,black,hispanic,Medford,MA,02155
8af94a6d-61dc-4231-9cee-3ecbb573596a,1988-10-12,F,white,nonhispanic,Newton,MA,02458
22d6a05b-2027-473a-a30a-cb62062f21a9,1965-12-30,F,white,nonhispanic,Waltham,MA,02451
e392fb77-2c13-42ae-9622-501e4f01fc9a,1967-09-27,M,other,nonhispanic,Cambridge,MA,02138
d8ba116a-051f-4566-bdf1-9d832d40e601,1996-05-01,M,asian,nonhispanic,Medford,MA,02155
9eb12a24-d477-43f1-a507-9d9941aa11ec,1975-08-07,F,black,nonhispanic,Somerville,MA,02143
2e6bfb1f-41f9-48b5-9f4d-09b52e90e1fa,2005-10-25,M,black,nonhispanic,Medford,MA,02155
b2bd3a70-b81e-4614-b9d8-ff2bf669f4bf,1964-05-19,M,white,nonhispanic,Waltham,MA,02451
1abf3b32-a52b-4759-b604-06f353549975,1952-07-17,F,black,hispanic,Somerville,MA,02143
6d18daea-69ef-418a-8662-f4dd90aca9cb,1942-10-17,F,white,nonhispanic,Boston,MA,02118
ec1acde8-2d94-4669-aa9f-62ae13d668c2,1947-02-23,M,white,nonhispanic,Somerville,MA,02143
0970f448-6b34-48cc-888b-9922230d45f5,1987-10-05,M,white,nonhispanic,Somerville,MA,02143
62e9c17a-a88d-42af-b663-69d49bd918a1,1977-08-30,M,black,nonhispanic,Somerville,MA,02143
759eda53-de7d-4f63-9fc9-af2581d4454d,1949-09-04,M,white,nonhispanic,Brookline,MA,02445
bcae7347-a529-402c-a99e-951245831dcb,1957-12-21,M,black,nonhispanic,Medford,MA,02155
5a99d6f6-a718-4f51-8b90-665ed2ddb164,2003-11-15,F,white,hispanic,Brookline,MA,02445
f07c5d69-c707-46a9-b874-fa95163d8fb3,1937-07-31,F,black,nonhispanic,Cambridge,MA,02138
0f6d9b28-ba29-4831-bdb5-6204be7bcea9,1950-11-29,M,white,nonhispanic,Somerville,MA,02143
6dd4f578-12d6-4da8-9b3d-371134bfc7e6,1987-04-28,M,white,nonhispanic,Boston,MA,02115
f4d98539-f509-491e-b631-92a84a140381,1995-11-13,F,white,nonhispanic,Brookline,MA,02445
ffd9ed05-2be8-4130-8b70-2fc00850ed56,1969-05-26,M,white,nonhispanic,Cambridge,MA,02138
ece30cab-84ec-4f03-a4bb-2b96183790bb,1972-12-08,M,black,nonhispanic,Malden,MA,02148
b4420b46-e10f-4ede-8fef-078b01555790,1956-10-04,F,asian,nonhispanic,Boston,MA,02118
63ca0527-8b54-4ead-a897-20f165d940ca,2004-09-19,M,white,nonhispanic,Boston,MA,02118
5802901a-ea96-41f0-8c32-e2c0f189bdb5,1954-05-12,F,white,nonhispanic,Boston,MA,02115
d3ccd778-3dc6-4d60-9679-7c8ed43cdfab,1949-01-17,M,white,nonhispanic,Brookline,MA,02445
54dad7de-61bb-4568-a244-5eb70e7fee0c,2008-01-15,M,white,nonhispanic,Quincy,MA,02169
cd3cc9a7-4873-49c8-892d-cc230fcaf53d,1970-09-02,F,black,nonhispanic,Boston,MA,02115
825a90c3-b5ee-4039-963e-b8831f7de0b5,1979-02-27,M,white,nonhispanic,Cambridge,MA,02138
0f444e7c-d446-4af3-853b-5be1708da23c,1942-08-28,F,white,nonhispanic,Cambridge,MA,02138
c126c1dc-23f2-4e22-aa31-71afef90abaf,1995-05-01,M,black,nonhispanic,Newton,MA,02458
a3975f92-0668-42f5-ba85-878621840a7b,1969-04-01,F,white,nonhispanic,Boston,MA,02115
d173be6d-3c91-472e-a147-88e7489446ab,2009-02-21,F,white,nonhispanic,Brookline,MA,02445
b779e190-66e3-4dac-9939-222dd1b904e3,1984-04-14,F,white,hispanic,Boston,MA,02115
95f062f8-f135-4b9a-8f53-1e955cffc7ac,1986-02-22,M,black,nonhispanic,Quincy,MA,02169
249694f9-1987-4dc6-ba98-05710e4576a3,2000-09-01,F,white,nonhispanic,Medford,MA,02155
d1a173cc-bb1e-46a6-9785-8eb0cbcb375e,2019-06-27,F,white,nonhispanic,Quincy,MA,02169
246c8e80-7584-469d-a129-52506c230843,2000-05-23,F,black,nonhispanic,Somerville,MA,02143
7bd82997-6bc2-4634-8a68-cd7d5bbd82c7,1945-06-30,F,white,nonhispanic,Somerville,MA,02143
579323de-a4b8-489e-a58f-71035261e09f,1993-09-06,M,black,nonhispanic,Somerville,MA,02143
27b6b18a-cfa1-4aa9-a226-355a6970bdbc,1941-07-31,F,white,nonhispanic,Waltham,MA,02451
b15d71af-e87f-4f3a-88c4-aec7dec99b82,1955-07-07,M,white,nonhispanic,Boston,MA,02115
71b8ec43-8a31-4c0d-9bab-cfd82740d6c4,1972-03-04,M,white,nonhispanic,Newton,MA,02458
d2eac352-2cca-4213-8fc1-65c9cd0db91d,1978-01-09,F,asian,nonhispanic,Boston,MA,02115
190938be-89fe-4510-ad3f-4552f0168746,1985-12-07,M,white,nonhispanic,Somerville,MA,02143
17206daf-f0c8-495c-8f60-63df63f740c7,1963-12-02,M,black,nonhispanic,Malden,MA,02148
40dc5aed-315a-4b09-8218-871b76a4250b,1994-03-09,F,white,nonhispanic,Boston,MA,02115
f3ecdfa4-a478-40d3-971c-d2b031488a1a,2002-02-08,F,asian,nonhispanic,Malden,MA,02148
40c93112-e6aa-4a88-bb39-62341b71204b,2013-12-24,M,white,hispanic,Cambridge,MA,02138
34f8a589-c10d-4f3a-a39b-987fbe955260,1966-02-25,M,black,nonhispanic,Boston,MA,02118
188222ce-6b0e-47de-bdaa-88a7625e1560,1956-06-09,M,white,nonhispanic,Newton,MA,02458
da584600-618b-4a3a-a863-c1d0776cac69,1997-03-08,F,white,hispanic,Waltham,MA,02451
0e18439f-a214-4551-a341-c717095a0b3f,1962-07-06,F,black,hispanic,Waltham,MA,02451
34c132e9-c22c-4036-8114-13448a78aeac,1981-05-28,M,white,nonhispanic,Brookline,MA,02445
71f096c8-386c-4b1a-9ab3-029ee6bb1c32,1971-08-22,F,white,hispanic,Newton,MA,02458
ae1201a9-31d4-4a8e-85dd-899070be9d3a,1986-11-16,F,black,nonhispanic,Malden,MA,02148
701b909e-e78a-46b7-ac98-7c42fd7b5770,1966-02-16,F,white,nonhispanic,Quincy,MA,02169
867e428f-1627-4a78-9af9-7a3717d82ff5,2000-05-27,M,black,nonhispanic,Malden,MA,02148
0105c280-e36f-49f2-b2d6-4ef2297bb03c,1997-11-12,F,white,nonhispanic,Medford,MA,02155
aebc1440-3572-417d-97eb-da6f043c176c,2000-12-12,M,white,nonhispanic,Newton,MA,02458
72e4cacb-2a5c-4ae1-979f-ba7121a1d2c5,1949-02-28,F,white,nonhispanic,Quincy,MA,02169
46d6dbed-6374-457b-9790-c35e8231a9e4,1941-03-06,M,white,nonhispanic,Cambridge,MA,02138
6f5bb9c3-91f7-42c0-b311-2b5382951acd,1942-04-20,F,white,hispanic,Quincy,MA,02169
b9affd57-0853-41d1-bf92-74c53a702b03,1983-03-31,F,white,nonhispanic,Boston,MA,02118
7be9645c-7473-4637-b6e5-7364d69d2bc1,2015-04-06,M,asian,hispanic,Malden,MA,02148
43eebb69-5a23-4c25-b811-f40a8cac98a0,2003-06-14,M,white,hispanic,Cambridge,MA,02138
3b348529-76a5-467e-9314-3f91847ef0b6,1940-08-03,F,white,hispanic,Waltham,MA,02451
d7317f34-c276-4d32-bfc5-307909f7241d,1941-10-27,M,other,nonhispanic,Waltham,MA,02451
8f576a92-2aea-4acb-9874-1aa3e0f75c3f,1956-02-06,M,black,hispanic,Malden,MA,02148
077171ab-c6fc-47bd-865f-5f4ac144d801,1980-03-22,F,white,hispanic,Malden,MA,02148
76a3d309-3477-4074-b4a8-790186dfeb23,1937-10-31,F,white,nonhispanic,Waltham,MA,02451
bc4bec43-661d-4dfc-ae07-33645a43fc13,1964-06-06,F,white,nonhispanic,Boston,MA,02118
93096ec4-554a-4d3d-862e-5ef69c9e753b,2005-11-08,M,white,nonhispanic,Brookline,MA,02445
3ebff112-d231-40b3-89b0-cdd545532d9b,1999-01-12,M,white,nonhispanic,Boston,MA,02115
0254371d-cea2-424c-a5f1-d4bfff5be4ac,1975-02-16,F,white,nonhispanic,Boston,MA,02115
5705b621-fa3d-4f5c-b9c7-e423910efa4b,1974-08-27,M,white,hispanic,Medford,MA,02155
5d5bc4f2-c5a5-40cf-af07-f60a72301be4,1965-01-03,F,white,nonhispanic,Somerville,MA,02143
66541676-e7b6-4a41-adaf-37c2b49f80e6,1993-03-16,F,black,hispanic,Quincy,MA,02169
30adede3-d29b-49ee-a9cc-d43355137a01,1973-12-05,F,white,nonhispanic,Medford,MA,02155
7f3d0bec-6669-4d6c-a713-666ba4ef11ef,1988-05-19,F,white,hispanic,Boston,MA,02118
df003b03-578f-476a-9e00-18cee0b15250,1939-08-20,F,white,nonhispanic,Cambridge,MA,02138
e185026d-c15b-4ee4-ba69-92614313e60d,1978-05-27,M,white,hispanic,Cambridge,MA,02138
5e96a2ba-0c1f-4047-83d3-20581bbcb3ee,1950-07-18,F,other,nonhispanic,Somerville,MA,02143
6d77b348-9ebe-4879-9c9a-e34b1dafbd72,1938-06-09,M,white,nonhispanic,Boston,MA,02115
a9705dd7-b18b-4419-905b-cd94276ab45c,1952-03-07,M,white,nonhispanic,Waltham,MA,02451
7a77c276-5ad9-439c-a8b8-ec3ef4f8f8ad,1990-08-17,M,white,nonhispanic,Somerville,MA,02143
d26b384f-8584-4dba-8079-f4b2c716f1cb,1961-02-17,F,white,nonhispanic,Malden,MA,02148
56ae9a60-8bea-4928-a854-90906ed40696,1986-08-09,F,asian,nonhispanic,Newton,MA,02458
aa059e43-0d8a-41e4-9fa7-ca131a122866,1998-07-24,F,white,nonhispanic,Brookline,MA,02445
6742258c-bcd5-4dcc-a257-b620ef73cd2b,1987-09-17,F,white,hispanic,Boston,MA,02115
76f9dca0-3b20-432c-9537-b58fd6160da9,1944-04-27,M,black,nonhispanic,Boston,MA,02115
856e1a62-f6f7-47a4-9d8b-6b0a421fc3a1,1947-01-10,F,white,nonhispanic,Brookline,MA,02445
96c9c219-cba4-4bf5-98c3-e5c2aa5a8dae,2000-11-11,M,black,nonhispanic,Brookline,MA,02445
48b37a8f-6171-4f5c-850e-0a94a0fd7b86,1967-05-02,F,asian,nonhispanic,Waltham,MA,02451
4706473a-dbba-4ef2-be6d-5cd260bb1f70,1971-08-09,M,white,nonhispanic,Cambridge,MA,02138
153eeda9-6c16-4351-8e20-09f5387e369f,1960-02-27,F,black,nonhispanic,Quincy,MA,02169
e8c8314c-a165-4ca5-8cf9-f636de258b69,2014-05-06,M,asian,hispanic,Quincy,MA,02169
fce51ef3-4adb-4b14-a501-1d7115a22bab,2003-05-27,F,other,hispanic,Malden,MA,02148
2bdbf051-4813-4578-bf51-08a0ee700d8d,2000-10-29,M,asian,hispanic,Boston,MA,02118
af2d431b-045f-41f9-9654-f89940612e0b,1967-09-11,M,white,nonhispanic,Newton,MA,02458
91284341-219b-4a25-9e4a-4f049f4fb56f,1939-07-28,F,black,hispanic,Somerville,MA,02143
e85a7abf-eace-4750-84d6-de9da7488356,1997-03-04,F,asian,nonhispanic,Boston,MA,02118
fda0e675-7cae-4de5-baea-622d4f35e068,2000-04-06,M,white,nonhispanic,Medford,MA,02155
0706ab3d-233a-4132-9a26-7792de80c6b6,1950-07-30,M,white,nonhispanic,Medford,MA,02155
72b8dde3-fd75-4132-8148-cf0061b371ee,2017-02-27,F,white,hispanic,Malden,MA,02148
9677fccb-7924-43e5-9903-0bfb3c17db3e,1989-08-10,M,black,hispanic,Boston,MA,02115
d6629af1-3d35-4474-9f40-c463127c15eb,2009-12-16,M,white,nonhispanic,Newton,MA,02458
096299c3-381b-49c7-a2f2-8ae6398cb1a6,1989-05-01,M,white,nonhispanic,Medford,MA,02155
eb4dbf25-c375-4416-9909-3e80772fff52,1988-03-14,F,asian,hispanic,Newton,MA,02458
1af39ea4-740d-4aeb-b422-6c0d44329f57,2014-04-13,M,white,nonhispanic,Boston,MA,02118
8d6469a9-e8d4-4d5f-a031-91d83c0e99dd,1981-09-25,F,white,nonhispanic,Boston,MA,02118
273dcb94-59a3-4d63-b20d-c5f2993e8650,2003-03-29,M,other,nonhispanic,Brookline,MA,02445
63516fba-da9a-410b-8129-1573b8852531,2018-08-07,F,black,hispanic,Medford,MA,02155
f9df7d55-46da-4ef7-b2d8-3d52f75147cf,1982-05-05,F,other,hispanic,Newton,MA,02458
d0da8ca2-06d5-4dda-953c-3219a7c7eac3,1998-02-25,M,black,nonhispanic,Quincy,MA,02169
d0d225ca-ddae-4a7b-af09-453d414d750a,1978-10-08,F,asian,nonhispanic,Brookline,MA,02445
31c4c345-6049-4d0c-825f-d3963e94a19d,1982-05-26,F,other,nonhispanic,Quincy,MA,02169
becbc904-206d-44a1-8e2b-c5e4ae5472be,1960-05-04,M,white,nonhispanic,Boston,MA,02118
50e30909-67dc-4120-82d4-f958b88e1389,1975-10-05,F,asian,nonhispanic,Waltham,MA,02451
210afae6-19d2-4874-a753-ce24114d7c23,1975-09-25,M,white,hispanic,Newton,MA,02458
0df9ddf7-a9ea-49ed-83b1-504e59ddfb76,2022-09-02,F,other,nonhispanic,Malden,MA,02148
7f2cb9b1-9862-462f-a874-a10b86066874,1995-02-07,M,white,nonhispanic,Medford,MA,02155
169541a2-d9b4-4375-91d1-9e3ccc09f739,1946-12-14,F,white,nonhispanic,Somerville,MA,02143
3fa0d647-2cf7-4274-a4ee-b38673fc3131,1946-01-20,F,asian,nonhispanic,Malden,MA,02148
cd7e7fc2-5d69-4c6c-b4f2-e0e5b85a21a8,1988-11-07,F,black,nonhispanic,Waltham,MA,02451
f56a9f18-9a0e-401c-a146-bd73fd714ea3,2004-06-04,M,white,nonhispanic,Brookline,MA,02445
104363ad-00d2-4ce5-949a-9e63ba6e9e7f,1961-05-26,M,white,nonhispanic,Malden,MA,02148
508f501f-2a85-4441-a050-93d242de7ba7,1969-03-29,F,other,nonhispanic,Quincy,MA,02169
d4cfdf69-3d59-40c8-988f-1b6cb8ded365,1974-02-06,M,white,nonhispanic,Somerville,MA,02143
c51406fd-3cfe-44f3-85ef-5ba998f00e32,1963-03-18,F,white,nonhispanic,Boston,MA,02115
d9133298-a3b7-4431-8909-06c3fac38a18,1975-02-06,F,asian,nonhispanic,Malden,MA,02148
51c6e772-10fc-4296-a4fd-ed60ae47a376,1944-12-05,M,white,nonhispanic,Waltham,MA,02451
7e636404-43f4-4f81-8a1c-71e94baf4626,1967-11-24,F,asian,nonhispanic,Quincy,MA,02169
f69b0fb1-66dd-4256-a274-5c68dd354e10,1983-04-20,F,white,nonhispanic,Malden,MA,02148
297802d2-2b4f-4485-ae39-7b60f8937cd6,1950-07-11,M,white,nonhispanic,Somerville,MA,02143
d5c07cf8-2fb8-4c0c-a19a-0cd67b703c9f,1996-08-14,F,white,nonhispanic,Malden,MA,02148
8412d619-84af-4d71-9a3e-846553cb8a6d,1991-10-17,F,white,nonhispanic,Boston,MA,02115
b5a73f8a-b598-426b-9f35-25d928149046,1962-06-26,M,white,nonhispanic,Waltham,MA,02451
d03dd551-5028-4b64-a3af-93f24c336dc0,1998-04-29,M,black,nonhispanic,Waltham,MA,02451
03c8084e-9936-4b22-9117-8db8948495bf,1977-12-05,F,white,nonhispanic,Boston,MA,02118
b4b4659f-8416-4b3a-845c-2dcc7e8974eb,2015-08-07,F,white,nonhispanic,Cambridge,MA,02138
7dbfa8b7-e7ac-413b-88ac-db17fa3e1b91,1992-08-06,M,black,nonhispanic,Boston,MA,02118
8674c23b-c336-42e0-8178-ad1d39494076,2021-10-02,M,white,nonhispanic,Malden,MA,02148
00b0e87c-ca50-4a7c-8e13-605c869de90c,1963-08-02,M,asian,nonhispanic,Boston,MA,02118
5f21725d-401d-48e1-9d3b-2fcd591c0257,1968-02-11,F,white,nonhispanic,Cambridge,MA,02138
e980f6b9-b971-45e3-a0a1-d2a4512e1c89,1999-05-18,M,black,nonhispanic,Newton,MA,02458
5684f134-9d15-44ad-99b6-0b0dbf237d96,1994-08-21,F,white,nonhispanic,Cambridge,MA,02138
058a2d61-eb2e-412b-89af-09e48915b212,1976-02-13,M,black,nonhispanic,Boston,MA,02118
c38f1fa3-9be5-4bed-8676-a4cf028df499,1962-11-19,F,white,hispanic,Somerville,MA,02143
8b48152f-f1c1-416e-ae22-8c89cb32ce5d,2021-12-14,F,other,hispanic,Somerville,MA,02143
b26ea7fb-d207-497a-a5ce-89a409d25ab7,2000-07-10,M,asian,nonhispanic,Somerville,MA,02143
9a4a8466-7c62-4518-a129-db236a911feb,1940-02-05,M,other,nonhispanic,Malden,MA,02148
35524e98-e5b9-48e8-bc41-239409b248b6,1999-10-13,M,white,nonhispanic,Brookline,MA,02445
685637a3-90ae-4976-b695-d672069f9b71,2017-03-02,M,white,hispanic,Malden,MA,02148
22ba8738-e496-4d93-af7b-ec14bc4745cb,1979-11-15,M,black,hispanic,Cambridge,MA,02138
32d51252-af8d-4939-a602-3365ea6dc334,2022-10-15,M,asian,nonhispanic,Quincy,MA,02169
651cc8fc-5e8a-4b26-96b3-b2ac0e0c9a68,1960-06-14,M,white,nonhispanic,Brookline,MA,02445
abf086c4-f97b-41f0-80dc-949bf773c614,1961-06-17,M,other,nonhispanic,Somerville,MA,02143
885c0d5d-3f8d-43a8-ac3d-df730a800870,1990-07-07,F,black,nonhispanic,Newton,MA,02458
db5fd3d3-c103-4005-a2c0-0b19e4b04578,1976-02-14,F,other,nonhispanic,Somerville,MA,02143
d30afaa4-db4d-4b69-9241-4ef8b0275de4,2004-01-30,M,other,nonhispanic,Somerville,MA,02143
3606fd93-80cb-4c1c-ac5d-13bc66d925fe,1995-12-10,F,asian,hispanic,Newton,MA,02458
03822939-0516-415e-899d-8931bbe1eff6,2017-02-05,M,black,nonhispanic,Waltham,MA,02451
f95a3347-2837-40f2-95bb-d3b791b8575c,1998-04-28,F,asian,nonhispanic,Boston,MA,02115
87ede702-bfce-4a72-8a2a-e6d8302b9137,2003-03-17,M,white,nonhispanic,Cambridge,MA,02138
8d0d0948-6529-455a-a512-da069fbe3971,1994-03-19,M,white,nonhispanic,Somerville,MA,02143
b83e5acc-0a66-44d5-8bd4-24937ecfcebc,1974-09-24,M,black,nonhispanic,Medford,MA,02155
0a3562b7-3c90-4bc5-b581-b72edc092294,1976-05-07,F,asian,nonhispanic,Malden,MA,02148
8996da4a-7bf9-4ae0-9d8b-8f1fa47f257b,1990-06-20,M,asian,nonhispanic,Waltham,MA,02451
e55c5cf4-cdd8-4f91-be80-ab51302719d5,1995-07-29,M,white,nonhispanic,Somerville,MA,02143
944ecd3d-6e76-4c12-b39f-6601e5514b26,1982-05-11,F,black,nonhispanic,Medford,MA,02155
41e2710d-41be-4924-83cb-b8583d45b322,1996-01-03,M,black,nonhispanic,Medford,MA,02155
e9d8c9e5-111e-42ab-943e-3a8ee8d9e4b7,1990-03-29,M,white,nonhispanic,Boston,MA,02115
22b173ab-e50d-4f07-985c-e11f0a3f3f6a,2013-06-29,M,white,nonhispanic,Malden,MA,02148
baaea064-22ab-4945-80a2-86d7df4d17ac,1945-06-17,F,white,nonhispanic,Boston,MA,02115
b15e4b86-a10b-48f6-8f78-59993aaf7532,1971-12-24,F,asian,nonhispanic,Boston,MA,02115
9b1fca40-7a34-482c-8574-bbc7d6a148d9,1941-04-08,F,asian,nonhispanic,Medford,MA,02155
69ffac6c-206b-46f6-bdd2-85f8d031c83b,1976-08-01,M,asian,nonhispanic,Boston,MA,02115
e4d65dcb-1439-431f-987f-fe9c5b69da5d,1996-06-29,F,white,nonhispanic,Quincy,MA,02169
46f9d1e1-8fd8-48d3-908a-8431fdcb3617,1986-06-19,M,asian,nonhispanic,Brookline,MA,02445
6663980b-2dbc-422d-83a8-8403f51310a4,2008-01-25,M,other,nonhispanic,Somerville,MA,02143
49fb6d2b-0763-4892-b3a8-cc14a863f0a6,2000-06-24,M,black,nonhispanic,Boston,MA,02118
4118a6f5-7b74-4b5d-a1c6-fb8983f34590,2006-03-20,F,asian,nonhispanic,Somerville,MA,02143
0b993a4d-d9ad-42bf-a47b-718613b3f738,1954-08-29,F,black,nonhispanic,Malden,MA,02148
a95b2e7a-a9e3-44a8-b5fc-476ffcab1f21,1956-10-13,M,black,nonhispanic,Somerville,MA,02143
886a8e01-fd0a-40cf-99a6-eef0b76d3dde,2004-03-29,M,white,nonhispanic,Boston,MA,02115
7bde43fc-8dce-40ec-b418-8e539e3d2754,1978-07-06,F,white,hispanic,Boston,MA,02118
3bef876e-9bd9-4320-af2d-24642d0d70c6,1978-04-20,F,white,nonhispanic,Boston,MA,02118
8b0d38e0-84f9-427a-82ee-396b8b93be00,1943-07-19,M,asian,nonhispanic,Quincy,MA,02169
7578b583-18eb-4959-a962-9a1309bd2dc1,1949-12-27,M,asian,nonhispanic,Quincy,MA,02169
ad7def64-6d95-4204-b1c3-b895612b5ba1,1989-12-29,F,asian,nonhispanic,Boston,MA,02115
e085b46d-2e11-4724-846b-f3bb86cccf0a,1942-06-16,F,black,nonhispanic,Boston,MA,02118
f478363e-83f2-42dc-af36-f4e2f8411458,1984-08-09,F,white,nonhispanic,Boston,MA,02115
08b2ed4b-195a-42d2-9da4-8ebfb7303e95,1983-01-26,F,black,nonhispanic,Malden,MA,02148
815f56f1-8e27-49e5-b0eb-bc231e2ab24f,1968-12-18,F,asian,hispanic,Somerville,MA,02143
6956acdb-78df-4339-a0b6-2f25e10ef651,1957-01-10,F,white,hispanic,Malden,MA,02148
235665c1-54a1-4a50-95a3-8dc9f02d1ad6,1985-11-20,M,white,nonhispanic,Cambridge,MA,02138
0b0b97ea-7d8c-450f-8fe9-ce9d2782c486,1997-03-21,M,white,nonhispanic,Waltham,MA,02451
5ec1a5c6-1ccf-478c-a971-d3d9ea983669,1955-12-24,M,black,hispanic,Quincy,MA,02169
93737f03-0774-47bc-a79c-eca2d5ae2d0d,1992-05-20,F,white,nonhispanic,Boston,MA,02115
9ca25fbd-2971-4ab6-b3d3-6aa77f4f7dd6,1970-11-14,F,white,nonhispanic,Malden,MA,02148
72f104be-f541-4c40-83c6-4f52d786d4b3,2003-02-20,F,other,hispanic,Boston,MA,02118
d3461196-aee3-41a3-ab8c-c4741f51f053,2001-11-05,M,white,nonhispanic,Cambridge,MA,02138
99f933d4-5144-4756-9e77-36d6a93fa2d8,1995-02-06,M,white,nonhispanic,Malden,MA,02148
57ac3358-8dc1-4926-b980-e4494e10465e,2020-11-29,F,white,nonhispanic,Quincy,MA,02169
92e65bf0-e5aa-438e-8db5-6d3491c26e18,1998-05-26,M,asian,nonhispanic,Brookline,MA,02445
2fd2596f-4b13-40d4-aaaa-626927ccbed6,1962-11-25,F,white,nonhispanic,Somerville,MA,02143
0ab57b54-c9fe-457b-b9b7-de432c1e6139,1998-06-02,F,white,nonhispanic,Brookline,MA,02445
a61a653d-5e00-410c-9cd0-7668b94ff2a6,2018-01-05,F,asian,nonhispanic,Brookline,MA,02445
2418e5f0-7e7a-47fa-b8da-38081daf9297,2009-08-01,M,white,nonhispanic,Malden,MA,02148
d7b2f027-afc0-47b3-afd9-3ad8190c05da,1983-12-30,F,black,nonhispanic,Boston,MA,02118
9dd54d2d-8b49-488f-8059-d2b781b700fa,1988-06-19,M,black,nonhispanic,Waltham,MA,02451
ac620294-df81-4f56-98a6-3a91b44bd473,1940-04-19,M,white,hispanic,Brookline,MA,02445
885680f7-0f08-47b4-b3cd-2be9824f8706,2006-05-20,M,white,nonhispanic,Boston,MA,02115
f3ddae2e-d9d3-4cb0-a699-ce2cf91cb109,1943-07-27,F,white,nonhispanic,Boston,MA,02115
ad889900-756a-417b-990b-6d6e94fe6896,1978-03-04,F,black,nonhispanic,Brookline,MA,02445
c29f5573-2f5c-4ec9-942c-39bf4509feff,1959-02-14,M,other,nonhispanic,Cambridge,MA,02138
5eadb9e2-fc66-4377-bad2-b5b5b28c7f87,1980-08-11,M,asian,nonhispanic,Quincy,MA,02169
b9d148eb-63ac-41ca-8d7f-3904040392d5,2010-03-22,M,white,hispanic,Newton,MA,02458
5d4d3649-c15e-479d-adf2-6480ea14d172,1967-10-14,M,other,nonhispanic,Boston,MA,02115
b63d4b00-54eb-48ab-a38c-9b1e0bca348c,1958-08-29,F,white,nonhispanic,Quincy,MA,02169
8b22a4ba-c923-425e-864f-380201113eee,1973-11-30,M,asian,hispanic,Somerville,MA,02143
0b52ab28-0aa3-4a78-af25-78b32a0ce9eb,1980-03-01,F,black,nonhispanic,Boston,MA,02118
2e946168-86b8-47d6-966b-6494001e1146,1982-08-09,M,asian,nonhispanic,Brookline,MA,02445
8dc54563-ff66-42bd-aebc-356840f8dfca,2009-09-29,F,white,hispanic,Medford,MA,02155
3ab7a393-33ff-4029-8965-3dfd5a63409c,1952-10-11,M,asian,nonhispanic,Boston,MA,02115
905a661d-a8fe-46f3-9bf5-be30d39e85e8,2017-09-24,M,white,nonhispanic,Somerville,MA,02143
0c521050-3aeb-470b-a3c5-c6eea842bb2d,1974-04-13,F,black,nonhispanic,Cambridge,MA,02138
212e5766-1a1c-46ba-be8a-07d247d5ff08,1983-08-28,F,white,nonhispanic,Malden,MA,02148
41bcb6b7-1d66-42b6-b975-deea4fcb450b,1946-09-13,F,black,nonhispanic,Malden,MA,02148
e9912782-2c1f-42ed-beeb-1171cd2efe73,1992-12-22,M,white,hispanic,Boston,MA,02118
f47e0bd1-c2e6-492c-b18f-c7e802cff2f1,1987-05-04,F,white,nonhispanic,Waltham,MA,02451
55341229-5099-4693-a0e6-5188971bf839,2020-07-25,F,white,nonhispanic,Cambridge,MA,02138
a358053f-3639-4379-b375-3169c1a2932d,1990-04-20,F,black,nonhispanic,Waltham,MA,02451
6fa80f84-5420-4446-b8df-1db0c87e5193,1996-12-04,M,black,hispanic,Malden,MA,02148
88c79cf2-0676-4a38-b8a5-270e76965847,1993-11-25,M,white,hispanic,Medford,MA,02155
279eef1b-8259-419b-a8ba-8852c27c0af0,2005-11-30,M,white,nonhispanic,Quincy,MA,02169
f4d3b202-db30-4368-bd55-7434ae6068d6,1988-08-20,F,asian,hispanic,Cambridge,MA,02138
caa10169-ba73-4bed-9622-ff235f639730,1966-10-06,M,white,nonhispanic,Boston,MA,02115
fc8b8aba-094b-49b9-9da6-27b5c25235f0,1972-08-25,M,black,nonhispanic,Boston,MA,02115
0b028daf-19b3-4f2f-99f6-a7572f0a4059,1981-06-05,F,black,nonhispanic,Boston,MA,02115
c3573aa3-6070-4bc2-a6bb-10f5e3ade600,1949-07-14,F,white,nonhispanic,Somerville,MA,02143
10d21a56-aba4-44a8-af08-265a986b0aa2,2001-10-02,M,asian,nonhispanic,Newton,MA,02458
9ac04271-a180-446c-b382-9cb89b5815a5,1965-04-10,F,black,hispanic,Boston,MA,02115
eb370567-55e9-4351-b65b-7b62fdd1b912,1993-05-07,M,asian,nonhispanic,Waltham,MA,02451
9af44ef8-f728-4cbd-8c31-e5146a747b68,2001-05-05,F,white,nonhispanic,Quincy,MA,02169
d7ded894-c28f-43c2-a126-d3914e6903f8,1980-03-28,F,white,nonhispanic,Cambridge,MA,02138
1cb66ec2-0ccb-4c46-80d2-060dccc394d7,2012-11-02,F,white,nonhispanic,Cambridge,MA,02138
7e74377d-d112-4484-8621-a5bcabe99ae9,2002-05-29,F,white,nonhispanic,Somerville,MA,02143
f092a41a-772c-4c4a-91c7-5da3857985e1,1970-10-16,F,white,nonhispanic,Brookline,MA,02445
0de1a8e8-8ff3-4de2-98a7-b181e8f9b6ee,2019-08-21,M,black,nonhispanic,Quincy,MA,02169
aa2b44b3-845e-4d27-b23b-42a4f46c4bb4,1968-10-11,M,white,hispanic,Medford,MA,02155
77c08812-4144-4e84-8ad5-7e6e33a697f2,1959-07-07,M,white,nonhispanic,Somerville,MA,02143
9f7e9dc2-d8e3-45ac-98fe-2e5ab7350aeb,1944-01-14,M,asian,nonhispanic,Somerville,MA,02143
8ab7dc1f-50ed-45bd-a4b1-7e3000174eef,1967-08-09,M,white,nonhispanic,Malden,MA,02148
04368b02-e4c0-4e61-9021-6154e080c1fc,2001-11-07,F,asian,nonhispanic,Newton,MA,02458
b2e51778-82a2-4b0c-b251-700aa2ce8f4a,1944-08-11,F,white,nonhispanic,Medford,MA,02155
86df1dab-44d3-4318-a416-241c6397df56,1955-03-09,M,other,nonhispanic,Waltham,MA,02451
a0dcf8db-dbe0-4a8b-8d9e-37af67edb2e1,2003-01-02,F,asian,nonhispanic,Newton,MA,02458
d9742ae4-850d-48b6-863b-57013edb9991,1973-08-29,M,white,nonhispanic,Boston,MA,02115
1dbad6dd-ec0d-4d8e-bf4b-1897e3adcaca,1993-03-07,F,white,nonhispanic,Brookline,MA,02445
de016452-a7f8-405b-b895-7b4f29a2079d,1947-09-10,F,white,hispanic,Malden,MA,02148
c26a28c1-f503-4098-b131-77b42694cb17,1953-05-14,M,asian,nonhispanic,Brookline,MA,02445
8f78c37f-67b6-449c-96fe-5f1da8b3bb8d,1995-07-02,M,black,hispanic,Boston,MA,02115
6c0570fb-66b6-47d3-afd7-ed829c45e70c,1977-07-01,F,black,nonhispanic,Boston,MA,02115
8a6afd0f-fa6f-4c5a-9f5d-3d60939163e1,2014-03-21,M,white,hispanic,Malden,MA,02148
ab2d91c4-4309-491a-a349-9362649d4166,1949-06-29,F,white,nonhispanic,Newton,MA,02458
91e0ebec-85d0-4bd0-9f93-8fdf0c8180b3,1953-04-25,M,white,nonhispanic,Somerville,MA,02143
54925aed-8430-4065-87e3-3d021eb66753,1977-03-27,M,white,hispanic,Waltham,MA,02451
8c7c4066-eae1-43da-8df0-0871ed0ea45b,1940-02-05,M,white,hispanic,Boston,MA,02118
f08064a9-3711-47d2-9b5c-3967eb78dfa0,2015-01-24,F,asian,nonhispanic,Boston,MA,02115
f5d38f03-6f4c-4737-a783-09ea50640a5e,1995-12-26,F,white,hispanic,Waltham,MA,02451
e7b8bb96-d8ad-49d7-af0b-965638def3e3,1994-02-09,F,black,nonhispanic,Medford,MA,02155
c4854bd5-e328-4ce4-9e60-a7045d72853e,1986-09-09,M,white,nonhispanic,Medford,MA,02155
314e8199-3937-492a-99f6-597caee0a8bf,1969-08-14,M,asian,nonhispanic,Cambridge,MA,02138
df06347f-0c06-4aeb-9256-6bb8e3e7c8d2,2005-05-23,M,black,nonhispanic,Quincy,MA,02169
16afbef1-d30e-4961-a622-c3c46813bfa4,1963-10-03,F,white,nonhispanic,Boston,MA,02118
f1e39ab2-c455-47fe-8914-d56a72d7f493,1971-10-14,M,white,nonhispanic,Waltham,MA,02451
ef9a2fdb-b59e-4f93-95dd-411eca6496fa,1975-10-21,F,black,nonhispanic,Medford,MA,02155
6ea405be-0637-402e-8dc5-36d8502d3bc1,1965-09-24,M,black,nonhispanic,Somerville,MA,02143
56b6ef2c-bb20-448b-b1b5-517af1e54f73,1980-10-23,M,other,hispanic,Medford,MA,02155
4658d87a-cf15-4f76-a3f0-d020bd7a109d,1966-10-09,M,black,nonhispanic,Boston,MA,02115
e715609a-4a2a-49f5-bcce-c95639876047,1936-11-25,M,other,nonhispanic,Waltham,MA,02451
b907c471-4b6e-4fa3-85f7-42be28b2c6ee,1990-05-19,F,white,nonhispanic,Boston,MA,02118
8f3bbe64-286a-4fdd-aa49-d9be29fac293,1943-02-01,M,asian,nonhispanic,Cambridge,MA,02138
e3bd12e1-ce23-4ba6-a51e-ef7a15880732,2001-03-02,M,white,hispanic,Waltham,MA,02451
10031ee3-8c99-44f6-9b53-5bdf48f10afb,1942-09-12,M,white,hispanic,Malden,MA,02148
7ca94679-0a42-498f-b4b2-13a1d82388cc,1963-07-26,M,asian,nonhispanic,Medford,MA,02155
b80f5728-61a0-4f07-88b0-2acfde0db777,1946-10-28,M,asian,nonhispanic,Quincy,MA,02169
df8d247a-80cd-4b0c-b87b-0753ccdcdcfe,1936-07-18,M,white,nonhispanic,Medford,MA,02155
543797cf-bce8-4655-9c0a-4ba61954c07e,1950-03-11,F,black,nonhispanic,Somerville,MA,02143
46e4bea4-526a-4b5f-b086-4c56ab2f7a08,2016-10-05,F,white,nonhispanic,Medford,MA,02155
e68e9816-fec7-4c4a-8dcd-b79d9dd6af4a,1980-06-27,M,white,nonhispanic,Boston,MA,02115
d3611ecb-4314-4e08-b25a-31b9ab9e8593,1995-07-15,F,white,nonhispanic,Malden,MA,02148
efb1fc27-af8d-47c0-b829-d65bc26b6d0c,1990-11-12,F,white,nonhispanic,Quincy,MA,02169
8049ef24-948d-4932-a635-725999409773,1997-10-05,F,white,nonhispanic,Waltham,MA,02451
13175803-2899-40fd-9775-c3590f120689,1965-07-20,M,white,nonhispanic,Boston,MA,02118
6782554e-4517-476f-a5cc-39967b4280f7,2009-03-22,F,white,nonhispanic,Cambridge,MA,02138
bd80834c-7bfc-471d-a8fc-2564b6de7608,1959-06-20,M,white,nonhispanic,Waltham,MA,02451
cc7fbc0a-a098-47cd-b1fa-77a2c6f13727,1990-05-15,M,other,nonhispanic,Boston,MA,02115
95e62e24-d23a-4722-a688-37ee6f273c77,1961-03-05,M,white,nonhispanic,Boston,MA,02118
072c71ed-209e-4ccc-a9f2-bd25c5e48876,1966-02-17,F,other,nonhispanic,Newton,MA,02458
e828e9b7-4697-4c91-8951-f7dd06a1eceb,1943-06-03,F,asian,nonhispanic,Quincy,MA,02169
9efcdd6d-97b0-4b61-915a-a32ae770b21c,1987-05-13,F,white,nonhispanic,Cambridge,MA,02138
812201a1-2e7e-4ca2-ac28-7c5a0d734695,1944-08-12,F,white,hispanic,Boston,MA,02115
a8745da4-8efc-46fb-bf5b-8f396dd9a3a5,2020-11-26,F,white,nonhispanic,Boston,MA,02115
6357fa40-ec0f-40b9-83c6-efc3aacb3734,1985-03-06,M,white,nonhispanic,Boston,MA,02118
e01df596-6e9e-4f18-8a56-1d93387ec372,1979-07-28,M,black,nonhispanic,Newton,MA,02458
2323eb07-329b-438e-a470-ab2d5e16cc03,2022-08-24,M,white,nonhispanic,Boston,MA,02115
6a39d25d-5d8c-46f3-b4ab-cef067e59d2d,1987-08-16,F,white,hispanic,Brookline,MA,02445
d826a46f-6536-4913-aba5-5d7f21663f15,2004-06-20,M,white,nonhispanic,Cambridge,MA,02138
07deac9a-4c6d-465d-a11f-b7a6a30b6f07,1938-08-05,F,black,nonhispanic,Brookline,MA,02445
2b826438-fb93-4e72-b0a6-b382b0eb3612,1986-10-27,M,white,hispanic,Quincy,MA,02169
75842d3f-6e4c-4bd2-aa56-3f6bb3e5bff6,1943-06-25,F,asian,nonhispanic,Boston,MA,02115
c8e6666c-31ec-425a-b7be-89bfd9d4b81b,2001-03-22,F,white,nonhispanic,Newton,MA,02458
fbbcc632-55ea-4cdb-a9cf-a57259623b37,2000-03-18,M,white,nonhispanic,Brookline,MA,02445
332cbf47-91bf-47a4-a58e-1ee982df5eae,1983-03-18,M,black,hispanic,Waltham,MA,02451
b4a4ecd9-5f94-4012-b40c-b8d474e0181f,1990-04-15,F,white,nonhispanic,Medford,MA,02155
8f1e71eb-2ae1-4116-8bbe-f5c1ce952456,1975-02-16,M,white,nonhispanic,Cambridge,MA,02138
4460143a-6026-4b8d-a1a1-51c50bdbac3d,1978-06-28,F,asian,nonhispanic,Brookline,MA,02445
80955522-4bec-4d95-a7cf-3b16a2146c23,2005-04-03,M,white,nonhispanic,Newton,MA,02458
2fc0b5b0-d4b8-4afe-9703-578e31222df0,1967-07-07,M,other,nonhispanic,Brookline,MA,02445
db0a8ae4-5fe6-4972-a1a0-3eb36b87fd9d,1971-05-15,M,asian,nonhispanic,Cambridge,MA,02138
1c56e37d-fb77-49ce-a023-7f083261e365,1985-02-15,F,white,hispanic,Cambridge,MA,02138
e756ba36-8ad4-48a8-ab39-3bb6a968f5b1,1950-11-04,M,white,nonhispanic,Newton,MA,02458
e9569239-9c79-4343-9479-4f140bf16416,1960-05-15,F,white,nonhispanic,Somerville,MA,02143
e54e83c9-4502-4393-afc3-22baf5f56340,2011-02-08,M,asian,nonhispanic,Cambridge,MA,02138
e219f717-84f8-4918-ba28-49eed1aa0a07,1994-05-04,M,white,nonhispanic,Malden,MA,02148
748b83ab-d373-4176-9110-d3480b05f21b,1967-03-20,M,white,nonhispanic,Medford,MA,02155
a0214276-e465-471e-b7f7-46717d53dd96,1971-11-24,F,asian,nonhispanic,Boston,MA,02115
c8ee50b9-86b1-45d1-bdf3-45e209a51cb7,1982-07-07,F,black,nonhispanic,Medford,MA,02155
f17b9e56-28e7-47ae-85f5-9e25dbc65fe9,1971-10-14,F,white,nonhispanic,Malden,MA,02148
13e27c8a-7d66-4b60-9cc7-5a71c26f4dde,1976-03-15,M,white,nonhispanic,Medford,MA,02155
f734a6d6-01e9-4e9d-87aa-5c9052369322,2003-11-19,M,white,nonhispanic,Waltham,MA,02451
d00cab9d-e901-4da2-8b2f-af8b7ced9356,1990-01-11,F,black,nonhispanic,Boston,MA,02118
d9278022-fb41-482f-9cbd-913e997cdbd5,2005-05-08,F,white,nonhispanic,Waltham,MA,02451
8a12501f-80d1-4906-b386-201b35436c46,1983-03-13,F,white,nonhispanic,Waltham,MA,02451
56f9cfdb-fa1a-45c2-ae19-e6520fc4f8ce,2009-06-10,F,white,nonhispanic,Somerville,MA,02143
abd31ee2-eaa1-4355-9890-4e106de463ff,1987-04-02,F,white,hispanic,Quincy,MA,02169
16055e1c-1c3f-415b-8ed0-3c3daa1446ae,1999-04-14,M,white,nonhispanic,Waltham,MA,02451
d43278fe-04e1-4bc2-98c4-598bf281f1c8,1975-09-22,F,white,nonhispanic,Malden,MA,02148
3c4f4a8d-01a2-4b5a-999f-1fbb0707e916,1972-06-21,F,other,nonhispanic,Medford,MA,02155
e82e4cc5-15ad-489b-846c-09ff0bc85b6f,1970-09-12,M,white,hispanic,Medford,MA,02155
9d190453-f4de-422f-9261-3469beead9ef,1968-04-27,M,white,nonhispanic,Medford,MA,02155
0a5c762e-56e7-45fb-ac2c-afbcf6d2a6cf,1974-12-10,F,other,hispanic,Quincy,MA,02169
571b3c35-db73-412a-a7fd-064bfd149892,1950-07-01,M,white,nonhispanic,Medford,MA,02155
bdb1f6c9-df17-4fc6-8d8f-96fcdc268219,2000-01-30,F,asian,nonhispanic,Quincy,MA,02169
d1c78939-e6d3-4d98-8c9f-eac73e9caa84,1998-08-29,F,black,nonhispanic,Medford,MA,02155
d9797f48-caa4-44da-a03e-f3f8e6d7b5a3,1989-05-15,F,white,nonhispanic,Brookline,MA,02445
93a8c70d-30e5-4264-aa3e-6e2ece641286,1954-02-03,M,black,hispanic,Brookline,MA,02445
2047d98c-cefb-4202-88d5-d47f06513036,1987-08-14,F,black,nonhispanic,Boston,MA,02118
62aab322-e810-46a5-bb91-9d2df3edace0,1945-06-15,M,white,nonhispanic,Malden,MA,02148
2c57adaf-23ff-43bd-9e2a-3657405974a4,1989-02-21,F,other,hispanic,Cambridge,MA,02138
94a5056f-fd39-45a2-86ab-9cf01640dad4,1951-11-28,F,white,hispanic,Waltham,MA,02451
e7ebd73f-b423-4906-aee3-3b769390de56,1959-11-04,F,white,nonhispanic,Somerville,MA,02143
84175570-c68d-40df-88ac-0b90b332799c,2002-12-12,F,white,nonhispanic,Newton,MA,02458
a65faa93-31f0-4541-a443-f6b592ec5ffb,2001-08-21,F,black,nonhispanic,Boston,MA,02118
b70379d6-43db-4dbd-b16d-2b8edec8bc7a,2016-03-15,M,white,nonhispanic,Medford,MA,02155
d1ffdc95-4fdf-44af-be3c-0f590bc45048,1965-01-24,M,white,nonhispanic,Newton,MA,02458
60a909f9-5c4d-4169-8558-284d141615a6,1988-07-30,F,white,hispanic,Quincy,MA,02169
beb0b481-6107-4aa7-8ebd-d4c0a404c6f9,1986-08-01,M,white,nonhispanic,Medford,MA,02155
6978aa97-5d50-411d-b42c-4218ef0b44be,1957-12-31,M,black,nonhispanic,Somerville,MA,02143
b133a3a5-e542-4a9c-95d9-ede6206ae3e5,1995-01-16,F,black,nonhispanic,Cambridge,MA,02138
56d0255c-5679-4138-bf74-23b544f24bdc,1986-04-14,M,black,nonhispanic,Brookline,MA,02445
e4812239-f5b0-4691-92c2-caa1a0626180,2003-04-26,F,black,nonhispanic,Malden,MA,02148
105f39a4-58a6-464c-aafa-add516a230b3,1975-12-11,F,white,nonhispanic,Quincy,MA,02169
47c813df-a9c2-47c7-b253-a0fd9972f2a1,1967-07-23,F,white,nonhispanic,Quincy,MA,02169
8b0f2de3-29b3-43d5-a117-4f5d3dd239cb,1972-05-05,F,black,nonhispanic,Newton,MA,02458
48b02e7e-6029-4173-ad21-0df4e195d8bb,1985-03-26,M,white,nonhispanic,Boston,MA,02115
1093e800-de1f-48db-aa3b-19de6905ccea,1939-02-06,M,black,nonhispanic,Medford,MA,02155
d2ee4c9a-b09c-418a-ba30-6f6b8c78f93d,2002-08-12,M,white,hispanic,Newton,MA,02458
02eebe45-02c7-4dd3-a21b-6d4762779d04,1950-02-02,M,white,nonhispanic,Boston,MA,02115
b4098f52-d41d-4231-aef7-a7d63cbf2070,1994-06-14,F,white,nonhispanic,Medford,MA,02155
ac1e6644-ccbd-46b3-84a1-0884db5c1826,1984-09-24,M,white,nonhispanic,Boston,MA,02118
3ed3369f-5aa8-43cf-8b07-478e11bd6087,1978-07-28,M,black,nonhispanic,Waltham,MA,02451
8d72721e-e07d-416f-9623-44dbe0b90c0e,1961-08-12,F,white,nonhispanic,Somerville,MA,02143
681b76c9-e37a-439f-8ff2-e4b81178e9ba,1960-05-01,F,asian,hispanic,Medford,MA,02155
a98ca8be-f6f4-42cb-b6cf-b031fe2778b6,1970-06-14,M,white,nonhispanic,Brookline,MA,02445
fb59c4b9-a0d7-499e-9c55-91e1e6f4f4d8,1945-02-14,F,asian,nonhispanic,Boston,MA,02118
93070669-00b1-444d-80d0-affa9955cdcd,1940-07-30,F,white,nonhispanic,Boston,MA,02115
79331f97-c35b-4f5c-b025-896a32942c6b,1964-10-30,F,asian,nonhispanic,Quincy,MA,02169
edc3649a-e521-4395-bd91-9d895c303109,2002-09-30,M,white,nonhispanic,Quincy,MA,02169
1c06efe0-5a8b-4918-a8ac-fafcdf8d086b,1987-01-09,F,black,nonhispanic,Medford,MA,02155
a32c4fd9-9ab6-436a-be42-89953d94cc37,1951-07-17,M,white,nonhispanic,Cambridge,MA,02138
c29f9c02-5a00-4936-862b-37bcf4febc27,1985-01-27,M,other,nonhispanic,Medford,MA,02155
c40c63a5-9b5b-43ae-9676-b492c25b88d7,2021-05-11,M,white,nonhispanic,Newton,MA,02458
16e9b7c9-90cb-4f30-bf55-eed0947b23aa,1973-10-18,M,white,nonhispanic,Medford,MA,02155
700f87c4-3ee2-48ce-af20-a4b91412d709,1958-08-24,F,black,nonhispanic,Boston,MA,02115
8d9aa686-c30e-4662-b333-c2faa2ba40a4,1981-06-12,F,asian,nonhispanic,Brookline,MA,02445
0d5ed6ac-4820-4a7f-a167-ed8b241dd06d,1980-02-19,F,white,nonhispanic,Cambridge,MA,02138
2ddfc203-0005-4b90-ba25-cff38e9b9508,1983-11-30,M,black,hispanic,Brookline,MA,02445
d1c7e446-0891-439d-a029-d99f837519b6,1958-12-09,M,white,nonhispanic,Newton,MA,02458
0d6ba0eb-8ec5-4168-89c6-018b2380db91,1960-09-26,F,asian,nonhispanic,Medford,MA,02155
9227aa49-2047-4ae9-857c-e9950e747d42,2002-03-20,M,white,hispanic,Quincy,MA,02169
86881ca7-85ff-47b6-9e31-16e1d3376f1b,2019-10-20,F,black,nonhispanic,Medford,MA,02155
1a93172b-b8f0-4426-9113-1f0485c6e513,2014-04-02,M,white,nonhispanic,Boston,MA,02115
12ae7058-2cda-48a5-8ce5-d1971dbc29cb,2003-05-30,M,white,nonhispanic,Somerville,MA,02143
9a24b7cf-acbd-4fc8-a10c-9fc230f1ea9f,1980-05-04,F,white,nonhispanic,Cambridge,MA,02138
1412eb5f-8993-4207-9baf-92db28323c19,1973-10-27,M,asian,nonhispanic,Waltham,MA,02451
cf09a4d6-54e8-4cff-b3f6-034d6057bae8,2001-10-02,M,white,nonhispanic,Boston,MA,02115
2eeb763e-0d73-4830-a040-365f14664939,2005-06-20,F,white,nonhispanic,Newton,MA,02458
33926b96-b867-41e4-a989-1bc7e2adfb0e,2004-10-06,M,asian,nonhispanic,Malden,MA,02148
5a9b685b-ef65-451d-a68f-c4809a0cb2eb,1960-01-18,F,white,nonhispanic,Somerville,MA,02143
8913b7c2-993f-4858-895c-43c97747558d,1976-12-15,M,white,nonhispanic,Brookline,MA,02445
588e29ca-99f2-401f-a86c-d8a97d596c91,1960-04-06,F,other,hispanic,Quincy,MA,02169
a46f0103-6872-423f-a731-217cc0ab6e31,2008-05-16,F,white,nonhispanic,Newton,MA,02458
ce1b2619-6f15-42e7-b969-fbe74f3d19b6,1957-02-16,F,white,nonhispanic,Brookline,MA,02445
d73bc07a-0c75-4a4d-99e2-6f952fe3891e,2006-02-13,M,white,nonhispanic,Brookline,MA,02445
4c2792cd-4005-4471-9891-26ad723feaf3,1938-04-12,F,black,nonhispanic,Brookline,MA,02445
261266fa-0c06-42ea-a65a-ca3e8761661d,1989-07-06,M,black,nonhispanic,Newton,MA,02458
6521b51d-bd17-4922-a052-ac5e1b1d596f,1983-08-19,F,asian,hispanic,Cambridge,MA,02138
16f91ea1-4019-4783-9c30-17188a9ab114,2008-05-23,F,white,hispanic,Boston,MA,02118
eecc3196-ef61-4b6a-8f16-661ccee0b53a,1942-02-02,F,white,nonhispanic,Medford,MA,02155
889a3a19-3eb0-4260-a63c-131d80dde584,2018-10-24,M,black,nonhispanic,Waltham,MA,02451
473ccf8f-682b-4666-96d8-fe94afb08ba3,1970-04-04,F,black,nonhispanic,Brookline,MA,02445
2d616ccf-6300-4b2b-82a7-9551af33399b,1993-01-31,F,white,nonhispanic,Cambridge,MA,02138
c687105e-217b-45a3-baea-e6375b6ecfe4,1988-03-27,M,asian,nonhispanic,Somerville,MA,02143
0ffbe2d8-30bb-41d8-a164-b255b59f7047,1952-09-02,F,black,nonhispanic,Quincy,MA,02169
9084059c-1d30-417d-95f6-b3e08aebe6a6,2010-05-27,F,asian,nonhispanic,Malden,MA,02148
f1de0512-fbce-4afc-9fd0-08ca0fde949a,2016-03-31,M,white,nonhispanic,Brookline,MA,02445
d9bd212f-6729-46f4-8ed1-d90ddf835b90,1981-07-28,F,black,nonhispanic,Newton,MA,02458
bb93bdfb-4a1e-47fd-8bf3-d71eb1ec7260,1980-01-09,F,white,nonhispanic,Somerville,MA,02143
866e0202-bfe1-49db-aeb1-2ec2c643d951,1963-06-21,M,white,nonhispanic,Somerville,MA,02143
9a7c50d9-9a84-4572-a01d-4577723ca062,2009-02-16,F,white,nonhispanic,Somerville,MA,02143
b531d522-2322-4052-a8c3-218bc088482c,1947-11-01,M,white,hispanic,Waltham,MA,02451
de4c1155-56f2-437e-b152-a95107591218,2009-06-02,M,white,nonhispanic,Newton,MA,02458
a881c157-2c44-4ce7-9b19-6fcfae8a09ae,1963-04-01,M,white,nonhispanic,Waltham,MA,02451
cea86bc7-e599-4bf1-a889-a16fbfbcbcf7,1953-12-17,F,white,hispanic,Boston,MA,02118
03a1fa7a-ad74-49c0-a77e-c4dbc2cee2c9,1944-04-07,F,white,nonhispanic,Malden,MA,02148
8534bc05-afe4-49e1-b433-b34d43afa699,1969-07-06,M,white,nonhispanic,Newton,MA,02458
0ee9c560-6bc8-46a0-ba23-98114b6c7189,1970-01-13,M,black,nonhispanic,Boston,MA,02118
584abc87-e0af-440c-9f02-84b74959026d,1969-12-28,F,asian,nonhispanic,Waltham,MA,02451
20b3e44b-e19f-46c7-ba11-644ac23d53da,1992-01-26,F,black,nonhispanic,Brookline,MA,02445
77a92f03-06cf-4114-8436-715a4188b62e,1969-08-16,M,black,nonhispanic,Brookline,MA,02445
e0824ae4-a34b-4573-8b17-480e21b4f2b9,2002-12-23,F,white,nonhispanic,Boston,MA,02115
11648313-6e89-46b6-a63b-b5ffaab568ac,1983-02-18,F,white,hispanic,Medford,MA,02155
fcbfdc19-28b7-4756-8fea-041aa5f0d6a1,1955-10-29,M,black,nonhispanic,Somerville,MA,02143
84b68382-e478-43b0-ad64-167b71ca19a3,2018-09-13,F,white,hispanic,Somerville,MA,02143
746ce21f-e808-4490-ba41-61ee824979b6,1997-05-07,M,other,hispanic,Boston,MA,02118
72a1df93-0395-452e-9cd0-4eea19a6c6bb,1981-09-13,M,white,nonhispanic,Somerville,MA,02143
1f89e8df-7000-4fef-b5b3-e9c6f6b7bbef,2022-02-02,F,black,nonhispanic,Newton,MA,02458
aea9d1da-4b8c-46dc-9861-205d304e30a3,2002-05-24,F,asian,hispanic,Newton,MA,02458
4270403d-72fe-4f31-b99b-dd454edf6eb7,1988-06-25,F,white,hispanic,Boston,MA,02115
f8fae697-ff7e-4649-9284-68c076be7313,1982-05-17,F,black,nonhispanic,Medford,MA,02155
6ea2ce27-0dbd-4324-a8ec-71b5063210a8,2015-03-26,M,white,nonhispanic,Waltham,MA,02451
668f48d3-b8c9-4396-a893-2c1646742ada,1952-06-17,F,black,nonhispanic,Boston,MA,02118
f2762aa4-c271-4357-91aa-ba9921242a50,2010-09-18,M,asian,nonhispanic,Brookline,MA,02445
21b058ea-2093-41d9-9bc2-475e78b167ff,1996-11-06,F,white,hispanic,Medford,MA,02155
cde111c3-2b87-4411-89f6-72c1f746ebd5,1983-04-18,F,white,hispanic,Brookline,MA,02445
4d766188-1866-4c53-b7a8-69bd523576ae,1976-12-04,M,white,nonhispanic,Quincy,MA,02169
c3f2f6cb-d184-4776-be60-c6c1191105f1,1974-02-13,M,white,nonhispanic,Boston,MA,02115
bba3c254-2c40-45d2-a625-ef2eb7a2e500,2007-12-24,M,other,nonhispanic,Brookline,MA,02445
e81094e4-78c9-4ec3-b9cf-72fbe5ceaff2,1958-07-02,M,white,nonhispanic,Boston,MA,02118
ab7bbb0d-5ecc-49f4-9465-5a8b8ae33c76,1996-09-28,F,asian,nonhispanic,Newton,MA,02458
aff8b2bc-adc5-4ebd-9b23-bd3e186e9ea2,1970-02-06,M,black,nonhispanic,Waltham,MA,02451
cc901989-40ba-4280-9e2b-bdb1d020a248,2000-12-06,F,white,nonhispanic,Waltham,MA,02451
0fe9ea6d-b5e3-4ab3-bf0c-0f6602394212,1998-01-28,F,white,nonhispanic,Brookline,MA,02445
43bf1fb1-9421-439b-a56a-efdb75c4d229,1988-05-17,F,black,nonhispanic,Newton,MA,02458
669cbd26-6fb5-4873-833f-113127a8f1a6,1972-05-31,F,black,hispanic,Boston,MA,02115
e801d403-c516-4860-b90a-42ee6dd808e7,1946-03-31,M,white,nonhispanic,Cambridge,MA,02138
299dbe6b-a897-4745-bbf4-7cedc87588ce,2009-05-09,F,white,nonhispanic,Malden,MA,02148
ada605dd-6083-4bb6-8195-dc83d62dcd6b,1956-02-07,M,white,nonhispanic,Medford,MA,02155
277e2ee3-014f-490c-8ec5-4682ece5fa5e,1937-01-14,M,white,nonhispanic,Malden,MA,02148
14eafa6a-9d4c-4f03-81c2-4e9c0140ec44,2002-04-01,M,white,nonhispanic,Newton,MA,02458
1151d565-78c7-463f-9dff-fdbed909dab6,1971-08-11,F,other,nonhispanic,Boston,MA,02115
a2c2bea5-b56a-48f6-99af-90242aceade6,1939-09-07,F,asian,nonhispanic,Waltham,MA,02451
cad30ad5-dbee-4e60-bcf2-c0c1f5f05255,2017-01-19,F,white,nonhispanic,Boston,MA,02118
73457c64-d786-41f3-b17e-4bfe3dacbc79,1984-04-13,M,asian,hispanic,Medford,MA,02155
5cac5080-3055-4c01-9565-90532b9ae083,1956-04-08,F,white,nonhispanic,Newton,MA,02458
0d34ab54-3c38-484a-a441-4c7fddda6f4b,1993-02-27,M,white,hispanic,Malden,MA,02148
496afe01-132f-4467-8865-bb5601a4961f,1974-10-01,M,black,nonhispanic,Newton,MA,02458
8f1bb0ff-024f-496f-ae7c-66306edf5949,1991-04-12,M,white,nonhispanic,Medford,MA,02155
1c92b2e6-77ec-4fba-a380-f33f93a12a7c,1941-09-17,M,white,hispanic,Cambridge,MA,02138
05a24218-d1d4-4879-8dda-cecf10ef387d,1942-05-19,M,white,nonhispanic,Cambridge,MA,02138
05a38621-7ee3-4c16-a03c-9dba5a23be4b,1952-01-04,F,asian,nonhispanic,Boston,MA,02118
4656543f-d4d9-4f3f-8ed9-e5ea2acc5c92,2001-10-30,M,asian,hispanic,Waltham,MA,02451
4a2a247b-e9da-4d33-b79c-467675bb072e,1992-06-04,M,black,nonhispanic,Malden,MA,02148
5e208047-6a25-4022-9331-5c131f9fee65,2004-05-15,F,white,nonhispanic,Boston,MA,02115
aaa27d03-b954-400c-bfbc-f939c8debadc,2022-11-20,M,asian,hispanic,Newton,MA,02458
2af7d9dd-fd47-4170-99d2-6915a1f25242,2000-04-14,F,white,nonhispanic,Waltham,MA,02451
8b0d01a7-86b5-4112-b3c4-63b62a3c4a0e,1992-11-02,F,black,nonhispanic,Medford,MA,02155
588ca0a4-ac18-4c07-9b8f-a525b57e7b1e,2004-01-24,F,black,nonhispanic,Malden,MA,02148
12302400-81bb-4613-8c56-98dc262d2a9a,1966-03-10,M,asian,nonhispanic,Waltham,MA,02451
b519d36e-066c-4536-a8dc-c22297d8c9c0,2019-09-27,F,white,nonhispanic,Boston,MA,02115
d30fc29f-cd71-45ad-8f28-88e887e389ef,1982-05-20,M,white,nonhispanic,Malden,MA,02148
415f9a74-1d34-4053-b5af-4afbe699107d,1994-01-22,M,asian,nonhispanic,Boston,MA,02118
91d5c53b-99af-4375-873f-dc686d47505b,1940-08-14,M,white,nonhispanic,Medford,MA,02155
dbcbd35c-ae3b-47df-83b4-d0f6143c8754,1959-11-06,F,white,nonhispanic,Brookline,MA,02445
638399c7-bca0-4ecd-9b78-c894234da41b,1979-06-14,F,white,nonhispanic,Somerville,MA,02143
a4597732-228e-4b47-9501-48f35a703caf,1981-09-12,F,white,nonhispanic,Cambridge,MA,02138
e8132eb4-dcc1-413b-82f5-a68d4545e23d,2019-07-01,F,white,nonhispanic,Quincy,MA,02169
6d7ebbf0-f4c6-4328-9925-104b3070b417,2019-01-09,M,white,nonhispanic,Newton,MA,02458
845ca385-fe64-49ca-abe8-df4904d0e420,1997-06-28,M,white,nonhispanic,Cambridge,MA,02138
1a52f8ca-2b9d-4bb6-9c14-01f4a8fe9f94,1940-11-10,F,white,nonhispanic,Quincy,MA,02169
9682e3b8-9b79-4b99-93cd-9e4a1c017f6b,1948-01-30,F,white,nonhispanic,Newton,MA,02458
c6da7e9d-36c9-45cd-83e9-00fb73ec9c43,1993-06-23,F,white,nonhispanic,Boston,MA,02118
19127a6c-9498-4071-9edc-345e4c4fb34f,1943-10-28,M,black,nonhispanic,Waltham,MA,02451
ef013095-9170-4e86-aaea-e16560129497,1962-01-30,F,white,nonhispanic,Newton,MA,02458
d3129780-f3e7-46f2-8d33-ab09b64433ce,1982-04-11,M,white,hispanic,Cambridge,MA,02138
4d86cca0-73a5-4359-97a2-8ace5bf8f334,2000-07-26,F,white,nonhispanic,Cambridge,MA,02138
fbdfc90d-7acd-48b9-898d-67715f64d723,2003-01-30,M,black,nonhispanic,Brookline,MA,02445
f5ab1404-ed19-43ce-bcd1-87d1ad749909,1968-12-09,M,white,nonhispanic,Medford,MA,02155
de1b19cf-9caa-425d-9567-9ef7e0a751c7,2004-09-04,F,white,nonhispanic,Brookline,MA,02445
7d51ad44-c612-4841-928c-27c0dce36544,2017-12-14,F,white,nonhispanic,Medford,MA,02155
ee85029b-64a0-43f9-9e39-1ef49cc6bba7,1938-03-24,M,asian,nonhispanic,Medford,MA,02155
928d126a-1eff-467e-aa04-8f0edaf32dc3,1964-06-08,M,other,nonhispanic,Cambridge,MA,02138
97f46317-e2c0-468f-ba41-01b48be57839,2012-09-19,F,white,nonhispanic,Cambridge,MA,02138
aa35df05-8b45-4f04-a3f6-86e2bf875bdf,1996-06-10,M,asian,nonhispanic,Malden,MA,02148
c41cfa17-c7d5-4745-9fa0-76b55039a6c4,1971-11-13,F,black,hispanic,Waltham,MA,02451
686b4750-a7c9-41a6-9158-2738e048c7b4,1969-04-07,F,black,nonhispanic,Malden,MA,02148
56c650a9-3759-407a-b472-7daafa728553,2006-11-06,M,white,nonhispanic,Medford,MA,02155
c9642b21-ebf1-4270-bb22-b4af068bcf0d,1956-06-28,M,white,nonhispanic,Newton,MA,02458
84ee3ff1-3429-40a7-9ac6-5e9303c7ab12,1989-03-04,M,black,hispanic,Quincy,MA,02169
750592af-ab44-414b-b252-7259e600ba66,1991-01-21,F,white,hispanic,Medford,MA,02155
48e999fa-31f5-4ba0-9e73-ec8dcce6ed51,2019-02-09,M,white,hispanic,Boston,MA,02118
0a70a07b-eb64-4c03-b062-033c115d4f5a,1977-03-25,M,black,nonhispanic,Newton,MA,02458
87b3bdca-f25b-4220-becd-c07cc0500ee3,2003-10-13,F,asian,nonhispanic,Malden,MA,02148
6579a135-4410-4a87-8b87-32beea3115c1,1956-12-31,M,asian,nonhispanic,Quincy,MA,02169
e2327456-cd99-4499-ae2e-02bfb06bbebe,1975-04-15,F,white,nonhispanic,Newton,MA,02458
c2750c32-22ce-4a3b-b519-4b1c2cd42ffa,1937-10-03,M,black,nonhispanic,Somerville,MA,02143
c92bde00-8661-4fd0-a82b-b51359b28ddf,1966-11-09,F,other,nonhispanic,Cambridge,MA,02138
697aee96-7707-40dd-8ab3-6ef5b41256da,2000-11-09,M,white,nonhispanic,Somerville,MA,02143
e800877b-7fe9-4276-a0ae-f2dd27f96668,1977-01-02,M,white,hispanic,Somerville,MA,02143
c99c529c-87e4-44ff-a02b-e57fa2452a46,2001-10-27,M,black,hispanic,Newton,MA,02458
1a12b249-6e6f-408b-837d-e3472479c1d1,1939-12-20,F,white,nonhispanic,Newton,MA,02458
478d6c36-5f78-40e1-baac-0ec27012465a,2012-08-17,M,white,nonhispanic,Boston,MA,02115
e47a2dd2-31da-4e57-a2a1-c337a16d19e5,2002-06-05,F,white,nonhispanic,Cambridge,MA,02138
780e6b66-63f1-45d5-8df4-4714de7cbe05,1994-06-10,F,asian,nonhispanic,Somerville,MA,02143
e28a7ff2-3a30-4c67-92db-d570f9f62e4d,1977-04-16,M,asian,nonhispanic,Brookline,MA,02445
c86cd7f5-a065-4b43-bbac-f0b35a11d553,1962-01-21,M,white,nonhispanic,Somerville,MA,02143
b98bc5fe-becd-4160-bc6c-1bd4ac2f2796,2006-01-08,M,white,nonhispanic,Boston,MA,02115
dabcb6e8-6eb5-4a08-af7c-bcdadbce60c0,1992-11-30,F,other,nonhispanic,Medford,MA,02155
e5eab72f-fa10-4374-8b9e-d69d59bdbd2e,1963-10-06,F,white,nonhispanic,Medford,MA,02155
0825cbb1-999a-4a43-b2a5-6239fbcddfaa,1996-03-26,M,white,nonhispanic,Somerville,MA,02143
f0629c78-13db-4684-9f6e-3b6279b0a9f4,1989-07-10,M,white,nonhispanic,Boston,MA,02115
853a3c9f-bd2f-453c-92f2-fabd6c1fe0e8,1963-07-22,F,white,hispanic,Cambridge,MA,02138
c324ab23-0a4a-41d5-a213-b470331dd62d,2002-02-15,M,black,nonhispanic,Cambridge,MA,02138
85007204-0817-4d7d-9ac5-5857a93dd46a,2001-01-02,M,white,hispanic,Newton,MA,02458
888cc9b8-103b-4904-9adf-51d5ff9935d4,2011-12-29,F,asian,nonhispanic,Malden,MA,02148
952a9a7f-7d18-4881-9f8e-b6200c2618c5,1938-01-27,M,black,nonhispanic,Cambridge,MA,02138
572761dd-13b5-479b-beb6-44875faaa6a4,1974-11-09,M,white,nonhispanic,Boston,MA,02118
3de33193-df31-4547-a234-a0924132856f,1946-05-02,M,other,nonhispanic,Quincy,MA,02169
76700a5b-5873-4ccf-a5ff-1c9ef2cab39c,2003-06-06,M,white,nonhispanic,Somerville,MA,02143
87b86e86-3df9-404f-bc27-5ae141ab013d,2010-03-10,F,white,nonhispanic,Quincy,MA,02169
360c3802-1aef-44f3-8d30-ac60eacc9724,2004-01-21,F,black,nonhispanic,Somerville,MA,02143
c18e2b40-1724-4d5a-9f74-5f2a2c915a9d,2011-12-10,M,asian,nonhispanic,Quincy,MA,02169
c541e7c8-0786-4c81-85ed-33a039689b93,1989-03-14,F,white,nonhispanic,Boston,MA,02115
28d4c95f-e516-4cc3-984a-61e9b88972ae,1962-06-25,F,white,nonhispanic,Cambridge,MA,02138
9800ec88-b6e6-4919-b3f8-837ed56fd679,1974-05-23,M,black,nonhispanic,Malden,MA,02148
03e505da-b277-4d8f-b871-40457f982774,1942-02-13,F,white,nonhispanic,Quincy,MA,02169
53e096b6-38cb-4073-89e0-7ee112ee85a5,2004-03-05,F,asian,nonhispanic,Boston,MA,02115
a7746997-b6e7-4715-8996-7a2eceae6426,1961-06-27,F,white,nonhispanic,Malden,MA,02148
f2dbb705-d122-407a-8f46-c83acf19c101,1971-10-17,F,other,nonhispanic,Waltham,MA,02451
db7e4057-5cd9-46d6-8c39-4202b26a8bd3,2020-07-08,F,black,nonhispanic,Cambridge,MA,02138
2a20aab7-83d2-4678-beb0-6c950987da20,2004-05-08,M,white,nonhispanic,Somerville,MA,02143
2e39630a-c073-4d7d-b6d5-0f2c8e3ba47e,1968-01-12,F,asian,nonhispanic,Newton,MA,02458
ba3d72a8-3d35-4956-9c57-76b41bd8d80e,1955-08-13,M,black,nonhispanic,Cambridge,MA,02138
f38b341c-ad1a-4075-a9c4-7f09aa6d8cde,1980-01-30,M,black,nonhispanic,Boston,MA,02118
20835df5-3b9a-472b-bbd2-b7ebdfd57ba8,1940-02-21,F,other,nonhispanic,Boston,MA,02115
612b2a60-c30d-486c-808a-2ccd901f9d9e,1949-11-02,M,black,nonhispanic,Boston,MA,02118
f4faabbf-2d95-4ddb-b6c1-2c6c1e602a19,2008-08-08,M,white,nonhispanic,Quincy,MA,02169
60db09ca-745f-4c00-b530-24edab50879b,2000-01-05,M,asian,nonhispanic,Waltham,MA,02451
6b20ef60-8949-40d2-8a9b-b25ab5f63cb5,1954-10-14,M,white,nonhispanic,Boston,MA,02118
75e212f1-a733-486c-99e2-5206afcdd8e5,1974-11-16,F,black,nonhispanic,Waltham,MA,02451
d0cf58e9-e22f-47f7-9952-ef4789453af5,1946-03-25,F,white,nonhispanic,Newton,MA,02458
e0348f49-af28-4440-97f4-f148bfd95bf9,2015-09-05,F,white,nonhispanic,Medford,MA,02155
8f7ff1cb-dc1f-40c2-bc65-1fb6cd49f6ab,1965-03-16,F,black,nonhispanic,Medford,MA,02155
1f248b54-3827-4e31-998a-f63960a54493,1964-01-03,M,white,nonhispanic,Malden,MA,02148
a45e80b6-518d-43aa-82f5-2b28dda6b3d4,1986-07-02,F,black,nonhispanic,Malden,MA,02148
f073c70a-0dd5-4111-8255-890dc14b102e,1957-04-30,M,black,hispanic,Medford,MA,02155
637ca44f-a0f4-4062-8d02-0d2dce8a7551,1973-07-27,F,black,hispanic,Cambridge,MA,02138
9f7cbbd3-660e-4ab5-b28a-4fff72442665,2003-11-05,M,white,nonhispanic,Waltham,MA,02451
b2143a17-5340-4312-a8ab-5aa4c66a1b09,1973-06-02,F,other,nonhispanic,Brookline,MA,02445
47e21d8e-4bbc-4053-b655-3845593e95c7,2002-11-20,F,white,nonhispanic,Newton,MA,02458
885a42c5-1cbb-48e7-af37-451ac971e972,1980-01-16,F,white,nonhispanic,Malden,MA,02148
1d87f5a3-521c-4a80-92c2-d53f73cf83d5,1984-02-23,F,asian,nonhispanic,Quincy,MA,02169
3898a46d-5c3f-4c26-afa9-126445644c72,1946-02-07,F,black,nonhispanic,Somerville,MA,02143
f3c63ddb-149e-452e-92c3-b085708ea9f5,1994-10-08,F,white,nonhispanic,Brookline,MA,02445
0c9f6eb4-057e-4418-90d3-d7c7371caddf,2001-09-07,M,white,hispanic,Malden,MA,02148
561d88c7-8714-4fd7-b3f5-124a1cb5a6c4,1975-04-07,F,other,nonhispanic,Somerville,MA,02143
bfc41fcf-2a98-4339-ba67-4535c2d2e134,1983-02-05,F,black,nonhispanic,Newton,MA,02458
0912c419-a387-46d5-b21c-38ce9f738a4b,1986-03-05,M,white,hispanic,Cambridge,MA,02138
1aff7974-93e8-4783-b506-e3c9e720c64a,1997-01-26,M,white,nonhispanic,Medford,MA,02155
31dd6600-4dd5-4a36-854f-3707b401ae4d,1980-07-10,M,black,hispanic,Newton,MA,02458
9bfa1909-8cd9-4e1e-9ea7-9f7372271ec9,1967-06-07,F,white,nonhispanic,Boston,MA,02115
1ab3c2ec-76f0-47c0-9fb6-cd74d524ae43,2003-12-31,F,asian,hispanic,Somerville,MA,02143
4442d66e-0e46-43c7-92cf-4835b86ff067,2000-06-15,F,black,nonhispanic,Waltham,MA,02451
608bfbec-5d7d-44ba-9b97-7f7300a9fa4d,1940-10-20,F,asian,nonhispanic,Boston,MA,02115
0126d67a-4056-4305-a8e6-72bf9d0aa044,1962-12-18,M,black,nonhispanic,Waltham,MA,02451
cb035868-39b3-4fcf-b63d-f7762a7adb4b,1996-06-07,M,white,nonhispanic,Brookline,MA,02445
0afc6b87-2f7f-4ca7-b368-52d27a30d94b,1998-11-20,M,black,nonhispanic,Newton,MA,02458
8bac7e77-9601-419f-9a27-cb92705778fe,1942-09-12,F,white,nonhispanic,Quincy,MA,02169
1db9156e-c7b6-48a8-be4f-ab83b7902d50,1953-03-18,M,black,hispanic,Brookline,MA,02445
a3caa697-4cfc-4981-93f2-d6a8202d0909,2018-06-13,F,asian,nonhispanic,Medford,MA,02155
401ac13a-9881-478e-b8a9-d95a1b52d9c4,1961-10-25,F,black,nonhispanic,Brookline,MA,02445
631a1e8f-accc-46ce-afe5-784c3a4f41ff,1980-10-19,F,white,nonhispanic,Waltham,MA,02451
b0ec044f-21ba-497d-9f54-3b04884eee4d,1972-05-10,F,asian,nonhispanic,Boston,MA,02115
30993097-6e6b-4a20-8e43-b51d5b101adb,1982-07-07,F,black,nonhispanic,Newton,MA,02458
854b2da7-93bb-4af9-a35f-3262712519da,1981-02-22,M,white,nonhispanic,Quincy,MA,02169
28f0884d-3014-4bcd-a393-fec95ced3068,1940-11-01,F,black,nonhispanic,Waltham,MA,02451
c70cd1a5-ffab-49cd-95ac-bb04764a4b2a,1987-04-25,F,asian,hispanic,Somerville,MA,02143
306c4877-c89e-4ea0-baca-08da2c83b5a9,1936-02-11,M,white,nonhispanic,Quincy,MA,02169
26022d3e-b431-4133-96a4-d1004e792b85,2005-09-16,F,white,nonhispanic,Somerville,MA,02143
4a9f3870-0862-4ff7-a11b-584ceb552f09,1985-08-27,M,white,nonhispanic,Boston,MA,02115
22650afa-7681-4d11-ac86-e5b65957af0a,1988-01-31,F,white,nonhispanic,Somerville,MA,02143
dfdc7721-c856-4d65-a06a-c01a59eb2c10,2004-07-09,F,black,nonhispanic,Boston,MA,02115
3152564d-491a-4262-9441-49bf791ee90b,1986-02-09,M,white,nonhispanic,Brookline,MA,02445
f1ab290f-1c76-49c7-be18-3327d095b3c1,1994-07-09,M,white,nonhispanic,Boston,MA,02118
15d98eb1-fa91-4461-b537-4a5a5660013f,1943-02-26,M,white,nonhispanic,Somerville,MA,02143
8277fb10-ce82-47c4-acb3-06b5f13220b4,2001-09-29,F,white,nonhispanic,Quincy,MA,02169
103c570d-d43a-4bd7-8324-cb63f4588a81,1994-02-11,M,white,hispanic,Boston,MA,02118
f4e9a77e-dfa9-446d-95e6-2164f3b28f8d,1995-02-07,F,black,nonhispanic,Waltham,MA,02451
81aeb2f2-dd0a-4848-bcd3-cc5fc25d9e36,1983-12-12,M,white,hispanic,Quincy,MA,02169
73d79330-6112-48d8-86b0-b005c0c5aa94,1984-07-12,F,asian,nonhispanic,Medford,MA,02155
249006f7-96f0-4bdb-9884-20ae04d681dd,1951-10-17,F,white,nonhispanic,Brookline,MA,02445
3051e3b2-50b4-404c-bce5-0b54c92c5c82,1988-04-10,M,white,nonhispanic,Brookline,MA,02445
f8257d68-e704-4a7c-a06d-9ac58cf34c40,1975-12-02,F,other,nonhispanic,Somerville,MA,02143
f3abe00c-d84a-46ab-8f03-bdb981d8e277,1975-03-06,F,white,nonhispanic,Boston,MA,02115
d330019b-b9dd-4b23-84bf-65fee3009903,1991-09-10,F,asian,nonhispanic,Medford,MA,02155
a78deaee-21cd-4b03-b8f2-10a84f06be7e,1937-09-21,F,asian,nonhispanic,Quincy,MA,02169
6d6f4765-9e10-4936-9803-269a8ff6ad0a,1996-10-04,M,black,nonhispanic,Brookline,MA,02445
239c7949-14df-4d6f-be70-223da5d94fcf,1995-05-17,M,white,nonhispanic,Somerville,MA,02143
ff61821d-706e-4cc4-a812-a85ad37de927,1989-01-13,F,black,nonhispanic,Cambridge,MA,02138
824c9828-2a4d-4d0b-99cc-9af17955e7d5,1976-12-28,M,white,nonhispanic,Newton,MA,02458
d8dad4e8-5e2d-4e83-a2a2-3663960f9bd4,1972-04-06,M,black,nonhispanic,Newton,MA,02458
4587d369-9c24-418b-b0a9-7f5e73e9ee33,2000-06-30,F,white,hispanic,Boston,MA,02115
7db8fb02-1080-4809-87e5-2d5e643f34cf,2000-05-29,M,white,nonhispanic,Somerville,MA,02143
04703c72-c8f5-4f52-ad44-0c046dd5279f,1990-01-20,M,other,nonhispanic,Somerville,MA,02143
9d272a63-a2d4-46fb-bd52-1c610a196d30,2016-09-02,M,white,nonhispanic,Boston,MA,02115
610bab23-17fc-4643-a09e-133e0681f537,1963-02-23,F,white,nonhispanic,Boston,MA,02118
7756135c-8a86-41dc-9376-56c833be5bdd,1938-07-12,M,white,hispanic,Somerville,MA,02143
ef6856d4-aa3e-4eb7-9d6d-77d7d9b3aeec,1966-07-19,F,black,nonhispanic,Somerville,MA,02143
2286462e-faaf-488e-9044-199157befc8a,1981-11-25,F,white,nonhispanic,Medford,MA,02155
3a010db7-c673-478e-a426-e3bedc6d28ff,2010-11-20,F,white,nonhispanic,Brookline,MA,02445
ecb289cf-b2fc-4a75-96c6-ebe5c8de9ca2,1965-09-12,M,other,nonhispanic,Quincy,MA,02169
ec904ad5-01fe-4ce9-a97f-6c81c840a30f,1949-01-30,F,black,nonhispanic,Newton,MA,02458
7df934ba-d1a1-46f9-a63b-7023a2e81715,1977-01-25,M,white,nonhispanic,Medford,MA,02155
95855abe-83c6-44c6-9bbb-c2de58b801de,1974-01-22,F,white,nonhispanic,Newton,MA,02458
cf04799b-0dfb-4dcd-97d9-d00be8177db4,2001-08-22,M,black,nonhispanic,Medford,MA,02155
6ffb2589-3725-4f58-a68e-9b1b495c6508,1937-01-13,F,white,nonhispanic,Waltham,MA,02451
5051cd80-8b12-4bdf-b343-bc56a3182d3c,1945-05-05,F,white,nonhispanic,Cambridge,MA,02138
e2ddbcba-fa59-4aae-b613-2f7b9a7730fb,1943-03-14,M,other,nonhispanic,Malden,MA,02148
6d973d5d-662b-4aa7-b729-5cdcdab66fae,1945-03-11,M,white,nonhispanic,Brookline,MA,02445
23b6289f-4d6d-4f46-9a7c-8efd9f8b22ff,2017-05-06,F,white,hispanic,Somerville,MA,02143
f22b1bdd-6d23-4247-bbf5-387231c77ceb,1942-09-17,M,other,hispanic,Malden,MA,02148
ea41d75e-e441-452a-ade5-e582c4073380,1960-09-25,F,other,nonhispanic,Quincy,MA,02169
33e24157-8813-43b5-81c7-b47e46380d6f,2000-08-05,F,other,nonhispanic,Malden,MA,02148
54f03426-33bc-4e1a-a958-b3685350f968,1948-06-14,F,white,nonhispanic,Boston,MA,02115
1082f23c-f36d-440f-921c-df8fc70e7681,1981-10-24,M,white,nonhispanic,Malden,MA,02148
195482fa-04ba-46ff-a88d-d3112020f1cc,1959-12-02,F,asian,nonhispanic,Cambridge,MA,02138
21b4e895-041b-46e8-8d28-977a8e708559,1962-03-11,F,white,nonhispanic,Somerville,MA,02143
328077a0-96dd-4cac-848e-55e5dd2b3b7e,1982-12-03,M,white,nonhispanic,Somerville,MA,02143
6a844577-15fd-4364-b0e5-00eab9a89c0b,1941-12-29,F,white,hispanic,Malden,MA,02148
bf0ab247-b835-493e-8d8d-f3c7e1680ad4,1984-05-13,F,black,nonhispanic,Brookline,MA,02445
97d7ca25-efc7-4be6-9410-6ecc245f699a,2001-04-05,F,asian,hispanic,Medford,MA,02155
6204afe1-044e-4242-96fa-018161381bc9,1949-06-17,F,black,nonhispanic,Malden,MA,02148
e1b1a3b8-82b4-43b9-bbb7-31c7f6ac687b,2020-04-27,F,asian,nonhispanic,Medford,MA,02155
7bc17bc4-c6ce-48c0-aae1-6458fab2e7d1,2004-08-25,M,asian,nonhispanic,Boston,MA,02115
d6803cf1-8623-4872-8295-027843f6e8a4,1972-04-05,F,white,nonhispanic,Boston,MA,02118
3cf604be-ff54-4482-9dbb-0ecae9ff9ea2,1999-02-12,F,black,nonhispanic,Boston,MA,02118
179bf2f6-e0b4-451f-bce4-1c59413baeee,1995-09-17,M,black,nonhispanic,Boston,MA,02115
e50c6559-c0bf-44ff-bee7-f1beb8d00af6,1996-03-24,F,white,nonhispanic,Brookline,MA,02445
9ffc6908-3b04-4ee1-b806-82cd48874aef,2022-04-07,M,white,nonhispanic,Cambridge,MA,02138
409c053c-58c8-4062-977e-2104a06ee749,1983-09-18,F,asian,hispanic,Boston,MA,02118
2f1e2936-7f37-493a-8e62-2c3be40a4538,1991-11-15,F,asian,nonhispanic,Cambridge,MA,02138
cacb52fa-7a76-4b99-a55c-5d9c84c95698,1980-02-11,F,white,nonhispanic,Brookline,MA,02445
15141e54-3cdd-4de5-9eb3-d030636a7b8f,2001-07-20,M,white,nonhispanic,Brookline,MA,02445
7a07d756-6e5c-4e3a-b571-213851adfdea,1972-05-26,M,white,nonhispanic,Boston,MA,02115
7188d8dd-0758-42f8-a022-edbca5a66a90,1971-03-10,F,asian,nonhispanic,Boston,MA,02118
df826f31-7d3e-4096-b38b-ebc1e230590a,2002-11-16,F,white,hispanic,Boston,MA,02118
7025afed-9283-408f-99f4-3681efc79d9a,2014-02-21,F,white,nonhispanic,Cambridge,MA,02138
bedb84e3-24dc-4969-9dad-ad837ab6118f,1969-03-29,M,white,hispanic,Cambridge,MA,02138
a5f88fd0-83b7-41d8-9bec-faa52aadd76c,2015-05-09,F,white,nonhispanic,Malden,MA,02148
152f1663-a77d-4ffd-8e8c-1ab019276e84,1966-04-20,M,black,nonhispanic,Somerville,MA,02143
380ef363-efe0-4759-8519-2f93f2cd9276,2021-03-13,F,white,nonhispanic,Waltham,MA,02451
8030fd3f-b110-44d8-8f69-3b51fccce784,1948-08-24,M,white,nonhispanic,Boston,MA,02118
d52048bb-b1f9-4fe3-9544-be187c0511c2,1975-07-23,F,asian,nonhispanic,Somerville,MA,02143
bec7e798-c76f-4168-93aa-9fca4833d579,1949-02-22,M,white,nonhispanic,Waltham,MA,02451
b2677fb3-633f-461a-9a51-2ca984690c75,2014-09-06,M,white,nonhispanic,Boston,MA,02115
e2b0fb3f-6bf6-46ce-961f-21eee18b1139,1975-07-30,F,white,nonhispanic,Medford,MA,02155
c76f82a9-3333-4fc9-a79e-19ca6c1390b1,1978-10-01,M,white,nonhispanic,Boston,MA,02115
0bc9ce59-bc90-4489-b71f-ce373a4b6405,1972-03-03,M,white,nonhispanic,Medford,MA,02155
e95f030a-f7d2-45d4-b2a7-bc45d33e20c1,1963-03-04,M,black,nonhispanic,Somerville,MA,02143
1293b6af-d9c6-4f21-9aa6-2f6d7e5ee1a1,1944-11-01,M,asian,hispanic,Malden,MA,02148
2dca8341-8576-4722-86f9-3c1c32051795,1979-11-16,M,white,hispanic,Waltham,MA,02451
1198644d-ffe5-4a1d-ba1b-a5c9dd050b3c,1949-12-05,M,white,nonhispanic,Medford,MA,02155
49b8eee3-5a20-4994-88c2-d53a021d9333,1967-05-20,F,white,nonhispanic,Boston,MA,02115
129fdc91-ed90-4d22-bb24-ca143378a2b9,1999-05-04,F,white,hispanic,Waltham,MA,02451
f3b0222c-a744-4c40-a02c-a7e82a178403,2001-10-30,M,other,nonhispanic,Boston,MA,02115
7e8ec80b-6ff8-41a7-8fd2-33654a8025c9,1961-01-26,F,black,nonhispanic,Boston,MA,02118
cc6011b7-13af-4a58-822b-dabc43ac4600,1959-11-05,F,white,nonhispanic,Newton,MA,02458
3e9a0aa8-c2c9-4bf6-950a-8e622e1e9f97,1973-11-14,F,white,nonhispanic,Boston,MA,02118
ed4f1fee-03c7-4376-921a-4c545367a3ef,1952-04-25,F,white,nonhispanic,Waltham,MA,02451
b94e0c83-7e3a-4e1c-95fa-0c5f7745aac9,1986-05-12,F,black,nonhispanic,Newton,MA,02458
a62aa2e6-0acb-4c7a-9d1c-020b7e2301f8,1951-07-13,F,white,nonhispanic,Brookline,MA,02445
04ef0acd-9ff1-4a6d-95ff-1323f2a4bbe0,1938-06-17,M,black,nonhispanic,Waltham,MA,02451
89a165d3-97ad-4031-b851-77b5810a2337,1977-08-22,F,other,hispanic,Waltham,MA,02451
0754c208-6b1e-4d72-ae47-60d30337a5c2,1967-08-17,F,white,nonhispanic,Waltham,MA,02451
05309a5b-6f33-41a0-9f19-bdd35885c792,2020-06-15,M,white,nonhispanic,Boston,MA,02118
63b86bb5-060e-4259-8838-1c8b0aa28ec3,1995-08-25,M,asian,nonhispanic,Newton,MA,02458
bbea9e10-da6e-49cc-838a-dba7ed0cb0d4,1994-04-30,F,asian,hispanic,Malden,MA,02148
2c8bef75-29b6-4c3d-b506-4eb9abe4399b,1977-05-19,F,black,hispanic,Boston,MA,02115
94dd782a-2d44-4c64-b4a0-b68df2b2142a,1978-06-10,F,white,nonhispanic,Somerville,MA,02143
e935fda5-85e0-4181-bbe4-98f6f0e8ef82,1971-10-20,F,asian,nonhispanic,Medford,MA,02155
02d0b2be-8af2-468a-8f13-7acd9ad5bf88,1965-12-30,M,asian,nonhispanic,Medford,MA,02155
1696eeca-dfad-4385-abd6-9b130865de30,2014-10-17,F,white,nonhispanic,Waltham,MA,02451
cb9137b9-8046-4f6f-9431-120415ce7171,2004-09-03,M,black,nonhispanic,Boston,MA,02118
28cb3fae-ba3a-49f0-a64a-eb623e8dae5e,2004-05-06,M,white,hispanic,Somerville,MA,02143
cc2a8627-0ad4-441d-bceb-c0a43ba51a64,2011-10-14,F,white,nonhispanic,Somerville,MA,02143
f77c8ced-f2ff-4d5f-80d6-e11ca8c30416,1973-11-13,M,black,nonhispanic,Newton,MA,02458
59044ffa-71c6-40e1-85d7-0dd9a7866396,1949-03-18,F,other,nonhispanic,Malden,MA,02148
463c8699-0ab7-4617-9c8e-4f0d4e2c82c9,2016-04-17,M,white,nonhispanic,Brookline,MA,02445
da9f9bc8-4fd4-483c-8160-7844cef64e2b,1980-04-04,M,black,nonhispanic,Brookline,MA,02445
d7896e8f-2ffe-40c6-8002-2fffcde6bb4e,1985-12-28,F,black,nonhispanic,Waltham,MA,02451
1728014c-7bb8-4f08-9e70-de5d442ca941,1995-10-17,F,white,hispanic,Boston,MA,02118
a2b6dfd8-2110-4918-b661-a019f4dbce64,1975-10-25,F,white,nonhispanic,Quincy,MA,02169
07f17df8-73a1-4ca9-996e-c4daf2973d23,1971-01-14,M,white,nonhispanic,Medford,MA,02155
084fa830-fc30-4235-9419-0f28dce114c4,1970-01-06,M,white,nonhispanic,Boston,MA,02115
fbd8f43d-dbfe-46b0-a6ba-957efa6b2786,1952-08-29,M,white,nonhispanic,Malden,MA,02148
9c23408f-2fe6-40c1-a564-ad9499997c9c,1947-12-22,M,other,nonhispanic,Brookline,MA,02445
c1f86cc3-958e-48b4-b2ed-736f809c330b,1986-08-20,F,black,nonhispanic,Somerville,MA,02143
2cb2e24e-64f5-446b-8c98-99013b584ec4,1956-03-15,M,asian,nonhispanic,Malden,MA,02148
55818978-e296-4eb1-89c3-400d92e95f49,1968-01-28,F,asian,nonhispanic,Boston,MA,02115
f4ff3ab2-4ddf-4c8e-8941-6aff413ec645,1956-11-26,F,black,hispanic,Boston,MA,02115
14100b3d-77a6-4556-9632-70b85a6b50d5,1951-07-08,F,black,nonhispanic,Boston,MA,02118
2785b9fc-6248-42e4-9d5b-034d6d20486b,2010-10-02,M,white,nonhispanic,Cambridge,MA,02138
fa12e790-1d4e-46fe-8aed-2850f0b362b2,2021-12-19,M,white,nonhispanic,Medford,MA,02155
66c19bdc-64e7-4d21-8f1b-129b014883e5,1950-08-08,M,white,nonhispanic,Waltham,MA,02451
ae68f429-4546-4f00-90e8-968f7f67f74e,1998-04-24,F,white,hispanic,Somerville,MA,02143
9695506e-9465-42ba-9dd9-9ecd9cdf7ee4,1977-02-05,F,white,nonhispanic,Quincy,MA,02169
edf40602-0370-4860-8fb4-02e1c5196fa0,1959-05-18,M,other,nonhispanic,Malden,MA,02148
2a67593c-194f-4155-90fc-6b96cd150c6a,2017-03-14,M,black,nonhispanic,Quincy,MA,02169
81e6cab0-1993-47a8-ba1f-92e1d2c968af,2017-03-22,M,white,nonhispanic,Cambridge,MA,02138
0332c220-76f1-43d7-9b1a-a0bd114e69f8,1976-01-03,F,asian,nonhispanic,Newton,MA,02458
4e394b3d-b7b9-4304-a996-2f4e48393b00,1996-08-08,M,other,nonhispanic,Medford,MA,02155
6c29027e-c0c1-44d2-9207-8add86f13b38,1981-03-01,F,asian,nonhispanic,Waltham,MA,02451
e268fad9-68da-4fa1-acaf-05542d55e539,2017-12-27,M,white,nonhispanic,Cambridge,MA,02138
20455374-b8db-49fa-9cdf-27639f126bb6,1959-08-27,F,white,nonhispanic,Brookline,MA,02445
c6beeb64-33fd-45d2-9893-14e546fd7e89,2000-05-27,M,white,nonhispanic,Brookline,MA,02445
494cbd69-30dc-42e7-8f57-e37b389ca5bd,1985-05-06,M,white,nonhispanic,Waltham,MA,02451
44c785c2-ec2e-491e-acab-9e6d1f08bce4,1992-09-02,M,white,hispanic,Boston,MA,02118
dcbbc4ff-7878-4fa1-bcd4-c6870beddae4,1967-05-10,F,white,nonhispanic,Newton,MA,02458
fbfa6a36-cd41-4779-ac30-f93e927ea010,1983-08-23,M,white,nonhispanic,Boston,MA,02115
eec3c293-e6f3-4437-888d-d3ccc5ec82d9,2020-07-08,F,white,hispanic,Waltham,MA,02451
f7a8893f-243c-4add-a5d9-40e70234c37b,1994-10-13,M,white,hispanic,Medford,MA,02155
4ac10c86-0cca-4c8d-8b09-90135aaec7b2,1999-02-18,F,asian,nonhispanic,Quincy,MA,02169
e5e2bdc6-0be5-4e1c-9301-e377da17bb47,1946-09-17,M,black,nonhispanic,Cambridge,MA,02138
1a60a0af-5473-4350-9fad-fcfbbe8f0e52,2019-11-20,M,black,nonhispanic,Malden,MA,02148
01efe0f4-db4f-4e76-b94c-26f1b39f9f82,2003-09-30,M,white,nonhispanic,Cambridge,MA,02138
98df32c5-488f-4f43-99da-036e861b192a,1984-12-19,F,white,nonhispanic,Quincy,MA,02169
d4b51c65-6216-4953-a0af-ced387fd4862,1948-02-16,M,asian,nonhispanic,Waltham,MA,02451
54fec846-bce3-488d-a44b-5f07d0a1caa4,1944-12-30,M,white,nonhispanic,Somerville,MA,02143
7a11968c-3668-40b6-9efb-c5e286ec732d,1998-04-18,F,asian,nonhispanic,Boston,MA,02118
7237061d-694c-42e1-a3cc-d81cb9151b48,1991-04-14,M,white,nonhispanic,Malden,MA,02148
457bc22a-32e2-4cb4-b20c-337e5270bb42,2009-03-25,M,white,nonhispanic,Medford,MA,02155
da24e66c-0dc6-4ccc-9f63-8a1ae003cc6b,1996-03-02,F,white,hispanic,Quincy,MA,02169
89342c97-c35d-44d7-96a3-83af6c55705f,1996-06-07,F,white,nonhispanic,Boston,MA,02115
669ec7c4-9a9c-4a31-94d8-c89d8fcfab07,1974-11-18,M,white,nonhispanic,Waltham,MA,02451
36522eb1-ffae-41ff-9920-ff4f2a6cf5f6,2001-12-26,M,other,nonhispanic,Boston,MA,02118
efac6ac0-c414-4e81-a610-b451f2655052,1959-12-15,F,black,hispanic,Cambridge,MA,02138
dae40b68-b7f3-4d14-a811-d574802f671f,2012-10-25,M,white,nonhispanic,Medford,MA,02155
36e143fc-fff5-4efa-84c7-010987215422,1983-01-07,F,white,nonhispanic,Somerville,MA,02143
ec74217d-cca3-4eaa-8acf-4b526b3c1ae1,1960-09-16,M,white,nonhispanic,Quincy,MA,02169
c7eb9757-0590-42be-b4cd-814722f4b27b,1992-09-03,M,black,nonhispanic,Boston,MA,02115
5ac43997-bd79-4d09-b21b-313815fe17a7,1975-03-08,F,white,nonhispanic,Brookline,MA,02445
80748923-1c6a-453f-92e3-2ceeb450a1dd,1980-03-15,M,white,nonhispanic,Brookline,MA,02445
b5928b5c-3bd7-4e6c-aef2-b7802f4ef888,1995-10-13,M,white,nonhispanic,Boston,MA,02115
054b687a-127a-4a08-9fbd-afdf2f5fda85,2003-11-03,F,white,nonhispanic,Somerville,MA,02143
